file,reference,speed,command_df,step_width,period,gait,energy_topology_gate_pass,energy_no_termination_gate_pass,energy_periodic_orbit_gate_pass,cycle_rms,energy_reference_valid,positive_mechanical_cot,absolute_mechanical_cot,positive_work_j,absolute_work_j,forward_displacement_m,achieved_df,df_max_abs_error,achieved_stance_width,stance_width_abs_error,stance_foot_lateral_mae,all_phase_foot_lateral_mae,forward_speed,speed_abs_error,lateral_rmse,max_lateral_deviation,heading_rmse_rad,max_abs_heading_rad,world_lateral_velocity_rmse,body_yaw_rate_rmse,stance_recall_min,swing_recall_min,nominal_failure,command_gate_pass,df_FL,stance_samples_FL,stance_y_FL,stance_recall_FL,swing_recall_FL,df_FR,stance_samples_FR,stance_y_FR,stance_recall_FR,swing_recall_FR,df_RL,stance_samples_RL,stance_y_RL,stance_recall_RL,swing_recall_RL,df_RR,stance_samples_RR,stance_y_RR,stance_recall_RR,swing_recall_RR
energy_s0.100_d0.500_v0.250_trot_p0.48.npz,0,0.25,0.5,0.1,0.48,trot,0,1,0,0.09092887106178767,0,0.1883524552889817,0.4026329729128548,14.276810795485458,30.02043839170658,0.503753662109375,0.5052083333333334,0.02083333333333337,0.09634067262057215,0.003659327379427854,0.004675578968444219,0.0058980951046881565,0.26281214132905006,0.012812141329050064,0.012628389605274577,0.016082763671875,0.04793136657360958,0.05018255487084389,0.005421547236109162,0.030596943735864548,1.0,0.9583333333333334,0,1,0.5208333333333334,50,0.048813102617859844,1.0,0.9583333333333334,0.5,48,-0.05464727416013678,1.0,1.0,0.5,48,0.04332910866166154,1.0,1.0,0.5,48,-0.045891859801486135,1.0,1.0
energy_s0.100_d0.500_v0.250_trot_p0.48.npz,1,0.25,0.5,0.1,0.48,trot,0,1,0,0.032960945558379966,0,0.18232810672389976,0.4022998568365852,13.607923393465292,29.97287977368307,0.5053253173828125,0.5104166666666666,0.04166666666666663,0.096775894650282,0.0032241053497180094,0.004774983783658499,0.005896176170790568,0.2633249272281925,0.013324927228192507,0.010686077503743292,0.0140380859375,0.047709782383947796,0.050214845687150955,0.005616299064499391,0.027263958443108645,1.0,0.9166666666666666,0,1,0.5416666666666666,52,0.04891408012750057,1.0,0.9166666666666666,0.5,48,-0.05518929047199587,1.0,1.0,0.5,48,0.04371950216591358,1.0,1.0,0.5,48,-0.045728916535153985,1.0,1.0
energy_s0.100_d0.500_v0.250_trot_p0.48.npz,2,0.25,0.5,0.1,0.48,trot,0,1,0,0.05227138363582097,0,0.19060308611038115,0.4039263199849025,14.201576018141022,30.02857143960849,0.5044097900390625,0.5026041666666666,0.01041666666666663,0.09660278076502388,0.0033972192349761288,0.004654192932735698,0.005898253848621,0.2632009483252962,0.013200948325296225,0.010224933175473865,0.013427734375,0.048300830511661924,0.050551820546388626,0.005278003913646453,0.028956380266073715,1.0,0.9791666666666666,0,1,0.5104166666666666,49,0.04921191360573379,1.0,0.9791666666666666,0.5,48,-0.05474228233409425,1.0,1.0,0.5,48,0.04335658508352935,1.0,1.0,0.5,48,-0.045894780506690346,1.0,1.0
energy_s0.100_d0.500_v0.250_trot_p0.48.npz,3,0.25,0.5,0.1,0.48,trot,0,1,0,0.09057461889401554,0,0.19014800761605344,0.4054226992485558,14.289355158942701,30.155028306700842,0.503173828125,0.5026041666666666,0.01041666666666663,0.09641495322552035,0.0035850467744796555,0.0046861760974798335,0.005925037046351159,0.2623425678660472,0.012342567866047205,0.009287531726666928,0.0117645263671875,0.047777983319010765,0.0502888560295105,0.0055449330196120136,0.030517236856591957,1.0,0.9791666666666666,0,1,0.5104166666666666,49,0.049019740172186674,1.0,0.9791666666666666,0.5,48,-0.05469081038609147,1.0,1.0,0.5,48,0.04333456481496493,1.0,1.0,0.5,48,-0.045784791077797614,1.0,1.0
energy_s0.100_d0.500_v0.250_trot_p0.48.npz,4,0.25,0.5,0.1,0.48,trot,0,1,0,0.07377426171785767,0,0.18662581213904197,0.402341323008568,14.032336665059942,29.997790122425258,0.5044613182544708,0.5026041666666666,0.01041666666666663,0.09641229550490397,0.0035877044950960307,0.004653567375795802,0.005897163801516094,0.26307741831988096,0.013077418319880962,0.012101159133459794,0.0147857666015625,0.04717763968705313,0.04953787848353386,0.005000837776047956,0.030656950662773658,1.0,0.9791666666666666,0,1,0.5104166666666666,49,0.04890763105786577,1.0,0.9791666666666666,0.5,48,-0.05464145828348895,1.0,1.0,0.5,48,0.04316388117149472,1.0,1.0,0.5,48,-0.046111620496958494,1.0,1.0
energy_s0.100_d0.500_v0.250_trot_p0.48.npz,5,0.25,0.5,0.1,0.48,trot,0,1,0,0.07695486954735124,0,0.18727660088611897,0.4005336590820657,13.862054828486544,29.821106381646388,0.5038375854492188,0.5026041666666666,0.01041666666666663,0.09639058409965134,0.0036094159003486614,0.004654475715451678,0.005897365233007196,0.2629148258517186,0.012914825851718603,0.01126791093723339,0.01355743408203125,0.047678858565273124,0.050046324729919434,0.004849243222639592,0.030349134224697986,1.0,0.9791666666666666,0,1,0.5104166666666666,49,0.04880849606528574,1.0,0.9791666666666666,0.5,48,-0.0546822528510044,1.0,1.0,0.5,48,0.04326060080590347,1.0,1.0,0.5,48,-0.046029818477109075,1.0,1.0
energy_s0.100_d0.500_v0.250_trot_p0.48.npz,6,0.25,0.5,0.1,0.48,trot,0,1,0,0.08507849484891267,0,0.18855998662134893,0.40572575313151893,13.994310880757615,30.13072700048391,0.5040435791015625,0.5026041666666666,0.01041666666666663,0.09649199655051438,0.003508003449485625,0.004721117311087596,0.005929807988771546,0.2632233543942372,0.013223354394237219,0.015947700792707926,0.01831817626953125,0.04745657521064431,0.05025237426161766,0.005030755537711293,0.030444657942365252,1.0,0.9791666666666666,0,1,0.5104166666666666,49,0.048759132395593485,1.0,0.9791666666666666,0.5,48,-0.05494555070375403,1.0,1.0,0.5,48,0.04328234485971431,1.0,1.0,0.5,48,-0.04599696514196694,1.0,1.0
energy_s0.100_d0.500_v0.250_trot_p0.48.npz,7,0.25,0.5,0.1,0.48,trot,0,1,0,0.06803897033275612,0,0.18319365918257788,0.3989385145685487,13.64278371070661,29.69129763324708,0.5046844482421875,0.5078125,0.03125,0.09660359795488345,0.003396402045116556,0.0047148957882788695,0.005887262715259567,0.26299621630460024,0.012996216304600239,0.012271937955073538,0.015386581420898438,0.04793896080518693,0.050437863916158676,0.005420471343944057,0.028742053428921492,1.0,0.9375,0,1,0.53125,51,0.04883815925203118,1.0,0.9375,0.5,48,-0.05494352321450909,1.0,1.0,0.5,48,0.04355325914608935,1.0,1.0,0.5,48,-0.04587225429713726,1.0,1.0
energy_s0.100_d0.625_v0.250_trot_p0.48.npz,0,0.25,0.625,0.1,0.48,trot,1,1,1,0.008828984332055076,1,0.23255857223287435,0.47948739361024284,17.285412121804985,35.63446944359324,0.50494384765625,0.625,0.0,0.10083276921262344,0.0008327692126234298,0.0038871312700212,0.00467140854258711,0.2634150832891464,0.013415083289146423,0.006893252604485184,0.007720947265625,0.04154847851425019,0.042989663779735565,0.005651965569395475,0.01876387553797774,1.0,1.0,0,1,0.625,60,0.05237469524145126,1.0,1.0,0.625,60,-0.055824933635691805,1.0,1.0,0.625,60,0.04473296832293272,1.0,1.0,0.625,60,-0.04873294122517109,1.0,1.0
energy_s0.100_d0.625_v0.250_trot_p0.48.npz,1,0.25,0.625,0.1,0.48,trot,1,1,1,0.006052931970797499,1,0.23439749224833234,0.4866499380301863,17.440859686955783,36.08202383882144,0.5051727294921875,0.625,0.0,0.10087386900559067,0.0008738690055906662,0.0038974917152275646,0.00468743837554939,0.2632602794716756,0.013260279471675573,0.011245630165517042,0.0131683349609375,0.042566574240848025,0.04398958012461662,0.00589180540820277,0.01890940237722646,1.0,1.0,0,1,0.625,60,0.052562327062090235,1.0,1.0,0.625,60,-0.05570361831535896,1.0,1.0,0.625,60,0.0445942943294843,1.0,1.0,0.625,60,-0.04888749830424786,1.0,1.0
energy_s0.100_d0.625_v0.250_trot_p0.48.npz,2,0.25,0.625,0.1,0.48,trot,1,1,1,0.006978130824455386,1,0.23333135617773643,0.48162965139607383,17.370139981628817,35.78830751471253,0.5051727294921875,0.625,0.0,0.10085302085305253,0.0008530208530525274,0.003919362217808763,0.004704073614751298,0.2634330078338583,0.013433007833858313,0.010163118263964013,0.01177978515625,0.04214986571640988,0.043451473116874695,0.005829085453909533,0.018575197636927058,1.0,1.0,0,1,0.625,60,0.05255269668996334,1.0,1.0,0.625,60,-0.05572635885328055,1.0,1.0,0.625,60,0.044560679234564304,1.0,1.0,0.625,60,-0.04886630692829688,1.0,1.0
energy_s0.100_d0.625_v0.250_trot_p0.48.npz,3,0.25,0.625,0.1,0.48,trot,1,1,1,0.005990967176136472,1,0.23331416863088578,0.48072312306821474,17.381721116761263,35.77656952901549,0.5053863525390625,0.625,0.0,0.10079686905567845,0.0007968690556784397,0.003881451136743029,0.004676420631585642,0.26357487961649895,0.013574879616498947,0.01483611350742824,0.0164337158203125,0.04241707574351467,0.043610356748104095,0.0057852729074701695,0.01871735196354802,1.0,1.0,0,1,0.625,60,0.05241774475822846,1.0,1.0,0.625,60,-0.05572363572816054,1.0,1.0,0.625,60,0.04461917368074258,1.0,1.0,0.625,60,-0.04883318394422531,1.0,1.0
energy_s0.100_d0.625_v0.250_trot_p0.48.npz,4,0.25,0.625,0.1,0.48,trot,1,1,1,0.006007644180246489,1,0.23271119819921166,0.4838855260958934,17.327416741873986,36.107142932519395,0.5055357813835144,0.625,0.0,0.10090135640154282,0.0009013564015428188,0.003908601440489292,0.0046883008636844645,0.26363638571153086,0.013636385711530863,0.01459413860717053,0.0164642333984375,0.042465581424029,0.04375404119491577,0.005782457911533411,0.018701560114499204,1.0,1.0,0,1,0.625,60,0.05254811756312847,1.0,1.0,0.625,60,-0.05574262843777736,1.0,1.0,0.625,60,0.04456162912150224,1.0,1.0,0.625,60,-0.04895033768067757,1.0,1.0
energy_s0.100_d0.625_v0.250_trot_p0.48.npz,5,0.25,0.625,0.1,0.48,trot,1,1,1,0.0032811562399474303,1,0.23347769966063936,0.4812824984406034,17.368666015268662,35.76976052493143,0.5054550170898438,0.625,0.0,0.10085173559685548,0.0008517355968554741,0.0038885214055577916,0.0046745940422018364,0.2635905609155695,0.013590560915569483,0.012653033437803067,0.01447296142578125,0.04205039611058747,0.04342411458492279,0.005739004568000641,0.01886544423678818,1.0,1.0,0,1,0.625,60,0.052408585076530775,1.0,1.0,0.625,60,-0.055811078287661076,1.0,1.0,0.625,60,0.04471258868773778,1.0,1.0,0.625,60,-0.04877121914178133,1.0,1.0
energy_s0.100_d0.625_v0.250_trot_p0.48.npz,6,0.25,0.625,0.1,0.48,trot,1,1,1,0.006586119230302562,1,0.23337295557502913,0.48367311803825813,17.381235724648533,35.93048387216941,0.5049285888671875,0.625,0.0,0.10087545507897933,0.0008754550789793203,0.003906106712917487,0.004692357514674464,0.26334298339982826,0.013342983399828257,0.008139092429458452,0.00988006591796875,0.042011541964863036,0.04335066303610802,0.005839484218027332,0.01864205426457011,1.0,1.0,0,1,0.625,60,0.05253278035670519,1.0,1.0,0.625,60,-0.05574167091399431,1.0,1.0,0.625,60,0.0445848831286033,1.0,1.0,0.625,60,-0.04889157575865587,1.0,1.0
energy_s0.100_d0.625_v0.250_trot_p0.48.npz,7,0.25,0.625,0.1,0.48,trot,1,1,1,0.005354009819906604,1,0.2339296898876511,0.48841090250650143,17.399090874212973,36.037647585664956,0.5045013427734375,0.625,0.0,0.10087821887185175,0.0008782188718517436,0.0038994001410901547,0.004687965983369697,0.2633662798131506,0.013366279813150583,0.009539839202277663,0.01122283935546875,0.042073882137936953,0.04344096779823303,0.00580183440617047,0.018620834995624055,1.0,1.0,0,1,0.625,60,0.052503115373353164,1.0,1.0,0.625,60,-0.055760426943500835,1.0,1.0,0.625,60,0.044615331043799715,1.0,1.0,0.625,60,-0.048877564383049805,1.0,1.0
energy_s0.100_d0.750_v0.250_trot_p0.48.npz,0,0.25,0.75,0.1,0.48,trot,1,1,1,0.003477252061272795,1,0.32163359437676986,0.6491567907214109,23.690100983355457,47.790390179620445,0.49993896484375,0.75,0.0,0.10503930011246768,0.005039300112467671,0.0047429276345711605,0.005218690709443762,0.26041983036945265,0.010419830369452654,0.001034301308794966,0.001922607421875,0.02545424070597221,0.02871083654463291,0.005978020399246398,0.025847975997809722,1.0,1.0,0,1,0.75,72,0.05531982172073589,1.0,1.0,0.75,72,-0.058926887085868254,1.0,1.0,0.75,72,0.04851811296410031,1.0,1.0,0.75,72,-0.04731377845423089,1.0,1.0
energy_s0.100_d0.750_v0.250_trot_p0.48.npz,1,0.25,0.75,0.1,0.48,trot,1,1,1,0.003405319121934635,1,0.32168348256919455,0.6510027344081148,23.635277962308052,47.86311394950454,0.4990081787109375,0.75,0.0,0.10501038950557509,0.005010389505575086,0.004717302125775151,0.005203819961752742,0.26037337941428024,0.010373379414280237,0.0016127389333259524,0.0026702880859375,0.026013988231063705,0.029189331457018852,0.006010035863039786,0.02602045968227155,1.0,1.0,0,1,0.75,72,0.05533710618813833,1.0,1.0,0.75,72,-0.05884693185281423,1.0,1.0,0.75,72,0.048498355214380555,1.0,1.0,0.75,72,-0.04733838575581709,1.0,1.0
energy_s0.100_d0.750_v0.250_trot_p0.48.npz,2,0.25,0.75,0.1,0.48,trot,1,1,1,0.003460085094814322,1,0.3221763424307292,0.6529304738949537,23.668382087665005,47.948516905277216,0.498779296875,0.75,0.0,0.10508934346338113,0.005089343463381121,0.004730013074974219,0.005220780907742057,0.2603231566026807,0.010323156602680683,0.0014742715095354985,0.0026092529296875,0.026056577444363346,0.02930416911840439,0.0060150672762130306,0.02597485999672823,1.0,1.0,0,1,0.75,72,0.05542085604328248,1.0,1.0,0.75,72,-0.05886771478172806,1.0,1.0,0.75,72,0.0484732413250539,1.0,1.0,0.75,72,-0.04741687477669782,1.0,1.0
energy_s0.100_d0.750_v0.250_trot_p0.48.npz,3,0.25,0.75,0.1,0.48,trot,1,1,1,0.003802347537694514,1,0.32224732654638516,0.6512761017758116,23.689286654138815,47.95327333498751,0.49959564208984375,0.75,0.0,0.10503583300548294,0.005035833005482937,0.004780958554086586,0.005258427653461694,0.26057679671794176,0.010576796717941761,0.0023357564034707065,0.0035247802734375,0.02586318370481644,0.02903558872640133,0.006007625629020856,0.026171620254862485,1.0,1.0,0,1,0.75,72,0.05542535391739673,1.0,1.0,0.75,72,-0.05893341022440129,1.0,1.0,0.75,72,0.048384423885080546,1.0,1.0,0.75,72,-0.04732847798408733,1.0,1.0
energy_s0.100_d0.750_v0.250_trot_p0.48.npz,4,0.25,0.75,0.1,0.48,trot,1,1,1,0.003617829212900321,1,0.32119240919558006,0.6501340049721167,23.658617033856572,47.92383410903538,0.5001945197582245,0.75,0.0,0.10498114825329848,0.00498114825329847,0.0047514010531206925,0.005230130513276283,0.2608138034120202,0.010813803412020206,0.001288882282692994,0.00225830078125,0.02603021193012979,0.02916012331843376,0.0059939759476905765,0.025794722894336552,1.0,1.0,0,1,0.75,72,0.055426633968535394,1.0,1.0,0.75,72,-0.05882666761883431,1.0,1.0,0.75,72,0.048355646741886936,1.0,1.0,0.75,72,-0.0473533481773403,1.0,1.0
energy_s0.100_d0.750_v0.250_trot_p0.48.npz,5,0.25,0.75,0.1,0.48,trot,1,1,1,0.00380401235096771,1,0.32312786791623077,0.6521420475986099,23.784654222346948,48.0042286140034,0.49970245361328125,0.75,0.0,0.10509576751954025,0.005095767519540245,0.004793753930264049,0.005270799798502896,0.26051975258936483,0.010519752589364828,0.0028098941981916587,0.00396728515625,0.02567561076474867,0.028872529044747353,0.00597680446446915,0.026219001173734432,1.0,1.0,0,1,0.75,72,0.055436147583855525,1.0,1.0,0.75,72,-0.05899466175792946,1.0,1.0,0.75,72,0.04844730756142073,1.0,1.0,0.75,72,-0.0473134181358748,1.0,1.0
energy_s0.100_d0.750_v0.250_trot_p0.48.npz,6,0.25,0.75,0.1,0.48,trot,1,1,1,0.00392696199729565,1,0.3225178630478188,0.6528461324318164,23.752697197387796,48.02846327491457,0.499481201171875,0.75,0.0,0.10507902280530995,0.005079022805309946,0.004739359776592917,0.005225919286021962,0.26040447254975635,0.01040447254975635,0.0017697113758164474,0.00296783447265625,0.02614184815599917,0.02933613397181034,0.006029000873949635,0.025968742852715405,1.0,1.0,0,1,0.75,72,0.05542836089928945,1.0,1.0,0.75,72,-0.05887796336577998,1.0,1.0,0.75,72,0.0484730645807253,1.0,1.0,0.75,72,-0.04737865676482519,1.0,1.0
energy_s0.100_d0.750_v0.250_trot_p0.48.npz,7,0.25,0.75,0.1,0.48,trot,1,1,1,0.0030155970533041355,1,0.32250525749815095,0.6522617407972078,23.69866621876539,47.88909328147635,0.4987640380859375,0.75,0.0,0.10508630730004775,0.005086307300047749,0.004756279967518316,0.005238605005433782,0.2602712186053395,0.010271218605339527,0.0015511068234551754,0.002651214599609375,0.026021351775183086,0.02915540151298046,0.0060374885247209305,0.026139586654787293,1.0,1.0,0,1,0.75,72,0.05540268516374959,1.0,1.0,0.75,72,-0.05892904925470551,1.0,1.0,0.75,72,0.04852809953606791,1.0,1.0,0.75,72,-0.047312780645572476,1.0,1.0
energy_s0.200_d0.500_v0.250_trot_p0.48.npz,0,0.25,0.5,0.2,0.48,trot,1,1,1,0.008816309761161805,1,0.20443873065398754,0.4250161200763089,14.784064623086579,30.71175723244098,0.4892578125,0.5,0.0,0.1836702422394107,0.016329757760589314,0.008166800043545669,0.006028047918031615,0.25560372493540245,0.005603724935402454,0.016989095359020136,0.01971435546875,0.024055335756344807,0.025576958432793617,0.005303485301836535,0.017803458307316722,1.0,1.0,0,1,0.5,48,0.0886238906532526,1.0,1.0,0.5,48,-0.09903245217477281,1.0,1.0,0.5,48,0.09083805807555716,1.0,1.0,0.5,48,-0.08884608357523878,1.0,1.0
energy_s0.200_d0.500_v0.250_trot_p0.48.npz,1,0.25,0.5,0.2,0.48,trot,1,1,1,0.005102285171697641,1,0.20263703442685774,0.41821033775248884,14.678093425254481,30.22403904820797,0.49102783203125,0.5,0.0,0.1835718393170585,0.016428160682941506,0.008214080341470743,0.006032406546485924,0.2563575048310061,0.006357504831006111,0.015812930867434117,0.0186767578125,0.02393034055818158,0.025439852848649025,0.005427273650246001,0.018207287718728454,1.0,1.0,0,1,0.5,48,0.08876515086740255,1.0,1.0,0.5,48,-0.09882078304265936,1.0,1.0,0.5,48,0.0907893058223029,1.0,1.0,0.5,48,-0.08876843890175223,1.0,1.0
energy_s0.200_d0.500_v0.250_trot_p0.48.npz,2,0.25,0.5,0.2,0.48,trot,1,1,1,0.005074965125751155,1,0.20291036550402333,0.41560412150097237,14.723365214944259,30.06811607619379,0.491302490234375,0.5,0.0,0.18363275557445985,0.01636724442554016,0.00818436699143301,0.006024730872983737,0.2560428390279412,0.006042839027941227,0.018752535274109108,0.02142333984375,0.023786826149921888,0.02525697648525238,0.005477587847924402,0.018346341702819877,1.0,1.0,0,1,0.5,48,0.08872941353668769,1.0,1.0,0.5,48,-0.0989398459593455,1.0,1.0,0.5,48,0.09081006764123838,1.0,1.0,0.5,48,-0.0887861840116481,1.0,1.0
energy_s0.200_d0.500_v0.250_trot_p0.48.npz,3,0.25,0.5,0.2,0.48,trot,1,1,1,0.004992014094659657,1,0.20359436842881726,0.41742886725689055,14.717168426397102,30.141499645898005,0.48998260498046875,0.5,0.0,0.18352428668489057,0.01647571331510944,0.008237951512758936,0.006055980889747545,0.2554666150050859,0.005466615005085884,0.018413460062670906,0.0212249755859375,0.023591320762961568,0.025071529671549797,0.005392146042883639,0.01817128847079052,1.0,1.0,0,1,0.5,48,0.0885545089840889,1.0,1.0,0.5,48,-0.09897005821888645,1.0,1.0,0.5,48,0.09075875378524263,1.0,1.0,0.5,48,-0.08876525238156319,1.0,1.0
energy_s0.200_d0.500_v0.250_trot_p0.48.npz,4,0.25,0.5,0.2,0.48,trot,1,1,1,0.003841925445080469,1,0.20179159275813502,0.4209929063475435,14.660665677024598,30.425595512840513,0.4923546314239502,0.5,0.0,0.18344089047362408,0.01655910952637593,0.008279554763187971,0.006073352329743408,0.2567745375757416,0.0067745375757415904,0.01951012145326584,0.0227508544921875,0.023069051224252794,0.024431772530078888,0.0058089366270647445,0.01798454329411794,1.0,1.0,0,1,0.5,48,0.0886095801057915,1.0,1.0,0.5,48,-0.098956026447316,1.0,1.0,0.5,48,0.09062461229041219,1.0,1.0,0.5,48,-0.08869156210372846,1.0,1.0
energy_s0.200_d0.500_v0.250_trot_p0.48.npz,5,0.25,0.5,0.2,0.48,trot,1,1,1,0.007708731002966335,1,0.20764961685509858,0.419920257312759,15.049270685815753,30.458931743504994,0.4909515380859375,0.5,0.0,0.18360330707704028,0.016396692922959727,0.008201794652268297,0.006046567069521798,0.2560319728218019,0.006031972821801901,0.01844035620624584,0.021759033203125,0.023646935773242235,0.025050083175301552,0.005732753512089822,0.018339079757800476,1.0,1.0,0,1,0.5,48,0.08857420754308502,1.0,1.0,0.5,48,-0.09905802644789219,1.0,1.0,0.5,48,0.0907697370275855,1.0,1.0,0.5,48,-0.08880464313551784,1.0,1.0
energy_s0.200_d0.500_v0.250_trot_p0.48.npz,6,0.25,0.5,0.2,0.48,trot,1,1,1,0.006218611943379398,1,0.20170944123443707,0.4181736610770032,14.678300042759378,30.252613695790792,0.4915771484375,0.5,0.0,0.18334606755524874,0.016653932444751274,0.008326966222375637,0.0061020888116521165,0.2566064114992817,0.006606411499281706,0.019254578279451623,0.022247314453125,0.023788977116702876,0.02511984296143055,0.005599780971325216,0.01806479756926619,1.0,1.0,0,1,0.5,48,0.08860020867238443,1.0,1.0,0.5,48,-0.09882753202691674,1.0,1.0,0.5,48,0.09069124593709905,1.0,1.0,0.5,48,-0.08857314847409725,1.0,1.0
energy_s0.200_d0.500_v0.250_trot_p0.48.npz,7,0.25,0.5,0.2,0.48,trot,1,1,1,0.005621851901320696,1,0.20410389517694386,0.41854179339750064,14.733305642029759,30.268415563352917,0.4906768798828125,0.5,0.0,0.18358742414663237,0.01641257585336764,0.008207632709915445,0.006038332082486404,0.25606551254168153,0.006065512541681528,0.019454657092243876,0.022489547729492188,0.023970462418063918,0.02553282491862774,0.005449927440162704,0.01822289034155562,1.0,1.0,0,1,0.5,48,0.08868097265561421,1.0,1.0,0.5,48,-0.09896788575376074,1.0,1.0,0.5,48,0.09085811798771222,1.0,1.0,0.5,48,-0.08866787189617753,1.0,1.0
energy_s0.200_d0.625_v0.250_trot_p0.48.npz,0,0.25,0.625,0.2,0.48,trot,1,1,1,0.005306198252976361,1,0.2438831501939155,0.4781081900079681,17.801277624705094,34.86915702381978,0.4954833984375,0.625,0.0,0.1842583324139317,0.01574166758606832,0.007870833793034162,0.006859705531193569,0.25857358643164235,0.008573586431642355,0.007788333295961765,0.009918212890625,0.021772432562144402,0.02302074432373047,0.005752834825958954,0.014158473356974092,1.0,1.0,0,1,0.625,60,0.09231463372707367,1.0,1.0,0.625,60,-0.09827745792766412,1.0,1.0,0.625,60,0.08949975445866584,1.0,1.0,0.625,60,-0.08842481871445974,1.0,1.0
energy_s0.200_d0.625_v0.250_trot_p0.48.npz,1,0.25,0.625,0.2,0.48,trot,1,1,1,0.004744880849542708,1,0.2429645985661804,0.47742048900714684,17.778426208582257,34.93014810526393,0.4966278076171875,0.625,0.0,0.18423656299710273,0.015763437002897285,0.007881718501448635,0.00686603759337838,0.2588542215526104,0.008854221552610397,0.007261550710421028,0.0089263916015625,0.0218357718834151,0.02309788390994072,0.005751620860398572,0.0140450241712428,1.0,1.0,0,1,0.625,60,0.09234555164972941,1.0,1.0,0.625,60,-0.09827588287492593,1.0,1.0,0.625,60,0.08936669851342836,1.0,1.0,0.625,60,-0.08848499295612176,1.0,1.0
energy_s0.200_d0.625_v0.250_trot_p0.48.npz,2,0.25,0.625,0.2,0.48,trot,1,1,1,0.004352724095063993,1,0.2432745609587893,0.47691647092205364,17.800477388906767,34.93003041924821,0.496673583984375,0.625,0.0,0.18423910792917014,0.01576089207082987,0.007880446035414938,0.006866277672816073,0.25898309455563623,0.008983094555636228,0.009108599794841804,0.01068115234375,0.02188556834835355,0.023155270144343376,0.005736659936199446,0.01412274986205944,1.0,1.0,0,1,0.625,60,0.09234513578315576,1.0,1.0,0.625,60,-0.09827344690759977,1.0,1.0,0.625,60,0.08938358488182227,1.0,1.0,0.625,60,-0.08847604828576247,1.0,1.0
energy_s0.200_d0.625_v0.250_trot_p0.48.npz,3,0.25,0.625,0.2,0.48,trot,1,1,1,0.004077622504974554,1,0.24300712271246894,0.47465241977305206,17.789242120318512,34.73851417985747,0.49671173095703125,0.625,0.0,0.18414620043088992,0.015853799569110094,0.007926899784555042,0.00690670014591888,0.25907610015322763,0.009076100153227629,0.00956481565698897,0.0112762451171875,0.021792554753876005,0.02311011590063572,0.005756868135717894,0.014355658017315105,1.0,1.0,0,1,0.625,60,0.09226776833335558,1.0,1.0,0.625,60,-0.0983455321441094,1.0,1.0,0.625,60,0.08940817614396414,1.0,1.0,0.625,60,-0.08827092424035073,1.0,1.0
energy_s0.200_d0.625_v0.250_trot_p0.48.npz,4,0.25,0.625,0.2,0.48,trot,1,1,1,0.0009377041626055986,1,0.24257116463080558,0.4781985162921436,17.743388140871954,34.98603815283663,0.49657484889030457,0.625,0.0,0.18429086338728667,0.015709136612713337,0.007854568306356672,0.006853336313118542,0.2589448029175401,0.008944802917540073,0.010931628537337488,0.012725830078125,0.021902842183956037,0.023220499977469444,0.00575740624219991,0.014131505444272932,1.0,1.0,0,1,0.625,60,0.09241317063570023,1.0,1.0,0.625,60,-0.0982555702328682,1.0,1.0,0.625,60,0.08939349378148714,1.0,1.0,0.625,60,-0.08851949212451776,1.0,1.0
energy_s0.200_d0.625_v0.250_trot_p0.48.npz,5,0.25,0.625,0.2,0.48,trot,1,1,1,0.004112226143679363,1,0.24280511020984685,0.47568491070754515,17.772677129941062,34.8044666472461,0.4967803955078125,0.625,0.0,0.18416906793912252,0.01583093206087749,0.007915466030438745,0.006894275061010077,0.2590430127456784,0.009043012745678425,0.00970786451650212,0.0118865966796875,0.02194840234973016,0.023214101791381836,0.005721754488533076,0.014373675418113503,1.0,1.0,0,1,0.625,60,0.09227122950057189,1.0,1.0,0.625,60,-0.09827962716420492,1.0,1.0,0.625,60,0.08943643147746722,1.0,1.0,0.625,60,-0.08835084773600102,1.0,1.0
energy_s0.200_d0.625_v0.250_trot_p0.48.npz,6,0.25,0.625,0.2,0.48,trot,1,1,1,0.004292180834483151,1,0.242944020724278,0.4769112462995749,17.78813393978796,34.87410603944831,0.4962310791015625,0.625,0.0,0.18423803051312765,0.015761969486872363,0.007880984743436183,0.006868330140908564,0.25901280498752993,0.009012804987529932,0.009167591325311433,0.01140594482421875,0.02197335101378458,0.023253176361322403,0.005736720572534805,0.014136675056656578,1.0,1.0,0,1,0.625,60,0.09236521112422148,1.0,1.0,0.625,60,-0.09825044212241968,1.0,1.0,0.625,60,0.08936697853108247,1.0,1.0,0.625,60,-0.08849342924853167,1.0,1.0
energy_s0.200_d0.625_v0.250_trot_p0.48.npz,7,0.25,0.625,0.2,0.48,trot,1,1,1,0.0038709032307418867,1,0.2437289141532536,0.4775908156301793,17.85014583191394,34.98102964133858,0.4971160888671875,0.625,0.0,0.184250462303559,0.015749537696441024,0.007874768848220512,0.006864819113009925,0.25899832385281724,0.008998323852817236,0.011718988788028538,0.013978958129882812,0.021812729284351698,0.023100653663277626,0.005770265502541524,0.014079572464326461,1.0,1.0,0,1,0.625,60,0.09233067532380422,1.0,1.0,0.625,60,-0.0982843142002821,1.0,1.0,0.625,60,0.08940726021925609,1.0,1.0,0.625,60,-0.08847867486377557,1.0,1.0
energy_s0.200_d0.750_v0.250_trot_p0.48.npz,0,0.25,0.75,0.2,0.48,trot,1,1,1,0.0036939668003110274,1,0.312242502564737,0.6192892917761814,22.59857374739267,44.826509665429256,0.49151611328125,0.75,0.0,0.18712134405763614,0.01287865594236387,0.006748331374385294,0.006483414501417432,0.2565117993702491,0.006511799370249094,0.020907847521203473,0.025299072265625,0.0069230289329554676,0.008997888304293156,0.0063762196926724374,0.01791958183103508,1.0,1.0,0,1,0.75,72,0.0950878525359763,1.0,1.0,0.75,72,-0.10040432628658083,1.0,1.0,0.75,72,0.09151969084309207,1.0,1.0,0.75,72,-0.08723081844962305,1.0,1.0
energy_s0.200_d0.750_v0.250_trot_p0.48.npz,1,0.25,0.75,0.2,0.48,trot,1,1,1,0.002418869457413724,1,0.3141928054340698,0.6225574542936154,22.7259672966672,45.026873507629276,0.49114990234375,0.75,0.0,0.18717680617959964,0.01282319382040037,0.0067499888595193664,0.0064962185026767386,0.2564072981476784,0.006407298147678375,0.017279829201297277,0.02099609375,0.006881322860869686,0.008909586817026138,0.00641747908997196,0.017912360574481822,1.0,1.0,0,1,0.75,72,0.09520890129109223,1.0,1.0,0.75,72,-0.1004950413480401,1.0,1.0,0.75,72,0.09146727880256043,1.0,1.0,0.75,72,-0.08718239091750649,1.0,1.0
energy_s0.200_d0.750_v0.250_trot_p0.48.npz,2,0.25,0.75,0.2,0.48,trot,1,1,1,0.0029562517816392126,1,0.31371876445152314,0.6210474960661017,22.718706361859706,44.96456568826102,0.4915008544921875,0.75,0.0,0.18714208176566494,0.012857918234335075,0.006771466643032104,0.006510663599086308,0.25644606227676076,0.006446062276760756,0.016641826500796802,0.020538330078125,0.006801260273693536,0.008783751167356968,0.006454247981891176,0.0179685218407106,1.0,1.0,0,1,0.75,72,0.09515082691278723,1.0,1.0,0.75,72,-0.1005039732489321,1.0,1.0,0.75,72,0.09148287121206522,1.0,1.0,0.75,72,-0.08714649215754536,1.0,1.0
energy_s0.200_d0.750_v0.250_trot_p0.48.npz,3,0.25,0.75,0.2,0.48,trot,1,1,1,0.0033896814281586967,1,0.31307918061973267,0.6203098970405557,22.69737114818964,44.975060588451214,0.49208831787109375,0.75,0.0,0.18714224112530548,0.012857758874694536,0.0067625984239081584,0.00650295778953781,0.25652836294223863,0.00652836294223863,0.018603636773783783,0.022674560546875,0.00649750741743657,0.008591261692345142,0.0064876571841884344,0.017916416277571654,1.0,1.0,0,1,0.75,72,0.09512748662382364,1.0,1.0,0.75,72,-0.10048368417968352,1.0,1.0,0.75,72,0.0915120593789551,1.0,1.0,0.75,72,-0.08716125206814872,1.0,1.0
energy_s0.200_d0.750_v0.250_trot_p0.48.npz,4,0.25,0.75,0.2,0.48,trot,1,1,1,0.0018629617802138894,1,0.31298129551211396,0.6226809610816231,22.678615204584204,45.093312029452626,0.4916476607322693,0.75,0.0,0.18717061376406086,0.012829386235939155,0.006758737160513803,0.006509313984618836,0.25638719741255045,0.006387197412550449,0.01618294463251672,0.0197906494140625,0.006650657692345379,0.008605514653027058,0.00630142673131378,0.017813836538484396,1.0,1.0,0,1,0.75,72,0.09526406621767415,1.0,1.0,0.75,72,-0.10050480564435323,1.0,1.0,0.75,72,0.09138815725843112,1.0,1.0,0.75,72,-0.08718419840766324,1.0,1.0
energy_s0.200_d0.750_v0.250_trot_p0.48.npz,5,0.25,0.75,0.2,0.48,trot,1,1,1,0.0013722164489427826,1,0.314464893867498,0.6224064956938897,22.76814153340529,45.06584445956707,0.4914398193359375,0.75,0.0,0.1871808824232883,0.012819117576711725,0.006750326645043165,0.006496313652799779,0.2564472835510969,0.006447283551096916,0.018511327526568633,0.02220916748046875,0.006673281158860013,0.008728212676942348,0.0063857931028806,0.018084860811785477,1.0,1.0,0,1,0.75,72,0.0951304862068759,1.0,1.0,0.75,72,-0.1004987849543492,1.0,1.0,0.75,72,0.09152245169712438,1.0,1.0,0.75,72,-0.0872100419882271,1.0,1.0
energy_s0.200_d0.750_v0.250_trot_p0.48.npz,6,0.25,0.75,0.2,0.48,trot,1,1,1,0.002199263973930081,1,0.3140587370834406,0.6212251462980052,22.715062694506766,44.948027918703325,0.4911346435546875,0.75,0.0,0.1871840252230565,0.012815974776943517,0.006749998664276472,0.006495335783498986,0.25642992680271465,0.006429926802714647,0.016882670442907966,0.02063751220703125,0.006830999278824749,0.00884844921529293,0.006419362427473084,0.01799776051340135,1.0,1.0,0,1,0.75,72,0.09517861550880803,1.0,1.0,0.75,72,-0.10049926137758626,1.0,1.0,0.75,72,0.09149942029681471,1.0,1.0,0.75,72,-0.08719075326290396,1.0,1.0
energy_s0.200_d0.750_v0.250_trot_p0.48.npz,7,0.25,0.75,0.2,0.48,trot,1,1,1,0.0024516701191827106,1,0.3143589493352802,0.6223610739387667,22.734854278050648,45.00979982046737,0.4910430908203125,0.75,0.0,0.18720187376149827,0.01279812623850174,0.006750880352531874,0.006497532470772667,0.2563388127212723,0.006338812721272291,0.019047239774068296,0.022821426391601562,0.006666657856134281,0.008754204027354717,0.006361121732548356,0.01800910140641563,1.0,1.0,0,1,0.75,72,0.09517655066317982,1.0,1.0,0.75,72,-0.10053088453908761,1.0,1.0,0.75,72,0.09151381440460682,1.0,1.0,0.75,72,-0.08718249791612227,1.0,1.0
energy_s0.300_d0.500_v0.250_trot_p0.48.npz,0,0.25,0.5,0.3,0.48,trot,1,1,1,0.00761628839412905,1,0.22859325896867355,0.4866434090689862,16.71800234580745,35.659970058796944,0.496246337890625,0.5,0.0,0.28651519104217493,0.013484808957825056,0.0075834570918232175,0.006322469515725969,0.2589072895546754,0.008907289554675402,0.005676699352056352,0.00921630859375,0.005975942159490386,0.007521291263401508,0.007359817057238523,0.019582065571453772,1.0,1.0,0,1,0.5,48,0.14053895759085813,1.0,1.0,0.5,48,-0.15168210522582135,1.0,1.0,0.5,48,0.14335046832760176,1.0,1.0,0.5,48,-0.13745885094006857,1.0,1.0
energy_s0.300_d0.500_v0.250_trot_p0.48.npz,1,0.25,0.5,0.3,0.48,trot,1,1,1,0.006060571094796589,1,0.22753317961575847,0.48656784141872017,16.633721463811142,35.46317172107159,0.4981231689453125,0.5,0.0,0.2866122036551436,0.013387796344856373,0.007573407267530757,0.006333784308905401,0.2596141315686206,0.00961413156862062,0.007423317239988687,0.010833740234375,0.006026219078303429,0.007666740566492081,0.007694673429893357,0.019203279010903473,1.0,1.0,0,1,0.5,48,0.14057111150274673,1.0,1.0,0.5,48,-0.1517590181902051,1.0,1.0,0.5,48,0.14335913645724455,1.0,1.0,0.5,48,-0.13753514116009077,1.0,1.0
energy_s0.300_d0.500_v0.250_trot_p0.48.npz,2,0.25,0.5,0.3,0.48,trot,1,1,1,0.007553895122054143,1,0.2265731033252232,0.48510462071675853,16.613500224488963,35.260796896817446,0.4976348876953125,0.5,0.0,0.2864814742157856,0.013518525784214364,0.007600417640060184,0.006350295105949043,0.2597404370705287,0.009740437070528685,0.00899205563570168,0.01251220703125,0.00611328875607363,0.007763615809381008,0.007703629509493233,0.019230450939178394,1.0,1.0,0,1,0.5,48,0.1404737581809362,1.0,1.0,0.5,48,-0.15168230949590603,1.0,1.0,0.5,48,0.143374080148836,1.0,1.0,0.5,48,-0.13743280060589314,1.0,1.0
energy_s0.300_d0.500_v0.250_trot_p0.48.npz,3,0.25,0.5,0.3,0.48,trot,1,1,1,0.013566701107700243,1,0.22131035683803085,0.4740944997678368,16.135133477049983,34.57778899953324,0.49605560302734375,0.5,0.0,0.2866821840095023,0.013317815990497694,0.007526947356139617,0.00622571827843785,0.25855911523103714,0.00855911523103714,0.0075985402233068626,0.010406494140625,0.0056817365809615486,0.007576401811093092,0.006738063050656628,0.02043776107127021,1.0,1.0,0,1,0.5,48,0.14060206711292267,1.0,1.0,0.5,48,-0.15171771744887033,1.0,1.0,0.5,48,0.14347795397043228,1.0,1.0,0.5,48,-0.13756662948677936,1.0,1.0
energy_s0.300_d0.500_v0.250_trot_p0.48.npz,4,0.25,0.5,0.3,0.48,trot,1,1,1,0.002829527098532197,1,0.22406367772349772,0.4898961803080801,16.452857921062126,35.80395793497195,0.49634870886802673,0.5,0.0,0.28636731362591183,0.013632686374088154,0.007608588164051371,0.006327985910077887,0.2588525976364811,0.008852597636481108,0.008692308175512573,0.011962890625,0.006143175659345839,0.007697086315602064,0.007294621357689357,0.019436317130660793,1.0,1.0,0,1,0.5,48,0.1405697132771214,1.0,1.0,0.5,48,-0.15158184307316938,1.0,1.0,0.5,48,0.14328556011120477,1.0,1.0,0.5,48,-0.13729751079032818,1.0,1.0
energy_s0.300_d0.500_v0.250_trot_p0.48.npz,5,0.25,0.5,0.3,0.48,trot,1,1,1,0.004646133339886752,1,0.22696117995217632,0.4831037458065165,16.548950084678378,35.49060050160275,0.49747467041015625,0.5,0.0,0.28655168864255154,0.01344831135744845,0.007503124869739013,0.0062468051910400365,0.259397405354927,0.009397405354927002,0.008758508819800304,0.0121612548828125,0.0061133207554226335,0.007646678946912289,0.007348856679161382,0.019487905102266178,1.0,1.0,0,1,0.5,48,0.14072392539431652,1.0,1.0,0.5,48,-0.15155312605202198,1.0,1.0,0.5,48,0.14327558719863495,1.0,1.0,0.5,48,-0.13755073864012957,1.0,1.0
energy_s0.300_d0.500_v0.250_trot_p0.48.npz,6,0.25,0.5,0.3,0.48,trot,1,1,1,0.0013970977337491863,1,0.2292103654706153,0.4880125441271268,16.805808811854632,35.78647895928832,0.4977264404296875,0.5,0.0,0.2863916332523028,0.013608366747697165,0.007646255784978467,0.006370814276548721,0.2597026551763217,0.009702655176321684,0.007748470148743088,0.011322021484375,0.006085394621393906,0.007738950662314892,0.007743461531498546,0.019034746659135533,1.0,1.0,0,1,0.5,48,0.14043633174151182,1.0,1.0,0.5,48,-0.15168414482225975,1.0,1.0,0.5,48,0.14332404267042875,1.0,1.0,0.5,48,-0.1373387472704053,1.0,1.0
energy_s0.300_d0.500_v0.250_trot_p0.48.npz,7,0.25,0.5,0.3,0.48,trot,1,1,1,0.014223093422563898,1,0.22806870476857746,0.47174243391212556,16.317541156921482,34.42712132559058,0.494232177734375,0.5,0.0,0.2871404628579815,0.012859537142018485,0.007315005268901584,0.006139476853422819,0.25793746346607804,0.007937463466078043,0.009654407793677381,0.013090133666992188,0.005550551630759122,0.007854675874114037,0.0068599775998008,0.02094523617253132,1.0,1.0,0,1,0.5,48,0.14094851600627104,1.0,1.0,0.5,48,-0.15174610260874033,1.0,1.0,0.5,48,0.14348481129854918,1.0,1.0,0.5,48,-0.1381014958024025,1.0,1.0
energy_s0.300_d0.625_v0.250_trot_p0.48.npz,0,0.25,0.625,0.3,0.48,trot,1,1,1,0.002947975695114538,1,0.23756456257956263,0.4744086832080445,17.136581346895362,34.20997546095134,0.4893798828125,0.625,0.0,0.28631948207815494,0.013680517921845048,0.006894736438989635,0.006605736228326951,0.25540829201539356,0.0054082920153935565,0.004673496661539257,0.00640869140625,0.009161047045456438,0.010435715317726135,0.004331602334010443,0.014738347655424883,1.0,1.0,0,1,0.625,60,0.14475037107865016,1.0,1.0,0.625,60,-0.14919765740633012,1.0,1.0,0.625,60,0.14123384033640227,1.0,1.0,0.625,60,-0.13745709533492725,1.0,1.0
energy_s0.300_d0.625_v0.250_trot_p0.48.npz,1,0.25,0.625,0.3,0.48,trot,1,1,1,0.003103733527539749,1,0.2360985721288083,0.47111038618518297,17.026450553215895,33.97142778211902,0.4897308349609375,0.625,0.0,0.28631323998173075,0.01368676001826924,0.006897823462883627,0.00662245443866898,0.25546655027816695,0.005466550278166948,0.0018531381563870303,0.0028076171875,0.009147096439666694,0.010439195670187473,0.004444982149899788,0.01473649407821705,1.0,1.0,0,1,0.625,60,0.1447238117456436,1.0,1.0,0.625,60,-0.14915926307439803,1.0,1.0,0.625,60,0.141162554671367,1.0,1.0,0.625,60,-0.1375808504720529,1.0,1.0
energy_s0.300_d0.625_v0.250_trot_p0.48.npz,2,0.25,0.625,0.3,0.48,trot,1,1,1,0.002950789828150411,1,0.23612858322069707,0.4717567191760871,17.049442184919954,34.00809697760211,0.4899749755859375,0.625,0.0,0.2863219919304053,0.013678008069594683,0.006891580199201898,0.006617138030317917,0.255493531934917,0.005493531934916973,0.005372642795838181,0.0067291259765625,0.009089828347206891,0.010385430417954922,0.004439803776205637,0.014735332780131264,1.0,1.0,0,1,0.625,60,0.1447156491378943,1.0,1.0,0.625,60,-0.1491446812947591,1.0,1.0,0.625,60,0.14118790477514268,1.0,1.0,0.625,60,-0.1375957486530145,1.0,1.0
energy_s0.300_d0.625_v0.250_trot_p0.48.npz,3,0.25,0.625,0.3,0.48,trot,1,1,1,0.004477635209755004,1,0.2376765520763594,0.4742261302560552,17.152986295897072,34.11617211186869,0.48960113525390625,0.625,0.0,0.28632085062563417,0.013679149374365818,0.006891879153748349,0.006608080724254246,0.25533902862419683,0.005339028624196829,0.0046399498003219745,0.0057373046875,0.0089932607691389,0.010257331654429436,0.004366829801395208,0.014657917783470253,1.0,1.0,0,1,0.625,60,0.14481607228517532,1.0,1.0,0.625,60,-0.14913950140277546,1.0,1.0,0.625,60,0.14118927990396818,1.0,1.0,0.625,60,-0.13749684765934944,1.0,1.0
energy_s0.300_d0.625_v0.250_trot_p0.48.npz,4,0.25,0.625,0.3,0.48,trot,1,1,1,0.0007962175345302691,1,0.2364321384809439,0.47209229248013,17.051089201325194,34.0420418088455,0.48953691124916077,0.625,0.0,0.28638183884322643,0.013618161156773556,0.006863105508188402,0.0065811902595063,0.2552790214928488,0.005279021492848812,0.006018086242191724,0.0073699951171875,0.008953497231406666,0.010244370438158512,0.004392321559445149,0.01452944379416696,1.0,1.0,0,1,0.625,60,0.14479771256446838,1.0,1.0,0.625,60,-0.1492245078086853,1.0,1.0,0.625,60,0.14115519200762114,1.0,1.0,0.625,60,-0.13758626530567805,1.0,1.0
energy_s0.300_d0.625_v0.250_trot_p0.48.npz,5,0.25,0.625,0.3,0.48,trot,1,1,1,0.0037615361930126885,1,0.23649267873876822,0.47186561001357297,17.085433616740666,34.00435001664597,0.48956298828125,0.625,0.0,0.2863109881679217,0.013689011832078268,0.006896260405580199,0.006610713417952254,0.2552809182864924,0.005280918286492409,0.0028318020240393005,0.0039520263671875,0.009185084339468224,0.010454184375703335,0.004357124857464053,0.014758518747970573,1.0,1.0,0,1,0.625,60,0.1447853038708369,1.0,1.0,0.625,60,-0.14917036518454552,1.0,1.0,0.625,60,0.1411794493595759,1.0,1.0,0.625,60,-0.13748685792088508,1.0,1.0
energy_s0.300_d0.625_v0.250_trot_p0.48.npz,6,0.25,0.625,0.3,0.48,trot,1,1,1,0.0025824825302041884,1,0.23578918830112044,0.4681751656042231,17.02762465397982,33.773954824629875,0.4897308349609375,0.625,0.0,0.28629096200068793,0.013709037999312057,0.006906478007634477,0.0066291127431516795,0.2554653665671746,0.005465366567174612,0.0030894027898719593,0.00440216064453125,0.009101964870684025,0.010397947393357754,0.0044849304746921075,0.01469647369215296,1.0,1.0,0,1,0.625,60,0.1446913793683052,1.0,1.0,0.625,60,-0.1491504617035389,1.0,1.0,0.625,60,0.14120016718904177,1.0,1.0,0.625,60,-0.13753991574048996,1.0,1.0
energy_s0.300_d0.625_v0.250_trot_p0.48.npz,7,0.25,0.625,0.3,0.48,trot,1,1,1,0.0028048285110402107,1,0.236102618218038,0.46985258743687325,17.024800521041044,33.83899284284314,0.4894561767578125,0.625,0.0,0.28633336250980695,0.013666637490193034,0.006887348517775532,0.006615383806638415,0.25545231144254404,0.005452311442544044,0.006018214506630513,0.00748443603515625,0.009023188975138914,0.010326757095754147,0.004472378167064956,0.014712017297188813,1.0,1.0,0,1,0.625,60,0.1447298248608907,1.0,1.0,0.625,60,-0.14917156944672266,1.0,1.0,0.625,60,0.14119601200024287,1.0,1.0,0.625,60,-0.13756931871175765,1.0,1.0
energy_s0.300_d0.750_v0.250_trot_p0.48.npz,0,0.25,0.75,0.3,0.48,trot,1,1,1,0.0031418396984107676,1,0.3087093286208245,0.6092434856034405,22.09695147747579,43.63976893442502,0.4857177734375,0.75,0.0,0.2875744040227599,0.012425595977240078,0.006842879185246094,0.006760891325150924,0.25302747869864106,0.0030274786986410618,0.011083826811058456,0.01470947265625,0.007009070732623235,0.008510778658092022,0.006235049862930469,0.01376307677862963,1.0,1.0,0,1,0.75,72,0.14568882601128685,1.0,1.0,0.75,72,-0.15126016239325205,1.0,1.0,0.75,72,0.14310157795747122,1.0,1.0,0.75,72,-0.13509824168350962,1.0,1.0
energy_s0.300_d0.750_v0.250_trot_p0.48.npz,1,0.25,0.75,0.3,0.48,trot,1,1,1,0.0012660581623383424,1,0.3086617793379085,0.6106891611399334,22.09176784658598,43.70252323296927,0.4856109619140625,0.75,0.0,0.2876750362209148,0.012324963779085207,0.006808546651154754,0.006719503078299261,0.25310410745441914,0.003104107454419136,0.01112277372363661,0.0142364501953125,0.006776954267679057,0.008188107050955296,0.006108525611137046,0.013601911322183857,1.0,1.0,0,1,0.75,72,0.14586130591730276,1.0,1.0,0.75,72,-0.1512921295232243,1.0,1.0,0.75,72,0.1430314021805922,1.0,1.0,0.75,72,-0.1351652348207103,1.0,1.0
energy_s0.300_d0.750_v0.250_trot_p0.48.npz,2,0.25,0.75,0.3,0.48,trot,1,1,1,0.002355233759760268,1,0.3092730600392527,0.6096432774326148,22.127988625600608,43.61548042761398,0.4856109619140625,0.75,0.0,0.2876769323936767,0.01232306760632329,0.006795044957349694,0.00670975508013119,0.2532125962898135,0.0032125962898135185,0.011872704581701175,0.014678955078125,0.006708758048128655,0.008171291090548038,0.006092890621980867,0.013904217349992493,1.0,1.0,0,1,0.75,72,0.14585254362059963,1.0,1.0,0.75,72,-0.1512670223083761,1.0,1.0,0.75,72,0.14306994237833554,1.0,1.0,0.75,72,-0.13516435648004213,1.0,1.0
energy_s0.300_d0.750_v0.250_trot_p0.48.npz,3,0.25,0.75,0.3,0.48,trot,1,1,1,0.0023701803901316257,1,0.30926832909031177,0.6104820928672627,22.107725836486896,43.63246031661723,0.4852142333984375,0.75,0.0,0.28762795589864254,0.012372044101357449,0.006828552960521642,0.006734812702052292,0.25306208183368045,0.0030620818336804523,0.012445666285711561,0.0153961181640625,0.00709751909187932,0.008751814253628254,0.006155865040369398,0.013806659824954975,1.0,1.0,0,1,0.75,72,0.14583047500087154,1.0,1.0,0.75,72,-0.15128506181968582,1.0,1.0,0.75,72,0.1429944835189316,1.0,1.0,0.75,72,-0.1351458914577961,1.0,1.0
energy_s0.300_d0.750_v0.250_trot_p0.48.npz,4,0.25,0.75,0.3,0.48,trot,1,1,1,0.002859598763133399,1,0.3086872781468981,0.6100473942897264,22.06701550511118,43.61553787159772,0.4852462410926819,0.75,0.0,0.2876923023205664,0.012307697679433571,0.006791008708791598,0.006717520991029836,0.2530676736496389,0.0030676736496388912,0.012042640287574914,0.0151519775390625,0.006722165020058325,0.008274962194263935,0.006222414528726685,0.013812744052515293,1.0,1.0,0,1,0.75,72,0.14579769989682567,1.0,1.0,0.75,72,-0.15127431973814964,1.0,1.0,0.75,72,0.1430987049308088,1.0,1.0,0.75,72,-0.13521388007534874,1.0,1.0
energy_s0.300_d0.750_v0.250_trot_p0.48.npz,5,0.25,0.75,0.3,0.48,trot,1,1,1,0.0025922656350261418,1,0.3093341988786412,0.6101880881191251,22.119769359659987,43.65059217307444,0.485321044921875,0.75,0.0,0.2876034080982208,0.012396591901779164,0.006836028065946364,0.006742551604596274,0.25305901405711967,0.003059014057119669,0.01255318166306254,0.01566314697265625,0.006872238410720862,0.008371897973120213,0.006186947004795452,0.013694949249414005,1.0,1.0,0,1,0.75,72,0.1457976959645748,1.0,1.0,0.75,72,-0.15127546423011357,1.0,1.0,0.75,72,0.14297892505096066,1.0,1.0,0.75,72,-0.13515473095079264,1.0,1.0
energy_s0.300_d0.750_v0.250_trot_p0.48.npz,6,0.25,0.75,0.3,0.48,trot,1,1,1,0.0012480516932904522,1,0.3093536169373738,0.6111223900031857,22.10092375723395,43.646324543522326,0.48492431640625,0.75,0.0,0.287633591848943,0.012366408151056996,0.006823812528616849,0.006734322903988259,0.2532124447946747,0.003212444794674696,0.00939340132700848,0.012237548828125,0.006724497070197717,0.008229273371398449,0.006132383287713381,0.013558349045469542,1.0,1.0,0,1,0.75,72,0.14582061560617554,1.0,1.0,0.75,72,-0.15128121690617669,1.0,1.0,0.75,72,0.14302746165129873,1.0,1.0,0.75,72,-0.135137889534235,1.0,1.0
energy_s0.300_d0.750_v0.250_trot_p0.48.npz,7,0.25,0.75,0.3,0.48,trot,1,1,1,0.0031251777501656117,1,0.3089034759134772,0.6099955489564682,22.089269091696167,43.65366638667974,0.4856719970703125,0.75,0.0,0.28764136259754497,0.01235863740245502,0.006830054459472494,0.006739403423853215,0.2531035381058852,0.0031035381058852063,0.011590484987826978,0.014568328857421875,0.0068407294228354275,0.008309213444590569,0.006161000055734655,0.013607188554794277,1.0,1.0,0,1,0.75,72,0.14580835960805416,1.0,1.0,0.75,72,-0.15130147151648998,1.0,1.0,0.75,72,0.14304951640466848,1.0,1.0,0.75,72,-0.13512337766587734,1.0,1.0
energy_s0.400_d0.500_v0.250_trot_p0.48.npz,0,0.25,0.5,0.4,0.48,trot,1,1,1,0.00950242685302147,1,0.2630695196166198,0.512667112445041,19.14095233049458,37.542837681222935,0.494873046875,0.5,0.0,0.39516238511229557,0.004837614887704456,0.005651326679314181,0.005180506633284195,0.2578772759685914,0.00787727596859139,0.005827849568950761,0.006927490234375,0.004060092209861886,0.0060394033789634705,0.004052172247770204,0.028054890929971422,1.0,1.0,0,1,0.5,48,0.19677142488459745,1.0,1.0,0.5,48,-0.2064650384709239,1.0,1.0,0.5,48,0.19675786265482506,1.0,1.0,0.5,48,-0.1903304442142447,1.0,1.0
energy_s0.400_d0.500_v0.250_trot_p0.48.npz,1,0.25,0.5,0.4,0.48,trot,1,1,1,0.0076921636888145,1,0.2598804417685888,0.5106014839063067,18.94449883170543,37.52633993411943,0.4965972900390625,0.5,0.0,0.3948661512695253,0.005133848730474733,0.0056979292848457945,0.0052135236871739266,0.2591083731191854,0.009108373119185387,0.0064386029282178054,0.00701904296875,0.001977002047966653,0.0034537920728325844,0.004444691076261219,0.027044444594928784,1.0,1.0,0,1,0.5,48,0.19682344297568002,1.0,1.0,0.5,48,-0.20626200983921686,1.0,1.0,0.5,48,0.19684945636739334,1.0,1.0,0.5,48,-0.18979739335676035,1.0,1.0
energy_s0.400_d0.500_v0.250_trot_p0.48.npz,2,0.25,0.5,0.4,0.48,trot,1,1,1,0.005549353450961353,1,0.2579302043245508,0.5190011638014465,18.89124156036509,37.95927206695434,0.496856689453125,0.5,0.0,0.39473584294319153,0.005264157056808494,0.005806888826191431,0.005309842852875594,0.2592713941509525,0.009271394150952517,0.006532737286065311,0.0072021484375,0.001960654947389477,0.0033750541042536497,0.004807567775666952,0.026871783972264984,1.0,1.0,0,1,0.5,48,0.19660586708535752,1.0,1.0,0.5,48,-0.20634962059557438,1.0,1.0,0.5,48,0.19693815459807715,1.0,1.0,0.5,48,-0.18957804360737404,1.0,1.0
energy_s0.400_d0.500_v0.250_trot_p0.48.npz,3,0.25,0.5,0.4,0.48,trot,1,1,1,0.010408631762652481,1,0.26048070013770774,0.5196314549970764,19.001083327628514,37.995047508504584,0.49677276611328125,0.5,0.0,0.39495442171270645,0.005045578287293573,0.0056818619525681,0.005235349542150898,0.25895215089743334,0.008952150897433342,0.007443049675991872,0.00830078125,0.0019682286039442018,0.0033718289341777563,0.004569752070847013,0.02778767429138873,1.0,1.0,0,1,0.5,48,0.19684814848005772,1.0,1.0,0.5,48,-0.20631814561784267,1.0,1.0,0.5,48,0.19684429994473854,1.0,1.0,0.5,48,-0.18989824938277403,1.0,1.0
energy_s0.400_d0.500_v0.250_trot_p0.48.npz,4,0.25,0.5,0.4,0.48,trot,1,1,1,0.013078117323296865,1,0.2633024889618495,0.5198233215980756,19.221683636245718,37.74686786923201,0.4921521842479706,0.5,0.0,0.3952511069364846,0.004748893063515447,0.005424384322638318,0.004913166235201064,0.2566321031190455,0.006632103119045496,0.004122656305917899,0.0048828125,0.0037202183295612194,0.006004423834383488,0.0035079494260349857,0.029061597882490284,1.0,1.0,0,1,0.5,48,0.19722235295921564,1.0,1.0,0.5,48,-0.2060998755817612,1.0,1.0,0.5,48,0.1962799970060587,1.0,1.0,0.5,48,-0.1908999883259336,1.0,1.0
energy_s0.400_d0.500_v0.250_trot_p0.48.npz,5,0.25,0.5,0.4,0.48,trot,1,1,1,0.001516651927941702,1,0.25768520063741474,0.5292573114387819,18.78358599715935,38.59042775469362,0.49465179443359375,0.5,0.0,0.394931276794523,0.0050687232054770215,0.005673975047344968,0.005205598869360987,0.25814853065336746,0.008148530653367458,0.002923255970365864,0.00351715087890625,0.0017325653242725222,0.002994061214849353,0.004934408763262499,0.028109583177618767,1.0,1.0,0,1,0.5,48,0.19716160030414662,1.0,1.0,0.5,48,-0.20627922688921294,1.0,1.0,0.5,48,0.1966835204511881,1.0,1.0,0.5,48,-0.1897382059444984,1.0,1.0
energy_s0.400_d0.500_v0.250_trot_p0.48.npz,6,0.25,0.5,0.4,0.48,trot,1,1,1,0.005608329092735442,1,0.2578409388694137,0.514744139974271,18.910681447987507,37.725704033929695,0.4973907470703125,0.5,0.0,0.39473949403812486,0.0052605059618751615,0.005794514498362944,0.005294381229517364,0.25947241531684995,0.009472415316849947,0.00754948498985557,0.0081787109375,0.0019097797545620378,0.003439687890931964,0.004705667192469714,0.02679789325705692,1.0,1.0,0,1,0.5,48,0.19657677380988994,1.0,1.0,0.5,48,-0.20632852303485075,1.0,1.0,0.5,48,0.19693319654713073,1.0,1.0,0.5,48,-0.1896404946843783,1.0,1.0
energy_s0.400_d0.500_v0.250_trot_p0.48.npz,7,0.25,0.5,0.4,0.48,trot,1,1,1,0.004852345390383271,1,0.2584161696441746,0.5147012708088606,18.918013606432442,37.73034507624085,0.4971771240234375,0.5,0.0,0.3947379201029738,0.005262079897026206,0.005804481512556479,0.005302421802965307,0.2594622277344267,0.009462227734426676,0.004636484577137915,0.0052394866943359375,0.001979031136745966,0.003396206069737673,0.004708629045370568,0.026902540959665974,1.0,1.0,0,1,0.5,48,0.19658065307885408,1.0,1.0,0.5,48,-0.20634688312808672,1.0,1.0,0.5,48,0.19692874451478323,1.0,1.0,0.5,48,-0.18961955948422352,1.0,1.0
energy_s0.400_d0.625_v0.250_trot_p0.48.npz,0,0.25,0.625,0.4,0.48,trot,1,1,1,0.004649349974802393,1,0.26368524701859564,0.4891266117764815,18.988000481098133,35.28385739542037,0.490081787109375,0.625,0.0,0.39463806996742884,0.005361930032571183,0.005044931744535768,0.005041608920631315,0.2553054657764733,0.005305465776473284,0.006964044434083779,0.007843017578125,0.0009981232275236274,0.0018228358821943402,0.003046945110159126,0.01641029755051672,1.0,1.0,0,1,0.625,60,0.1991452413300673,1.0,1.0,0.625,60,-0.20470739801724752,1.0,1.0,0.625,60,0.19621703401207924,1.0,1.0,0.625,60,-0.1892064665754636,1.0,1.0
energy_s0.400_d0.625_v0.250_trot_p0.48.npz,1,0.25,0.625,0.4,0.48,trot,1,1,1,0.004033613491739612,1,0.263724727050486,0.4911656573224357,18.975073122724247,35.37862422787822,0.4893035888671875,0.625,0.0,0.3945691276341676,0.005430872365832395,0.005042158278326198,0.005031294142827397,0.2554089364906152,0.0054089364906151904,0.005405181039280621,0.0059967041015625,0.0011121467855370786,0.0019460057374089956,0.0031497930727569946,0.01617766558672107,1.0,1.0,0,1,0.625,60,0.19908855135242146,1.0,1.0,0.625,60,-0.20463805148998895,1.0,1.0,0.625,60,0.19620370169480641,1.0,1.0,0.625,60,-0.1892079507311185,1.0,1.0
energy_s0.400_d0.625_v0.250_trot_p0.48.npz,2,0.25,0.625,0.4,0.48,trot,1,1,1,0.0027162446228269584,1,0.2642321653575924,0.4905724285479427,19.03648202903483,35.34995577666765,0.489471435546875,0.625,0.0,0.39455333799123765,0.005446662008762371,0.00504906627039115,0.005037897181076314,0.2554463042567174,0.0054463042567173825,0.004709806520652365,0.0054168701171875,0.0010306072350003378,0.0019158887444064021,0.0031223349493622286,0.016184388717169727,1.0,1.0,0,1,0.625,60,0.1990621546904246,1.0,1.0,0.625,60,-0.20463896567622822,1.0,1.0,0.625,60,0.1962289479871591,1.0,1.0,0.625,60,-0.18917660762866337,1.0,1.0
energy_s0.400_d0.625_v0.250_trot_p0.48.npz,3,0.25,0.625,0.4,0.48,trot,1,1,1,0.004056569767899898,1,0.26381825534357056,0.4901460939802414,19.014158160995812,35.316367349772854,0.4893798828125,0.625,0.0,0.39457759832342465,0.005422401676575372,0.005060011247793837,0.005040421476587659,0.25520794838666916,0.005207948386669159,0.004264896940527203,0.0052337646484375,0.0008939874737053667,0.001646844670176506,0.00306172893835574,0.016149816434193446,1.0,1.0,0,1,0.625,60,0.19906126136581104,1.0,1.0,0.625,60,-0.20468545481562614,1.0,1.0,0.625,60,0.19624644344051678,1.0,1.0,0.625,60,-0.18916203702489534,1.0,1.0
energy_s0.400_d0.625_v0.250_trot_p0.48.npz,4,0.25,0.625,0.4,0.48,trot,1,1,1,0.0011334492133390605,1,0.263085749366716,0.48884465759670814,18.99486707765201,35.29125997676354,0.49007725715637207,0.625,0.0,0.39457840795318283,0.005421592046817192,0.0050457219034433405,0.005032538933058586,0.25551873352378607,0.005518733523786068,0.004259127007400181,0.00518798828125,0.0009035292042622045,0.0016147579299286008,0.003111054198503423,0.016050838049108437,1.0,1.0,0,1,0.625,60,0.19905390838781992,1.0,1.0,0.625,60,-0.20465996439258258,1.0,1.0,0.625,60,0.19626635313034058,1.0,1.0,0.625,60,-0.18917658999562265,1.0,1.0
energy_s0.400_d0.625_v0.250_trot_p0.48.npz,5,0.25,0.625,0.4,0.48,trot,1,1,1,0.0023685978809138224,1,0.26347999603944944,0.4891747161859371,19.000334306832976,35.27570254885882,0.48976898193359375,0.625,0.0,0.39458402854700886,0.005415971452991164,0.005059634062151118,0.005043272239466514,0.2553114593029022,0.005311459302902222,0.0037372207717530272,0.0046539306640625,0.0008708974520446322,0.001556634553708136,0.0030519071951669,0.0163451724120655,1.0,1.0,0,1,0.625,60,0.19903575281302135,1.0,1.0,0.625,60,-0.20469508121411006,1.0,1.0,0.625,60,0.19628536452849707,1.0,1.0,0.625,60,-0.1891518585383892,1.0,1.0
energy_s0.400_d0.625_v0.250_trot_p0.48.npz,6,0.25,0.625,0.4,0.48,trot,1,1,1,0.00273656727115837,1,0.26509200667617905,0.4906866988682077,19.120667900830824,35.40504767126498,0.489532470703125,0.625,0.0,0.3945280379305283,0.005471962069471703,0.0050549702718853985,0.005044039431959396,0.25535728347798187,0.005357283477981867,0.0062250949589658655,0.00704193115234375,0.001031859361669803,0.0017795129679143429,0.0031186620904069557,0.016053829834525597,1.0,1.0,0,1,0.625,60,0.19906239161888759,1.0,1.0,0.625,60,-0.20462529783447583,1.0,1.0,0.625,60,0.19620697796344758,1.0,1.0,0.625,60,-0.18916140844424564,1.0,1.0
energy_s0.400_d0.625_v0.250_trot_p0.48.npz,7,0.25,0.625,0.4,0.48,trot,1,1,1,0.0044009890688449455,1,0.2648098267757908,0.4898099564037349,19.104056348549996,35.36695467273535,0.4902496337890625,0.625,0.0,0.39458219322065513,0.005417806779344891,0.005056047501663372,0.005041920091025537,0.25539292115718126,0.005392921157181263,0.0037038571127016753,0.0044918060302734375,0.0009117789559623759,0.0016933877486735582,0.0030329180424445604,0.01600138879770055,1.0,1.0,0,1,0.625,60,0.19907029246290525,1.0,1.0,0.625,60,-0.20468138655026755,1.0,1.0,0.625,60,0.19623110989729564,1.0,1.0,0.625,60,-0.18918159753084182,1.0,1.0
energy_s0.400_d0.750_v0.250_trot_p0.48.npz,0,0.25,0.75,0.4,0.48,trot,1,1,1,0.0018754989889142124,1,0.3111980381739673,0.5975778645647576,22.210521569324396,42.62813140011153,0.484039306640625,0.75,0.0,0.394493430128528,0.005506569871472022,0.005780994798988109,0.005811931588687008,0.25201128516346216,0.002011285163462162,0.002832122642313998,0.00408935546875,0.016855555762651405,0.018772341310977936,0.004380992433790409,0.012066582338151943,1.0,1.0,0,1,0.75,72,0.19870863958365387,1.0,1.0,0.75,72,-0.2060554197265042,1.0,1.0,0.75,72,0.19792497592667738,1.0,1.0,0.75,72,-0.18629782502022055,1.0,1.0
energy_s0.400_d0.750_v0.250_trot_p0.48.npz,1,0.25,0.75,0.4,0.48,trot,1,1,1,0.002028912201492547,1,0.312486962151455,0.6007420104432288,22.236549706038947,42.768942651148585,0.483245849609375,0.75,0.0,0.39447510542554987,0.0055248945744501565,0.005792882717731932,0.005816395223761604,0.2517939629033208,0.0017939629033207893,0.0009928514559223774,0.00213623046875,0.016992070722940386,0.01894930936396122,0.004577420552029435,0.011760476811978905,1.0,1.0,0,1,0.75,72,0.1987342561284701,1.0,1.0,0.75,72,-0.20606087086101374,1.0,1.0,0.75,72,0.1978763733059168,1.0,1.0,0.75,72,-0.18627871055569914,1.0,1.0
energy_s0.400_d0.750_v0.250_trot_p0.48.npz,2,0.25,0.75,0.4,0.48,trot,1,1,1,0.0016078398466688514,1,0.31266519360463707,0.6004514951145445,22.245147342052093,42.72201651901972,0.482818603515625,0.75,0.0,0.39446065005742836,0.005539349942571659,0.005794484696040556,0.00581739092400919,0.2518244828097522,0.0018244828097522259,0.00445920706203482,0.00579833984375,0.017091291591558276,0.01915651373565197,0.0045580486859200095,0.011860117842574062,1.0,1.0,0,1,0.75,72,0.1987365177936024,1.0,1.0,0.75,72,-0.2060496194495095,1.0,1.0,0.75,72,0.1978706924451722,1.0,1.0,0.75,72,-0.18626447042657268,1.0,1.0
energy_s0.400_d0.750_v0.250_trot_p0.48.npz,3,0.25,0.75,0.4,0.48,trot,1,1,1,0.0012534624873051718,1,0.31432662589137966,0.5999962446296174,22.338371905125946,42.692306922807326,0.4829254150390625,0.75,0.0,0.39446024203466046,0.0055397579653395645,0.00579836246454054,0.0058362573462848915,0.2519118473865092,0.00191184738650918,0.003249401511132178,0.0038909912109375,0.01694773024701969,0.019177524372935295,0.004484367322439974,0.012446846141109568,1.0,1.0,0,1,0.75,72,0.19874838636153275,1.0,1.0,0.75,72,-0.2060569669637415,1.0,1.0,0.75,72,0.19782893401053217,1.0,1.0,0.75,72,-0.18628619673351446,1.0,1.0
energy_s0.400_d0.750_v0.250_trot_p0.48.npz,4,0.25,0.75,0.4,0.48,trot,1,1,1,0.0007774743410020929,1,0.3110719062239482,0.5986950872864114,22.145988953664258,42.627741719879474,0.4831945598125458,0.75,0.0,0.39445497706118554,0.005545022938814481,0.005810292965422079,0.005827874628206099,0.25192530965432525,0.0019253096543252468,0.003779676537003716,0.004974365234375,0.01729368105173159,0.01937135122716427,0.004531873783998429,0.011844391010627025,1.0,1.0,0,1,0.75,72,0.19872627841929594,1.0,1.0,0.75,72,-0.20607556299202973,1.0,1.0,0.75,72,0.19785775803029537,1.0,1.0,0.75,72,-0.1862503546807501,1.0,1.0
energy_s0.400_d0.750_v0.250_trot_p0.48.npz,5,0.25,0.75,0.4,0.48,trot,1,1,1,0.0011702155264922698,1,0.31359146229512347,0.5991708294454323,22.323132689630754,42.638015233908234,0.4829254150390625,0.75,0.0,0.394533297771381,0.005466702228619003,0.005752107863210975,0.005796115403063601,0.25180735578760505,0.0018073557876050472,0.0036878880523537913,0.0046539306640625,0.016728450201205912,0.018810035660862923,0.00445580264121577,0.012502665174343484,1.0,1.0,0,1,0.75,72,0.19880970153543684,1.0,1.0,0.75,72,-0.20603751349780294,1.0,1.0,0.75,72,0.19787707014216316,1.0,1.0,0.75,72,-0.18634231036735904,1.0,1.0
energy_s0.400_d0.750_v0.250_trot_p0.48.npz,6,0.25,0.75,0.4,0.48,trot,1,1,1,0.001239972197397581,1,0.3143411189368885,0.6002626381585336,22.35788364067823,42.665953297409075,0.482452392578125,0.75,0.0,0.39458909661819536,0.005410903381804666,0.005769418355905353,0.005797327170148497,0.25149956174815696,0.0014995617481569634,0.001316831203074133,0.00235748291015625,0.017331804057161136,0.019283480942249298,0.004541284488286908,0.013202832393528088,1.0,1.0,0,1,0.75,72,0.19878084088365236,1.0,1.0,0.75,72,-0.20612793333000606,1.0,1.0,0.75,72,0.19795629568398,1.0,1.0,0.75,72,-0.18631312333875233,1.0,1.0
energy_s0.400_d0.750_v0.250_trot_p0.48.npz,7,0.25,0.75,0.4,0.48,trot,1,1,1,0.0017785321731713666,1,0.31366536828291225,0.6000955618844145,22.304911764585544,42.66472062883673,0.4828033447265625,0.75,0.0,0.39459719736542964,0.005402802634570381,0.005760938922564194,0.005791242800963427,0.2515193425739805,0.0015193425739805089,0.0031059890815692565,0.0042400360107421875,0.017305092327320342,0.01918337494134903,0.004529055271379216,0.013094628473121053,1.0,1.0,0,1,0.75,72,0.1988080580615335,1.0,1.0,0.75,72,-0.20611907521055806,1.0,1.0,0.75,72,0.1979419719427824,1.0,1.0,0.75,72,-0.18632528951598537,1.0,1.0
energy_s0.500_d0.500_v0.250_trot_p0.48.npz,0,0.25,0.5,0.5,0.48,trot,1,1,0,0.0266487337012629,0,0.31363105978385697,0.5869825018493133,22.454401705132987,41.70793046735894,0.486480712890625,0.5,0.0,0.48771605889002484,0.01228394110997516,0.007449239492416382,0.007899934969221553,0.25409813163181144,0.004098131631811441,0.008366350350899842,0.0098876953125,0.003181182617963016,0.00547921285033226,0.006702087900828742,0.04783282985833618,1.0,1.0,0,1,0.5,48,0.24403413850814104,1.0,1.0,0.5,48,-0.2525845104828477,1.0,1.0,0.5,48,0.24161740144093832,1.0,1.0,0.5,48,-0.2371960673481226,1.0,1.0
energy_s0.500_d0.500_v0.250_trot_p0.48.npz,1,0.25,0.5,0.5,0.48,trot,1,1,0,0.03420078030633589,0,0.3141192163998386,0.5804371839573221,22.468104388843102,41.78134444051851,0.4868621826171875,0.5,0.0,0.48776621418073773,0.012233785819262266,0.007455162160719434,0.007915082814482352,0.2540432442910969,0.004043244291096926,0.00541374268491454,0.0067596435546875,0.003682858896532629,0.006270427722483873,0.006606150375930897,0.04750420539007167,1.0,1.0,0,1,0.5,48,0.2440994285667936,1.0,1.0,0.5,48,-0.2526399455964565,1.0,1.0,0.5,48,0.2416663533076644,1.0,1.0,0.5,48,-0.23712670089056095,1.0,1.0
energy_s0.500_d0.500_v0.250_trot_p0.48.npz,2,0.25,0.5,0.5,0.48,trot,1,1,0,0.036031986859809594,0,0.31446711956211415,0.5770517589090834,22.5030495486386,41.77954230556186,0.4865875244140625,0.5,0.0,0.48774818144738674,0.012251818552613258,0.007475706127782663,0.007912999329467615,0.25381636604045826,0.0038163660404582633,0.005007829467442299,0.0062255859375,0.0036355362664503895,0.006252239923924208,0.0067266049773783,0.047968352034943124,1.0,1.0,0,1,0.5,48,0.2441130056977272,1.0,1.0,0.5,48,-0.2526650323222081,1.0,1.0,0.5,48,0.2416496022293965,1.0,1.0,0.5,48,-0.23706872264544168,1.0,1.0
energy_s0.500_d0.500_v0.250_trot_p0.48.npz,3,0.25,0.5,0.5,0.48,trot,1,1,0,0.022095808900887158,0,0.313287389575194,0.5779916605119785,22.816042135666645,41.49325546083895,0.4885711669921875,0.5,0.0,0.4880170036728183,0.011982996327181694,0.00728915554160873,0.007844551155964533,0.2546922353406747,0.0046922353406747,0.0066170658826653385,0.0076446533203125,0.0032886137714875693,0.006122223101556301,0.005921060945726933,0.04653549823371286,1.0,1.0,0,1,0.5,48,0.24446563112239042,1.0,1.0,0.5,48,-0.25257049780339,1.0,1.0,0.5,48,0.2419401789084077,1.0,1.0,0.5,48,-0.23705769951144853,1.0,1.0
energy_s0.500_d0.500_v0.250_trot_p0.48.npz,4,0.25,0.5,0.5,0.48,trot,1,1,0,0.02934010854140297,0,0.3190012642327502,0.5832110773943315,22.85610606237699,42.19735440099477,0.4871657192707062,0.5,0.0,0.4877269044518471,0.012273095548152924,0.0073664626106619835,0.007833466205435494,0.25401238072663546,0.004012380726635456,0.008189475983849273,0.00933837890625,0.003177076439029636,0.005934339947998524,0.006461936792709446,0.049604290277979246,1.0,1.0,0,1,0.5,48,0.24430523750682673,1.0,1.0,0.5,48,-0.2523972624912858,1.0,1.0,0.5,48,0.24163991305977106,1.0,1.0,0.5,48,-0.23711139584581056,1.0,1.0
energy_s0.500_d0.500_v0.250_trot_p0.48.npz,5,0.25,0.5,0.5,0.48,trot,1,1,0,0.03349038379187865,0,0.31932276225580203,0.5906138663262779,23.011907272597234,42.110938485046475,0.4862823486328125,0.5,0.0,0.48772329293812317,0.012276707061876835,0.00749159224020938,0.00792874772256861,0.2534721091700097,0.003472109170009674,0.005232870560321808,0.0067596435546875,0.0033922110770410498,0.0058838967233896255,0.00689166251841752,0.048344728670546636,1.0,1.0,0,1,0.5,48,0.24417277735968432,1.0,1.0,0.5,48,-0.25267553764084977,1.0,1.0,0.5,48,0.24168596044182777,1.0,1.0,0.5,48,-0.23691231043388447,1.0,1.0
energy_s0.500_d0.500_v0.250_trot_p0.48.npz,6,0.25,0.5,0.5,0.48,trot,1,1,0,0.039292127487033646,0,0.31337931543786957,0.5788334208638446,22.43909627805846,41.853067634224445,0.4864654541015625,0.5,0.0,0.4876623821134368,0.01233761788656318,0.007425079277406136,0.007878624795315167,0.253759559088697,0.0037595590886970176,0.00756250760583312,0.00855255126953125,0.003102490857348004,0.005525126587599516,0.006869095578724876,0.04823345411005047,1.0,1.0,0,1,0.5,48,0.24414863996207714,1.0,1.0,0.5,48,-0.2524620130037268,1.0,1.0,0.5,48,0.24150043042997518,1.0,1.0,0.5,48,-0.2372136808310946,1.0,1.0
energy_s0.500_d0.500_v0.250_trot_p0.48.npz,7,0.25,0.5,0.5,0.48,trot,1,1,0,0.054778305027044234,0,0.31264803935810237,0.5905474653257429,22.472125551413857,42.710048721362746,0.4842681884765625,0.5,0.0,0.4875197157574197,0.012480284242580297,0.007638452497000495,0.007946376921609044,0.25273116305470467,0.002731163054704666,0.004203297407092308,0.0053253173828125,0.003484888651173473,0.006498734466731548,0.007758922198710262,0.05068759653588224,1.0,1.0,0,1,0.5,48,0.24393859567741552,1.0,1.0,0.5,48,-0.25272543790439767,1.0,1.0,0.5,48,0.24137671602269015,1.0,1.0,0.5,48,-0.23699868191033602,1.0,1.0
energy_s0.500_d0.625_v0.250_trot_p0.48.npz,0,0.25,0.625,0.5,0.48,trot,1,1,1,0.008593497324020698,1,0.282894971102715,0.5094574467852144,20.41022541896355,36.804864479134366,0.4920654296875,0.625,0.0,0.48997829519212244,0.010021704807877563,0.007214105812211831,0.007912533901010951,0.2565805098662774,0.006580509866277395,0.003585450174112568,0.005584716796875,0.00942949904758529,0.01156043354421854,0.00517245821337179,0.024604433707637315,1.0,1.0,0,1,0.625,60,0.2447195380926132,1.0,1.0,0.625,60,-0.25440650681654614,1.0,1.0,0.625,60,0.24434547796845435,1.0,1.0,0.625,60,-0.2364850675066312,1.0,1.0
energy_s0.500_d0.625_v0.250_trot_p0.48.npz,1,0.25,0.625,0.5,0.48,trot,1,1,1,0.004797766578006085,1,0.28580539035241925,0.5108661288647068,20.760423365914043,37.10918483526777,0.492828369140625,0.625,0.0,0.49018802878757317,0.009811971212426829,0.007148449433346589,0.007896637388815483,0.2567334055590133,0.006733405559013306,0.003071360019320034,0.004730224609375,0.009848297705145727,0.011930493637919426,0.004759863021449184,0.02505113080731039,1.0,1.0,0,1,0.625,60,0.24500564684470494,1.0,1.0,0.625,60,-0.25448492765426634,1.0,1.0,0.625,60,0.24453915357589723,1.0,1.0,0.625,60,-0.23634632950027784,1.0,1.0
energy_s0.500_d0.625_v0.250_trot_p0.48.npz,2,0.25,0.625,0.5,0.48,trot,1,1,1,0.004976583745656221,1,0.2860807955926934,0.511732444305101,20.700346135725887,37.069689580879626,0.491851806640625,0.625,0.0,0.4900237011412779,0.009976298858722088,0.0071993411829074224,0.00791439957295855,0.25643905345350504,0.006439053453505039,0.005576650991207668,0.00714111328125,0.009787708118654708,0.01224045641720295,0.004872626872048764,0.024199333726008725,1.0,1.0,0,1,0.625,60,0.2447966252764066,1.0,1.0,0.625,60,-0.2544223835070928,1.0,1.0,0.625,60,0.24439342791835467,1.0,1.0,0.625,60,-0.23643496558070182,1.0,1.0
energy_s0.500_d0.625_v0.250_trot_p0.48.npz,3,0.25,0.625,0.5,0.48,trot,1,1,1,0.0038974529550255058,1,0.2836863254334709,0.5086461487470954,20.510061395809903,36.8174429137858,0.4922332763671875,0.625,0.0,0.4899721433718999,0.010027856628100074,0.007226870457331339,0.007930313237011433,0.2565501380401353,0.006550138040135323,0.005107611833635735,0.0070953369140625,0.00999584972051493,0.01247202605009079,0.00519703591268918,0.024676340579585215,1.0,1.0,0,1,0.625,60,0.2446598177154859,1.0,1.0,0.625,60,-0.2544258842865626,1.0,1.0,0.625,60,0.24435601656635603,1.0,1.0,0.625,60,-0.23650256817539533,1.0,1.0
energy_s0.500_d0.625_v0.250_trot_p0.48.npz,4,0.25,0.625,0.5,0.48,trot,1,1,1,0.0033633100014606307,1,0.2847378940700067,0.5095057445646106,20.603283393620416,36.89450650701131,0.49172326922416687,0.625,0.0,0.489982812354962,0.010017187645038006,0.007216876372694969,0.007935330116500458,0.25634602177888155,0.00634602177888155,0.005407526796571772,0.0073089599609375,0.009645766995634067,0.011912647634744644,0.005110307126717635,0.024701633144794708,1.0,1.0,0,1,0.625,60,0.24469147101044655,1.0,1.0,0.625,60,-0.254416565100352,1.0,1.0,0.625,60,0.24434957106908162,1.0,1.0,0.625,60,-0.2365080175300439,1.0,1.0
energy_s0.500_d0.625_v0.250_trot_p0.48.npz,5,0.25,0.625,0.5,0.48,trot,1,1,1,0.005144565903964847,1,0.2841772942140155,0.5085660860303276,20.610235505447687,36.888910398305725,0.4923858642578125,0.625,0.0,0.4900343085328738,0.009965691467126225,0.007190437366565069,0.00790768590134879,0.2566618686541915,0.006661868654191494,0.005362127676979994,0.00714111328125,0.009413134936505215,0.011711740866303444,0.005032194458877743,0.02432973317844446,1.0,1.0,0,1,0.625,60,0.24477377856771151,1.0,1.0,0.625,60,-0.25441518326600393,1.0,1.0,0.625,60,0.24433482711513838,1.0,1.0,0.625,60,-0.23654482811689376,1.0,1.0
energy_s0.500_d0.625_v0.250_trot_p0.48.npz,6,0.25,0.625,0.5,0.48,trot,1,1,1,0.00861746878009617,1,0.28438757769786893,0.5093738308126255,20.555467138146163,36.8724502484087,0.4914703369140625,0.625,0.0,0.4900714434683323,0.009928556531667687,0.007196922476092975,0.007924259019394716,0.2564173941500485,0.006417394150048494,0.00401564152233392,0.00597381591796875,0.009851994321210276,0.01215626671910286,0.005111886059293597,0.023954400914115513,1.0,1.0,0,1,0.625,60,0.24478700409332912,1.0,1.0,0.625,60,-0.25446528842051824,1.0,1.0,0.625,60,0.24441941281159718,1.0,1.0,0.625,60,-0.23647118161122005,1.0,1.0
energy_s0.500_d0.625_v0.250_trot_p0.48.npz,7,0.25,0.625,0.5,0.48,trot,1,1,1,0.005441297213972396,1,0.2861234094386376,0.5111104101193088,20.788860043849716,37.14911549185166,0.493133544921875,0.625,0.0,0.49019531421363355,0.009804685786366452,0.007147203075389068,0.007900936529040337,0.25676023385797936,0.006760233857979359,0.004505756926027908,0.0060520172119140625,0.010089357273625399,0.012360559776425362,0.004779355223949261,0.02560699618630171,1.0,1.0,0,1,0.625,60,0.2450142852962017,1.0,1.0,0.625,60,-0.2544897203644117,1.0,1.0,0.625,60,0.24457182163993518,1.0,1.0,0.625,60,-0.23631480112671852,1.0,1.0
energy_s0.500_d0.750_v0.250_trot_p0.48.npz,0,0.25,0.75,0.5,0.48,trot,1,1,1,0.0062877477121693615,1,0.33595380519042345,0.6069667966399077,23.96415620997896,43.334798592261905,0.48455810546875,0.75,0.0,0.4876110801059339,0.012388919894066097,0.008423287887126207,0.00869829673320055,0.2521776754098634,0.002177675409863411,0.005809140602873162,0.007568359375,0.03109967626652299,0.03319253399968147,0.00673532431108345,0.01548795835214306,1.0,1.0,0,1,0.75,72,0.24304812774062157,1.0,1.0,0.75,72,-0.2544576558801863,1.0,1.0,0.75,72,0.245616025187903,1.0,1.0,0.75,72,-0.2321003514031569,1.0,1.0
energy_s0.500_d0.750_v0.250_trot_p0.48.npz,1,0.25,0.75,0.5,0.48,trot,1,1,1,0.003167592868948502,1,0.33535365874672984,0.6051581903312651,23.928185559812512,43.171766218424445,0.484893798828125,0.75,0.0,0.48766320012509823,0.012336799874901772,0.008377862369848622,0.008659317119357487,0.2523662665237983,0.0023662665237982883,0.002392865467009131,0.0040740966796875,0.030316588358515462,0.032375842332839966,0.00668313786664413,0.015149370801766473,1.0,1.0,0,1,0.75,72,0.24324590071207947,1.0,1.0,0.75,72,-0.25441892486479545,1.0,1.0,0.75,72,0.2454769778996706,1.0,1.0,0.75,72,-0.23218459677365091,1.0,1.0
energy_s0.500_d0.750_v0.250_trot_p0.48.npz,2,0.25,0.75,0.5,0.48,trot,1,1,1,0.0019725925788188292,1,0.33575935347059493,0.6049908536573687,23.95299133122859,43.19427561512952,0.4842681884765625,0.75,0.0,0.48762635203699267,0.012373647963007328,0.008395997910863824,0.008679336868226528,0.25227673615639407,0.002276736156394066,0.0035479053295181602,0.005279541015625,0.030341459925868997,0.032392095774412155,0.006681493044466387,0.015266750545548964,1.0,1.0,0,1,0.75,72,0.2431978645424048,1.0,1.0,0.75,72,-0.25441834785872036,1.0,1.0,0.75,72,0.24548487965431479,1.0,1.0,0.75,72,-0.23215161201854548,1.0,1.0
energy_s0.500_d0.750_v0.250_trot_p0.48.npz,3,0.25,0.75,0.5,0.48,trot,1,1,1,0.0013621194403991188,1,0.3359602774033187,0.6060374595064428,23.960845997193495,43.22849800656409,0.4841156005859375,0.75,0.0,0.4876056022735106,0.012394397726489426,0.008396224273989599,0.008671054616570473,0.25222579296678305,0.0022257929667830467,0.005037603955777794,0.00677490234375,0.031216785002905045,0.03348740562796593,0.006862801154706781,0.01531600150169883,1.0,1.0,0,1,0.75,72,0.24313193331989977,1.0,1.0,0.75,72,-0.25439805082148975,1.0,1.0,0.75,72,0.24557770933541986,1.0,1.0,0.75,72,-0.23210351107021174,1.0,1.0
energy_s0.500_d0.750_v0.250_trot_p0.48.npz,4,0.25,0.75,0.5,0.48,trot,1,1,1,0.0006380977107140553,1,0.3364312791964883,0.6079921132610622,23.989496440057493,43.34325159009573,0.4837391674518585,0.75,0.0,0.487573977249364,0.012426022750635979,0.008418332940588396,0.008699045943406722,0.2521675637302299,0.0021675637302299156,0.002893663497665911,0.004302978515625,0.030628394488875426,0.03272714093327522,0.00685860329621327,0.01553647349252063,1.0,1.0,0,1,0.75,72,0.24311172713836035,1.0,1.0,0.75,72,-0.25441064313054085,1.0,1.0,0.75,72,0.24553836468193266,1.0,1.0,0.75,72,-0.23208721954789427,1.0,1.0
energy_s0.500_d0.750_v0.250_trot_p0.48.npz,5,0.25,0.75,0.5,0.48,trot,1,1,1,0.0011339763062292213,1,0.33583911763642227,0.6058676068499504,23.944562689755447,43.19006079452181,0.48395538330078125,0.75,0.0,0.4875819919010004,0.012418008098999622,0.00841358138455285,0.008683656381132701,0.2522027373003463,0.0022027373003463135,0.0037561917891247524,0.0054473876953125,0.030887199393713587,0.032962385565042496,0.006875062452274068,0.015251875280981821,1.0,1.0,0,1,0.75,72,0.24310526727802223,1.0,1.0,0.75,72,-0.25440915467010605,1.0,1.0,0.75,72,0.24553834522763887,1.0,1.0,0.75,72,-0.23211121662623352,1.0,1.0
energy_s0.500_d0.750_v0.250_trot_p0.48.npz,6,0.25,0.75,0.5,0.48,trot,1,1,1,0.0014920200531072902,1,0.3368751321013086,0.6078701532583644,23.99159388198738,43.31124939123345,0.483734130859375,0.75,0.0,0.48758332834889495,0.012416671651105049,0.008410900882962678,0.008689661393873394,0.2522391996656855,0.0022391996656854762,0.0019713397772924248,0.00345611572265625,0.030512685743509613,0.03260927274823189,0.006746923933455746,0.01537970518169407,1.0,1.0,0,1,0.75,72,0.2431549651341306,1.0,1.0,0.75,72,-0.25440513011482024,1.0,1.0,0.75,72,0.24547043525510365,1.0,1.0,0.75,72,-0.23213612619373533,1.0,1.0
energy_s0.500_d0.750_v0.250_trot_p0.48.npz,7,0.25,0.75,0.5,0.48,trot,1,1,1,0.0014050702487413893,1,0.3360257828620632,0.6061343738164577,23.966829629671142,43.23374655378879,0.4841156005859375,0.75,0.0,0.48760713140169776,0.012392868598302242,0.008404237735602591,0.008684925618581474,0.25228931941092014,0.002289319410920143,0.0028285273038611424,0.0043849945068359375,0.03040830644918379,0.03243788331747055,0.0067271167853641045,0.015236210023243189,1.0,1.0,0,1,0.75,72,0.2431594752189186,1.0,1.0,0.75,72,-0.254415606872903,1.0,1.0,0.75,72,0.24547765590250492,1.0,1.0,0.75,72,-0.2321615248090691,1.0,1.0
energy_s0.100_d0.500_v0.300_trot_p0.48.npz,0,0.3,0.5,0.1,0.48,trot,1,1,1,0.013584605666311587,1,0.1886327286401318,0.39062473397110214,16.29760834237145,34.17322555563908,0.5943603515625,0.5,0.0,0.09584114894581339,0.004158851054186619,0.00518351213540882,0.006150261225411668,0.31033131138732034,0.010331311387320352,0.006248149622749763,0.01007080078125,0.04178216087618702,0.044087715446949005,0.005648310541749526,0.029643308828611166,1.0,1.0,0,1,0.5,48,0.04717153939418495,1.0,1.0,0.5,48,-0.0557831849437207,1.0,1.0,0.5,48,0.04381218211104473,1.0,1.0,0.5,48,-0.04491539144267639,1.0,1.0
energy_s0.100_d0.500_v0.300_trot_p0.48.npz,1,0.3,0.5,0.1,0.48,trot,0,1,0,0.09106828908532248,0,0.18759107754527024,0.3962396363042848,16.425465102654552,34.64413897936544,0.593719482421875,0.5026041666666666,0.01041666666666663,0.09564346626644865,0.004356533733551354,0.005349065750111909,0.006126615626271813,0.30969988585760194,0.009699885857601953,0.005234916530597218,0.0096588134765625,0.04280660014343709,0.04567700996994972,0.007786691540498173,0.029757491261840335,1.0,0.9791666666666666,0,1,0.5104166666666666,49,0.047045081321682246,1.0,0.9791666666666666,0.5,48,-0.05604013769576947,1.0,1.0,0.5,48,0.044360045809298754,1.0,1.0,0.5,48,-0.043841667706146836,1.0,1.0
energy_s0.100_d0.500_v0.300_trot_p0.48.npz,2,0.3,0.5,0.1,0.48,trot,1,1,1,0.014286150209197707,1,0.17550320724673577,0.3784999939891851,15.612410243395072,33.42163545484946,0.597412109375,0.5,0.0,0.09538907883688807,0.004610921163111931,0.005414531620529792,0.0062257478459893404,0.31167843534300727,0.011678435343007276,0.008641669532956397,0.009765625,0.04025428040084188,0.042637474834918976,0.004755952963791862,0.02842124649694415,1.0,1.0,0,1,0.5,48,0.04659694634998838,1.0,1.0,0.5,48,-0.0558858149840186,1.0,1.0,0.5,48,0.04335498840858539,1.0,1.0,0.5,48,-0.04494040793118378,1.0,1.0
energy_s0.100_d0.500_v0.300_trot_p0.48.npz,3,0.3,0.5,0.1,0.48,trot,1,1,1,0.013771911163317049,1,0.17622327365124069,0.37663821280009135,15.526585850859462,33.10947158098781,0.59783935546875,0.5,0.0,0.09554189381500086,0.004458106184999144,0.005349767378841838,0.0062196115419889475,0.31178040492037934,0.01178040492037935,0.013015213482508189,0.014739990234375,0.04042146785826377,0.04260672256350517,0.0046706425994753895,0.028785027798514433,1.0,1.0,0,1,0.5,48,0.04681153137547275,1.0,1.0,0.5,48,-0.055862466261411704,1.0,1.0,0.5,48,0.04321119119413197,1.0,1.0,0.5,48,-0.04519859879898528,1.0,1.0
energy_s0.100_d0.500_v0.300_trot_p0.48.npz,4,0.3,0.5,0.1,0.48,trot,1,1,1,0.011122496519459053,1,0.18577687334065726,0.38867037440804486,16.37783908314582,34.11615064653188,0.5969845056533813,0.5,0.0,0.09542355147035173,0.00457644852964828,0.005175084872947386,0.006139018045117457,0.31134823492417735,0.011348234924177358,0.01200287558887503,0.0149078369140625,0.040792889472578774,0.043026506900787354,0.00520059651723337,0.029682250018235257,1.0,1.0,0,1,0.5,48,0.04697733395732939,1.0,1.0,0.5,48,-0.0554046465549618,1.0,1.0,0.5,48,0.04356615788613757,1.0,1.0,0.5,48,-0.044898964542274676,1.0,1.0
energy_s0.100_d0.500_v0.300_trot_p0.48.npz,5,0.3,0.5,0.1,0.48,trot,1,1,1,0.017701924446154624,1,0.18308620888476237,0.3834921184728236,15.902716198094272,33.55788861707223,0.5957870483398438,0.5,0.0,0.09558387442181507,0.004416125578184937,0.005200110888108612,0.006146676223337029,0.31070586014539003,0.010705860145390045,0.004036135615157592,0.00601959228515625,0.04067636299242024,0.043348297476768494,0.004856352593458097,0.029352011395578394,1.0,1.0,0,1,0.5,48,0.04700608365237713,1.0,1.0,0.5,48,-0.055572191486135125,1.0,1.0,0.5,48,0.04336823608415822,1.0,1.0,0.5,48,-0.04522123762095968,1.0,1.0
energy_s0.100_d0.500_v0.300_trot_p0.48.npz,6,0.3,0.5,0.1,0.48,trot,1,1,1,0.0066741538117759715,1,0.17438179126286107,0.3736528425559495,15.323852037392324,32.84152057478547,0.5965728759765625,0.5,0.0,0.0954899654413263,0.004510034558673701,0.005417090165428818,0.006234851432964205,0.3112959408511718,0.011295940851171804,0.014502931316448708,0.01522064208984375,0.04032740728416581,0.04236241802573204,0.004277289478907797,0.02851867964083943,1.0,1.0,0,1,0.5,48,0.04662008754288157,1.0,1.0,0.5,48,-0.056002917078634105,1.0,1.0,0.5,48,0.04327707830816507,1.0,1.0,0.5,48,-0.045079847952971853,1.0,1.0
energy_s0.100_d0.500_v0.300_trot_p0.48.npz,7,0.3,0.5,0.1,0.48,trot,1,1,0,0.022221190322085627,0,0.18767868200720542,0.3908179909147598,16.66817336496959,34.263541793914165,0.596527099609375,0.5,0.0,0.09527206529552737,0.004727934704472636,0.005247082545732459,0.006146518437890335,0.3107786284138759,0.01077862841387589,0.012796344943285975,0.01563262939453125,0.040591533164734,0.042943187057971954,0.005275130372600551,0.029602644800666048,1.0,1.0,0,1,0.5,48,0.04681424594794711,1.0,1.0,0.5,48,-0.05544789360525707,1.0,1.0,0.5,48,0.043617886335899435,1.0,1.0,0.5,48,-0.044664104701951146,1.0,1.0
energy_s0.100_d0.625_v0.300_trot_p0.48.npz,0,0.3,0.625,0.1,0.48,trot,1,1,1,0.005468710265619395,1,0.21983909279797323,0.4466814646547087,19.34852954887125,39.24281330500954,0.59588623046875,0.625,0.0,0.1003756353010734,0.0003756353010733876,0.0038676114442447816,0.004590071250762169,0.3117550552512209,0.011755055251220892,0.008208879300315644,0.00982666015625,0.03682615739233997,0.03777262941002846,0.006203124795245451,0.01602196123448637,1.0,1.0,0,1,0.625,60,0.05120869725942612,1.0,1.0,0.625,60,-0.05653989476462205,1.0,1.0,0.625,60,0.04505076302836339,1.0,1.0,0.625,60,-0.04795191554973523,1.0,1.0
energy_s0.100_d0.625_v0.300_trot_p0.48.npz,1,0.3,0.625,0.1,0.48,trot,1,1,1,0.0030100508188767206,1,0.21948967133637698,0.4462491549155645,19.27952309556821,39.222600079243435,0.5966796875,0.625,0.0,0.10040797622253497,0.000407976222534967,0.003828595827023188,0.0045794819481670855,0.3108650377641122,0.010865037764112184,0.01322479482421643,0.0153961181640625,0.03793125535785431,0.039012495428323746,0.00639414604741072,0.015890141543761595,1.0,1.0,0,1,0.625,60,0.051311804726719853,1.0,1.0,0.625,60,-0.05639831895629565,1.0,1.0,0.625,60,0.04492191566775242,1.0,1.0,0.625,60,-0.04818391309430202,1.0,1.0
energy_s0.100_d0.625_v0.300_trot_p0.48.npz,2,0.3,0.625,0.1,0.48,trot,1,1,1,0.003202017657394709,1,0.21959680606456328,0.44663613857161255,19.271158010074657,39.164571804820596,0.596221923828125,0.625,0.0,0.10041750821595391,0.0004175082159539045,0.0038461355026811364,0.0045969590796933815,0.31089748566349346,0.010897485663493467,0.012955758779258688,0.0150909423828125,0.037692100833008814,0.03874152898788452,0.006317030149021451,0.01598003582632223,1.0,1.0,0,1,0.625,60,0.05130850498874982,1.0,1.0,0.625,60,-0.056449715482691926,1.0,1.0,0.625,60,0.04490585532039404,1.0,1.0,0.625,60,-0.048170940640072026,1.0,1.0
energy_s0.100_d0.625_v0.300_trot_p0.48.npz,3,0.3,0.625,0.1,0.48,trot,1,1,1,0.0033802801966046647,1,0.21742082554542969,0.44488489432383094,19.147094134240874,39.1708006268877,0.5977554321289062,0.625,0.0,0.10044345930218697,0.00044345930218696317,0.0038104946725070477,0.004559694826214884,0.31166903115808964,0.011669031158089649,0.012395112169302891,0.0145111083984375,0.03708163705742814,0.03814069554209709,0.006240657486429264,0.016009606032580097,1.0,1.0,0,1,0.625,60,0.051293566326300305,1.0,1.0,0.625,60,-0.0564079616839687,1.0,1.0,0.625,60,0.044965681806206706,1.0,1.0,0.625,60,-0.048219708787898226,1.0,1.0
energy_s0.100_d0.625_v0.300_trot_p0.48.npz,4,0.3,0.625,0.1,0.48,trot,1,1,1,0.004590207358914934,1,0.21736817120945628,0.445926742838034,19.134302018579522,39.25050550453665,0.5974386930465698,0.625,0.0,0.10040577184408904,0.000405771844089034,0.0038027644778291384,0.004551494278712198,0.3115568837771813,0.011556883777181337,0.010858639012425552,0.0129547119140625,0.03745382751758639,0.0383000448346138,0.006333298642494868,0.015891258794345386,1.0,1.0,0,1,0.625,60,0.05130132331202428,1.0,1.0,0.625,60,-0.05634646254281203,1.0,1.0,0.625,60,0.044910461517671744,1.0,1.0,0.625,60,-0.04825329631567001,1.0,1.0
energy_s0.100_d0.625_v0.300_trot_p0.48.npz,5,0.3,0.625,0.1,0.48,trot,1,1,1,0.005489389702978772,1,0.2183856347450467,0.4441614591701739,19.20294172340623,39.11015989972499,0.597442626953125,0.625,0.0,0.10033090210830173,0.00033090210830172273,0.003816893246645728,0.004556904612885167,0.31165005390842754,0.011650053908427549,0.012165557098548455,0.014190673828125,0.03729827543340782,0.03802531957626343,0.006208500776603154,0.015766482450928054,1.0,1.0,0,1,0.625,60,0.05118152176340421,1.0,1.0,0.625,60,-0.05642113871872425,1.0,1.0,0.625,60,0.044942099849383035,1.0,1.0,0.625,60,-0.04811704388509194,1.0,1.0
energy_s0.100_d0.625_v0.300_trot_p0.48.npz,6,0.3,0.625,0.1,0.48,trot,1,1,1,0.004018041282316423,1,0.2195702847191821,0.4465817774414913,19.306108074261665,39.22189038844859,0.5966949462890625,0.625,0.0,0.1004250812654694,0.0004250812654693903,0.003824353155990442,0.004575491395856564,0.31103819484512013,0.011038194845120142,0.01214651882122678,0.0142822265625,0.03768547588714138,0.03868548572063446,0.0062715405040608425,0.01582349417327861,1.0,1.0,0,1,0.625,60,0.051297884248197076,1.0,1.0,0.625,60,-0.0564128952100873,1.0,1.0,0.625,60,0.04491591180364291,1.0,1.0,0.625,60,-0.0482234712690115,1.0,1.0
energy_s0.100_d0.625_v0.300_trot_p0.48.npz,7,0.3,0.625,0.1,0.48,trot,1,1,1,0.0033267664406035464,1,0.220437915470938,0.446677058761082,19.375501758716513,39.248408016037075,0.597076416015625,0.625,0.0,0.10043881057451169,0.00043881057451168604,0.0038373494831224282,0.004591505342007925,0.31098019362737733,0.010980193627377344,0.013224809577220548,0.015378952026367188,0.03786924539146833,0.03872787579894066,0.00629983419774942,0.01589919715859261,1.0,1.0,0,1,0.625,60,0.051334420467416444,1.0,1.0,0.625,60,-0.056418134334186715,1.0,1.0,0.625,60,0.04489780279497305,1.0,1.0,0.625,60,-0.04822726355244716,1.0,1.0
energy_s0.100_d0.750_v0.300_trot_p0.48.npz,0,0.3,0.75,0.1,0.48,trot,1,1,1,0.004944968493486398,1,0.3010126137462551,0.6095153836784853,26.196778339323917,52.96599352092295,0.590576171875,0.75,0.0,0.10611426773377591,0.006114267733775908,0.0048927819977204,0.005377886993422482,0.30864065140485764,0.008640651404857647,0.0011779243245943864,0.00213623046875,0.02222453984905454,0.025924919173121452,0.006086678866386035,0.028644387742268324,1.0,1.0,0,1,0.75,72,0.054730060769038066,1.0,1.0,0.75,72,-0.0604412745580905,1.0,1.0,0.75,72,0.049847693648189306,1.0,1.0,0.75,72,-0.04720950649223394,1.0,1.0
energy_s0.100_d0.750_v0.300_trot_p0.48.npz,1,0.3,0.75,0.1,0.48,trot,1,1,1,0.0036601909049895527,1,0.3006493786871096,0.6105132242350948,26.249251184762688,53.23030065789851,0.59185791015625,0.75,0.0,0.10621745007423063,0.006217450074230621,0.004946680736934972,0.005423044667501623,0.3088490714629491,0.00884907146294911,0.0011194322126033324,0.002197265625,0.022221171888560164,0.02607938088476658,0.006084408713015872,0.029317396285374196,1.0,1.0,0,1,0.75,72,0.05473807236800591,1.0,1.0,0.75,72,-0.06061264375845591,1.0,1.0,0.75,72,0.04993950011622575,1.0,1.0,0.75,72,-0.04714468390577369,1.0,1.0
energy_s0.100_d0.750_v0.300_trot_p0.48.npz,2,0.3,0.75,0.1,0.48,trot,1,1,1,0.004054998040980855,1,0.30138143322241306,0.6097194856334495,26.25486178623005,53.1425358504645,0.591522216796875,0.75,0.0,0.10614748863089415,0.006147488630894149,0.004943649507024221,0.005422674111711482,0.30863973622520763,0.00863973622520764,0.0007135914407187326,0.0017242431640625,0.02208516984825137,0.025906896218657494,0.0060731804329925525,0.029350190911621245,1.0,1.0,0,1,0.75,72,0.054692125154866114,1.0,1.0,0.75,72,-0.060564501418007746,1.0,1.0,0.75,72,0.04995314978683988,1.0,1.0,0.75,72,-0.047085200902074575,1.0,1.0
energy_s0.100_d0.750_v0.300_trot_p0.48.npz,3,0.3,0.75,0.1,0.48,trot,1,1,1,0.0035363773087889352,1,0.3010367680424001,0.6093953673572298,26.21904312653686,53.06449820979414,0.5912017822265625,0.75,0.0,0.1061341526090271,0.0061341526090270965,0.004941377721519933,0.0054256675726113215,0.3082797797396779,0.008279779739677917,0.0011848325251776976,0.0023040771484375,0.02215602983089097,0.025839518755674362,0.006156399024067768,0.029167586881918842,1.0,1.0,0,1,0.75,72,0.05473789257100887,1.0,1.0,0.75,72,-0.060524877419488296,1.0,1.0,0.75,72,0.04990124443752898,1.0,1.0,0.75,72,-0.04710429079002804,1.0,1.0
energy_s0.100_d0.750_v0.300_trot_p0.48.npz,4,0.3,0.75,0.1,0.48,trot,1,1,1,0.003139552648368469,1,0.30072575968628,0.6101555661475312,26.1812132283826,53.124334883919076,0.591090053319931,0.75,0.0,0.10604282908348574,0.006042829083485732,0.004898729190851251,0.005385755181002119,0.3082179892808199,0.008217989280819904,0.0009475101895893697,0.001922607421875,0.022235741740993457,0.025943050161004066,0.006091474649793824,0.02928835125945275,1.0,1.0,0,1,0.75,72,0.05472612541375889,1.0,1.0,0.75,72,-0.060379814356565475,1.0,1.0,0.75,72,0.049865450192656785,1.0,1.0,0.75,72,-0.047114268203990325,1.0,1.0
energy_s0.100_d0.750_v0.300_trot_p0.48.npz,5,0.3,0.75,0.1,0.48,trot,1,1,1,0.003625928100728791,1,0.3010007891350325,0.6090887491778656,26.239377041883166,53.11166864685801,0.59185791015625,0.75,0.0,0.10608372350947724,0.006083723509477237,0.004905980866816308,0.005391531179581458,0.3087086606149872,0.008708660614987207,0.0011129568589231182,0.0021514892578125,0.022423169305319207,0.02613254263997078,0.006082053881930309,0.029182723305236483,1.0,1.0,0,1,0.75,72,0.05468427234639724,1.0,1.0,0.75,72,-0.06044890850575434,1.0,1.0,0.75,72,0.04991631944560342,1.0,1.0,0.75,72,-0.04711794672119948,1.0,1.0
energy_s0.100_d0.750_v0.300_trot_p0.48.npz,6,0.3,0.75,0.1,0.48,trot,1,1,1,0.0030904954430217902,1,0.30101587797365226,0.6087298352510617,26.27954294099922,53.12333405652084,0.5924530029296875,0.75,0.0,0.10618544018103017,0.0061854401810301635,0.004952268607707486,0.005427466955734417,0.30870721613367397,0.008707216133673978,0.0007712967427911704,0.0016937255859375,0.022037115532433614,0.025676073506474495,0.00608573962437658,0.029270005393116038,1.0,1.0,0,1,0.75,72,0.0547540134543346,1.0,1.0,0.75,72,-0.060576756898727685,1.0,1.0,0.75,72,0.04992427723482251,1.0,1.0,0.75,72,-0.04711583277417554,1.0,1.0
energy_s0.100_d0.750_v0.300_trot_p0.48.npz,7,0.3,0.75,0.1,0.48,trot,1,1,1,0.0037524504341258785,1,0.30105448806185775,0.6082848616141887,26.25188148568236,53.04056117218401,0.5918426513671875,0.75,0.0,0.1061508181090984,0.006150818109098399,0.004959462665849261,0.005440478244175513,0.3083279288063447,0.008327928806344698,0.0008645695453984919,0.0018596649169921875,0.02201874277979066,0.025609871372580528,0.006115742445300329,0.029562547592406237,1.0,1.0,0,1,0.75,72,0.05469327554520634,1.0,1.0,0.75,72,-0.06060305925913983,1.0,1.0,0.75,72,0.049963708966970444,1.0,1.0,0.75,72,-0.04704159244688021,1.0,1.0
energy_s0.200_d0.500_v0.300_trot_p0.48.npz,0,0.3,0.5,0.2,0.48,trot,1,1,1,0.010742084455090683,1,0.17443014972870663,0.39963256313631496,15.138314626157333,34.416298453755985,0.587860107421875,0.5,0.0,0.18261651345528662,0.01738348654471339,0.008832173802269005,0.006383546515523149,0.30708029804130393,0.007080298041303945,0.018885700496466016,0.02294921875,0.016155754014376966,0.017090845853090286,0.006173557511594586,0.012244472966761507,1.0,1.0,0,1,0.5,48,0.08634962886571884,1.0,1.0,0.5,48,-0.09999236790463328,1.0,1.0,0.5,48,0.0909986482001841,1.0,1.0,0.5,48,-0.08789238194003701,1.0,1.0
energy_s0.200_d0.500_v0.300_trot_p0.48.npz,1,0.3,0.5,0.2,0.48,trot,1,1,1,0.013565292380619702,1,0.18214019726672834,0.3953395537063654,15.826975815158399,34.31555225444345,0.5887908935546875,0.5,0.0,0.18240874935872853,0.017591250641271483,0.00900722353253514,0.006522656965535137,0.3071411941200495,0.007141194120049488,0.018304795249307438,0.0211029052734375,0.016027096036259368,0.017000310122966766,0.006683027518067309,0.012286038703526198,1.0,1.0,0,1,0.5,48,0.08611640923966964,1.0,1.0,0.5,48,-0.10015927534550428,1.0,1.0,0.5,48,0.09128619777038693,1.0,1.0,0.5,48,-0.0872556163618962,1.0,1.0
energy_s0.200_d0.500_v0.300_trot_p0.48.npz,2,0.3,0.5,0.2,0.48,trot,1,1,1,0.0135719659432516,1,0.18408239016801317,0.4021188259323263,15.87393575703054,34.83683419244386,0.588775634765625,0.5,0.0,0.18245210545137525,0.017547894548624765,0.009012506343424325,0.00652835989215722,0.3071321149667104,0.007132114966710401,0.02381533227997451,0.02642822265625,0.015765377093845127,0.01692487858235836,0.00664082949482036,0.012317803173644825,1.0,1.0,0,1,0.5,48,0.08610122386987011,1.0,1.0,0.5,48,-0.10023000743240118,1.0,1.0,0.5,48,0.09135222823048632,1.0,1.0,0.5,48,-0.0872207513699929,1.0,1.0
energy_s0.200_d0.500_v0.300_trot_p0.48.npz,3,0.3,0.5,0.2,0.48,trot,1,1,1,0.016153561621661174,1,0.17238235455029163,0.38187922017067555,14.851232259411496,33.08771480669098,0.5894699096679688,0.5,0.0,0.1828682937193662,0.01713170628063382,0.009047771377178533,0.0065463672120434566,0.3074635285884142,0.007463528588414203,0.023540060552060253,0.028350830078125,0.01535310460804433,0.01643839292228222,0.007206942003136467,0.012062722321223397,1.0,1.0,0,1,0.5,48,0.08569435806324084,1.0,1.0,0.5,48,-0.10089748290677865,1.0,1.0,0.5,48,0.09147783275693655,1.0,1.0,0.5,48,-0.08766691371177633,1.0,1.0
energy_s0.200_d0.500_v0.300_trot_p0.48.npz,4,0.3,0.5,0.2,0.48,trot,1,1,0,0.021660689236310874,0,0.1812596404480492,0.39489387030523576,15.7220992964683,34.08984033063905,0.5885404348373413,0.5,0.0,0.18263408370936912,0.01736591629063089,0.008966877575342858,0.006524944161841028,0.3069723720351855,0.006972372035185526,0.020513187685129164,0.0234832763671875,0.01642578368285435,0.017600100487470627,0.00674523626006975,0.012349376005001009,1.0,1.0,0,1,0.5,48,0.08627657561252515,1.0,1.0,0.5,48,-0.10036310274153948,1.0,1.0,0.5,48,0.09144010643164317,1.0,1.0,0.5,48,-0.08718838263303041,1.0,1.0
energy_s0.200_d0.500_v0.300_trot_p0.48.npz,5,0.3,0.5,0.2,0.48,trot,1,1,0,0.020269060184159974,0,0.18027623281899902,0.39567080680490513,15.588414805955662,34.29124767739961,0.587249755859375,0.5,0.0,0.18248993918920556,0.017510060810794453,0.008895627688616518,0.00643556261978423,0.30636715857932967,0.006367158579329679,0.021309055580353675,0.02439117431640625,0.016550828895767124,0.017911523580551147,0.005889093604503276,0.012712650565371929,1.0,1.0,0,1,0.5,48,0.08639389167850216,1.0,1.0,0.5,48,-0.09991776741420229,1.0,1.0,0.5,48,0.09127704597388704,1.0,1.0,0.5,48,-0.08739117331181963,1.0,1.0
energy_s0.200_d0.500_v0.300_trot_p0.48.npz,6,0.3,0.5,0.2,0.48,trot,1,1,0,0.023138555669196547,0,0.17668396851470614,0.3866739633151691,15.466425773397894,33.62074917024835,0.5886993408203125,0.5,0.0,0.18278806253025928,0.01721193746974073,0.00895072639298936,0.006506350644243263,0.3070642929524183,0.0070642929524183384,0.02067597961998587,0.0251312255859375,0.015520081921157725,0.01679864153265953,0.006935868797433706,0.012278894072883548,1.0,1.0,0,1,0.5,48,0.08587237866595387,1.0,1.0,0.5,48,-0.10057163362701733,1.0,1.0,0.5,48,0.09150284482166171,1.0,1.0,0.5,48,-0.08762926794588566,1.0,1.0
energy_s0.200_d0.500_v0.300_trot_p0.48.npz,7,0.3,0.5,0.2,0.48,trot,1,1,0,0.03442594332355414,0,0.1765392766315833,0.3938599269732442,15.432186528987295,33.78370979027225,0.588775634765625,0.5,0.0,0.18313036556355655,0.01686963443644346,0.008872550314602755,0.006424882065039131,0.3071887365852793,0.007188736585279298,0.02698975321636595,0.031299591064453125,0.015194477127337614,0.016717175021767616,0.0070990557271926125,0.012343247733340166,1.0,1.0,0,1,0.5,48,0.08617327005291979,1.0,1.0,0.5,48,-0.10075826104730368,1.0,1.0,0.5,48,0.09140282760684688,1.0,1.0,0.5,48,-0.08792637242004275,1.0,1.0
energy_s0.200_d0.625_v0.300_trot_p0.48.npz,0,0.3,0.625,0.2,0.48,trot,1,1,1,0.003596831414169885,1,0.22586469571533632,0.44299704334993995,19.628914635011924,38.52178744848503,0.590179443359375,0.625,0.0,0.18435813393443823,0.015641866065561782,0.007828898634761576,0.006841091920311257,0.30881950072944164,0.008819500729441654,0.0067922453235520815,0.0086669921875,0.017966675250359016,0.01879122294485569,0.005477144175492754,0.0113676821845574,1.0,1.0,0,1,0.625,60,0.09120981941620508,1.0,1.0,0.625,60,-0.09914416633546352,1.0,1.0,0.625,60,0.09029279289146265,1.0,1.0,0.625,60,-0.0880694892257452,1.0,1.0
energy_s0.200_d0.625_v0.300_trot_p0.48.npz,1,0.3,0.625,0.2,0.48,trot,1,1,1,0.004740149049829905,1,0.2245383741947602,0.4411045669886994,19.58442992083399,38.49299083860273,0.591766357421875,0.625,0.0,0.18435114330301683,0.015648856696983182,0.00782851620887717,0.006819945954096819,0.3084873619178931,0.008487361917893121,0.005302428970519868,0.0068206787109375,0.01809132328287946,0.018858864903450012,0.005525555648928198,0.010596343813355384,1.0,1.0,0,1,0.625,60,0.09122539820770423,1.0,1.0,0.625,60,-0.09910390662650267,1.0,1.0,0.625,60,0.09024382842083772,1.0,1.0,0.625,60,-0.08812915335098902,1.0,1.0
energy_s0.200_d0.625_v0.300_trot_p0.48.npz,2,0.3,0.625,0.2,0.48,trot,1,1,1,0.003345380856385712,1,0.22498507611936286,0.44174982447498096,19.59426600905163,38.44424541862969,0.59112548828125,0.625,0.0,0.1843002053598563,0.015699794640143705,0.007853092712660634,0.006837820316043998,0.3084454343964656,0.008445434396465612,0.006580388718658955,0.007781982421875,0.018146230843735466,0.018952835351228714,0.005527746319671057,0.010749169379383586,1.0,1.0,0,1,0.625,60,0.09118521523972352,1.0,1.0,0.625,60,-0.09906575654943785,1.0,1.0,0.625,60,0.09022425139943759,1.0,1.0,0.625,60,-0.08812518753111362,1.0,1.0
energy_s0.200_d0.625_v0.300_trot_p0.48.npz,3,0.3,0.625,0.2,0.48,trot,1,1,1,0.003147138686191645,1,0.22438484796789007,0.4408253346323906,19.557249139871665,38.47954101164602,0.592498779296875,0.625,0.0,0.18437295500189066,0.015627044998109352,0.007826193651805325,0.006824563532912487,0.3089067380254467,0.008906738025446725,0.007852721179705558,0.009796142578125,0.017520222743518794,0.01836404949426651,0.005511458245283326,0.01092143041103302,1.0,1.0,0,1,0.625,60,0.09117925614118576,1.0,1.0,0.625,60,-0.09918785579502583,1.0,1.0,0.625,60,0.09024932608008385,1.0,1.0,0.625,60,-0.08812947198748589,1.0,1.0
energy_s0.200_d0.625_v0.300_trot_p0.48.npz,4,0.3,0.625,0.2,0.48,trot,1,1,1,0.002781012981743302,1,0.22420274192318893,0.44262613690151037,19.55746341441307,38.604800140756815,0.5920682549476624,0.625,0.0,0.18438979834318162,0.015610201656818395,0.0078051008284091995,0.006815530937941129,0.3087598957742254,0.008759895774225424,0.008865954044661485,0.0106048583984375,0.01775935225886702,0.01861184649169445,0.0056004869914779145,0.010828937276640922,1.0,1.0,0,1,0.625,60,0.09123698982099691,1.0,1.0,0.625,60,-0.09904470729331176,1.0,1.0,0.625,60,0.09023492895066738,1.0,1.0,0.625,60,-0.08826297062138716,1.0,1.0
energy_s0.200_d0.625_v0.300_trot_p0.48.npz,5,0.3,0.625,0.2,0.48,trot,1,1,1,0.003178592303657587,1,0.2249134896790627,0.44158917782063095,19.616378811471677,38.5294909136896,0.5919570922851562,0.625,0.0,0.1843717663238446,0.0156282336761554,0.00781715488682191,0.006819750108600909,0.30866309224317473,0.008663092243174741,0.00980700892138093,0.011810302734375,0.017869404448087055,0.018706807866692543,0.005502811086153003,0.011025538675311508,1.0,1.0,0,1,0.625,60,0.09121419861912727,1.0,1.0,0.625,60,-0.09910725218554338,1.0,1.0,0.625,60,0.09023083324233691,1.0,1.0,0.625,60,-0.08819124860068163,1.0,1.0
energy_s0.200_d0.625_v0.300_trot_p0.48.npz,6,0.3,0.625,0.2,0.48,trot,1,1,1,0.004118032228751601,1,0.22471299481271606,0.4407565055367653,19.599655281687106,38.4461740114168,0.592041015625,0.625,0.0,0.1842976367721955,0.015702363227804522,0.007853764432171983,0.006839888814526304,0.3084894632920623,0.008489463292062294,0.007461088958884112,0.00940704345703125,0.018163081850152366,0.018954366445541382,0.005514905856678486,0.010721006909169982,1.0,1.0,0,1,0.625,60,0.09117544293403626,1.0,1.0,0.625,60,-0.09906944098571936,1.0,1.0,0.625,60,0.0902334469060103,1.0,1.0,0.625,60,-0.08811694271862507,1.0,1.0
energy_s0.200_d0.625_v0.300_trot_p0.48.npz,7,0.3,0.625,0.2,0.48,trot,1,1,1,0.00393155254721716,1,0.225040140490946,0.44163851004567234,19.612164292127268,38.49309167545431,0.5915374755859375,0.625,0.0,0.18430347243944803,0.01569652756055198,0.007851450555026535,0.006837455672211949,0.308490341839691,0.008490341839690996,0.009739654927526103,0.011659622192382812,0.018010063086904077,0.018804116174578667,0.005525040344050205,0.01068797998287069,1.0,1.0,0,1,0.625,60,0.09117579609155654,1.0,1.0,0.625,60,-0.09907728681961696,1.0,1.0,0.625,60,0.09023747208217779,1.0,1.0,0.625,60,-0.08811638988554478,1.0,1.0
energy_s0.200_d0.750_v0.300_trot_p0.48.npz,0,0.3,0.75,0.2,0.48,trot,1,1,1,0.0032821741900396937,1,0.29557724630546883,0.58913626467922,25.577097187573585,50.987413859224525,0.586944580078125,0.75,0.0,0.1883071003895667,0.011692899610433322,0.006622977316793471,0.0063645607985866595,0.30617996274183196,0.006179962741831968,0.02027049127026938,0.024322509765625,0.0050835736917116655,0.007478955667465925,0.006126357843458258,0.020762990668032586,1.0,1.0,0,1,0.75,72,0.09480128716677427,1.0,1.0,0.75,72,-0.10154738504853514,1.0,1.0,0.75,72,0.09271082830511862,1.0,1.0,0.75,72,-0.08755470025870535,1.0,1.0
energy_s0.200_d0.750_v0.300_trot_p0.48.npz,1,0.3,0.75,0.2,0.48,trot,1,1,1,0.0019316632666806037,1,0.2962591026337972,0.590667960390652,25.642681494079973,51.12417917866024,0.587554931640625,0.75,0.0,0.18825492847503889,0.011745071524961126,0.006627053131038947,0.00637131565017626,0.30640547908842564,0.006405479088425647,0.017421780741993274,0.0204010009765625,0.0054101941630460455,0.007846604101359844,0.005946002235471107,0.020398089310165943,1.0,1.0,0,1,0.75,72,0.09486815736939509,1.0,1.0,0.75,72,-0.10150755238201883,1.0,1.0,0.75,72,0.09253049114098151,1.0,1.0,0.75,72,-0.0876036560576823,1.0,1.0
energy_s0.200_d0.750_v0.300_trot_p0.48.npz,2,0.3,0.75,0.2,0.48,trot,1,1,1,0.0020466149249966214,1,0.296415234710649,0.590173508133404,25.674193020389417,51.12201032766967,0.58795166015625,0.75,0.0,0.1882525801969071,0.011747419803092907,0.006650179505555169,0.006392850140885763,0.3064323930690686,0.00643239306906862,0.016803796878511128,0.0200958251953125,0.005297434939117825,0.007779562845826149,0.005935017691179315,0.020272609918752026,1.0,1.0,0,1,0.75,72,0.09486541659053829,1.0,1.0,0.75,72,-0.1015520298646556,1.0,1.0,0.75,72,0.0925580511490504,1.0,1.0,0.75,72,-0.08752966278956996,1.0,1.0
energy_s0.200_d0.750_v0.300_trot_p0.48.npz,3,0.3,0.75,0.2,0.48,trot,1,1,1,0.0021210581036318213,1,0.29617094025896906,0.5890741568018694,25.68687199533326,51.11130962772306,0.5888290405273438,0.75,0.0,0.18833078319827715,0.011669216801722865,0.006621540865550442,0.006365750299301001,0.3070840584114194,0.007084058411419403,0.018679198391820907,0.0218963623046875,0.005083478424091182,0.007654939312487841,0.006011914208028162,0.020411838103265183,1.0,1.0,0,1,0.75,72,0.09486852327568664,1.0,1.0,0.75,72,-0.10157386492937803,1.0,1.0,0.75,72,0.0926179542309708,1.0,1.0,0.75,72,-0.08760122396051884,1.0,1.0
energy_s0.200_d0.750_v0.300_trot_p0.48.npz,4,0.3,0.75,0.2,0.48,trot,1,1,1,0.0011785676035588571,1,0.29636192870560035,0.5921537490517934,25.678782755180485,51.305227309015336,0.588113009929657,0.75,0.0,0.18824902901218996,0.011750970987810055,0.006610428531550702,0.006358425505459312,0.3066888079047203,0.0066888079047203175,0.01920742910766713,0.022735595703125,0.005435416961479895,0.00803186371922493,0.0059679435115803404,0.020283361770782698,1.0,1.0,0,1,0.75,72,0.09489314330534802,1.0,1.0,0.75,72,-0.10146846591184537,1.0,1.0,0.75,72,0.09252679492864344,1.0,1.0,0.75,72,-0.08760965387854311,1.0,1.0
energy_s0.200_d0.750_v0.300_trot_p0.48.npz,5,0.3,0.75,0.2,0.48,trot,1,1,1,0.0014155953223168594,1,0.29612253156564616,0.5897022689176024,25.674516639201613,51.12139155272499,0.588409423828125,0.75,0.0,0.18825331076772678,0.011746689232273233,0.006619115220382813,0.0063636694219894735,0.3068768425534169,0.0068768425534169175,0.01858994040155778,0.0220947265625,0.0055682340634202535,0.008021668531000614,0.005969676656815554,0.02041348945437226,1.0,1.0,0,1,0.75,72,0.09485676729430755,1.0,1.0,0.75,72,-0.10149079250792663,1.0,1.0,0.75,72,0.0925723717858394,1.0,1.0,0.75,72,-0.08758668994737996,1.0,1.0
energy_s0.200_d0.750_v0.300_trot_p0.48.npz,6,0.3,0.75,0.2,0.48,trot,1,1,1,0.0028499446114937047,1,0.29638634175228606,0.5899356511255011,25.673136252219848,51.083445287171195,0.58782958984375,0.75,0.0,0.18824997792641324,0.011750022073586774,0.00663896848758062,0.006383934597639991,0.3064514445140958,0.006451444514095794,0.016922610196975538,0.0203094482421875,0.005325339439064557,0.007765060756355524,0.005924847922931652,0.02034649618901644,1.0,1.0,0,1,0.75,72,0.0948698323013054,1.0,1.0,0.75,72,-0.10152772224197786,1.0,1.0,0.75,72,0.0925463464938932,1.0,1.0,0.75,72,-0.08755605481564999,1.0,1.0
energy_s0.200_d0.750_v0.300_trot_p0.48.npz,7,0.3,0.75,0.2,0.48,trot,1,1,1,0.002397052038341451,1,0.2961374979460167,0.5893664432356223,25.675338159683218,51.12754974282898,0.5887451171875,0.75,0.0,0.1882882753594054,0.011711724640594612,0.006631888014574848,0.006376257170146955,0.30650976952165365,0.006509769521653663,0.01914034079320442,0.02271270751953125,0.005217034290024703,0.007753852754831314,0.005942187516328626,0.020343208498721288,1.0,1.0,0,1,0.75,72,0.09489069620354308,1.0,1.0,0.75,72,-0.10155205138855511,1.0,1.0,0.75,72,0.09256886525286569,1.0,1.0,0.75,72,-0.08756493787384695,1.0,1.0
energy_s0.300_d0.500_v0.300_trot_p0.48.npz,0,0.3,0.5,0.3,0.48,trot,1,1,1,0.0170510239189694,1,0.21185767944479816,0.4500145987951345,18.681409446019558,38.92459284285007,0.589447021484375,0.5,0.0,0.288342701892058,0.011657298107941971,0.007415418482075132,0.006241009609463312,0.3075728031496207,0.0075728031496207215,0.00483890902324392,0.007232666015625,0.0012371146349011311,0.0023688802029937506,0.006818937079435984,0.01661509722294924,1.0,1.0,0,1,0.5,48,0.1400512751812736,1.0,1.0,0.5,48,-0.15317353885620832,1.0,1.0,0.5,48,0.1452169238279263,1.0,1.0,0.5,48,-0.13824366591870785,1.0,1.0
energy_s0.300_d0.500_v0.300_trot_p0.48.npz,1,0.3,0.5,0.3,0.48,trot,1,1,1,0.011686986740347887,1,0.22277524668726606,0.42944621419879747,19.34744327286638,37.334353586689105,0.5896148681640625,0.5,0.0,0.28864037711173296,0.01135962288826703,0.007354809561123448,0.006230385904200373,0.3077894812449813,0.0077894812449813,0.0049366063982931785,0.0071258544921875,0.0008832645694381738,0.0014359925407916307,0.006218901323149801,0.015949802976897052,1.0,1.0,0,1,0.5,48,0.13974488278230032,1.0,1.0,0.5,48,-0.15334999623397985,1.0,1.0,0.5,48,0.14574403905620179,1.0,1.0,0.5,48,-0.13844183615098396,1.0,1.0
energy_s0.300_d0.500_v0.300_trot_p0.48.npz,2,0.3,0.5,0.3,0.48,trot,1,1,1,0.013012995270660892,1,0.22038705409949177,0.4275127854658652,19.187228521989113,37.29705860468128,0.590423583984375,0.5,0.0,0.2886783929231266,0.011321607076873408,0.007331458432599899,0.006210651101234057,0.30777552009870607,0.007775520098706079,0.005498592246684328,0.00787353515625,0.0009590180783571486,0.0015038909623399377,0.006175290418951949,0.01612933627940849,1.0,1.0,0,1,0.5,48,0.13977939480294785,1.0,1.0,0.5,48,-0.1533413097883264,1.0,1.0,0.5,48,0.1457644778614243,1.0,1.0,0.5,48,-0.1384716033935547,1.0,1.0
energy_s0.300_d0.500_v0.300_trot_p0.48.npz,3,0.3,0.5,0.3,0.48,trot,1,1,1,0.007702937189331162,1,0.21436414610585977,0.4309731389999283,18.717605455378795,37.40535989798943,0.5901412963867188,0.5,0.0,0.2885778102402886,0.011422189759711376,0.007280384469777343,0.006106615004440148,0.3077528305972616,0.007752830597261617,0.0054303581141121925,0.008392333984375,0.0005295528880898089,0.0013112538727000356,0.006207136939740615,0.016028071665841234,1.0,1.0,0,1,0.5,48,0.14002039500822624,1.0,1.0,0.5,48,-0.15313857917984328,1.0,1.0,0.5,48,0.14552854125698408,1.0,1.0,0.5,48,-0.13846810503552356,1.0,1.0
energy_s0.300_d0.500_v0.300_trot_p0.48.npz,4,0.3,0.5,0.3,0.48,trot,1,1,1,0.010926785040330808,1,0.22270911037475075,0.43756822982103005,19.3367994036474,37.97804234478348,0.5901656150817871,0.5,0.0,0.28850920917466283,0.01149079082533716,0.007422981985534229,0.006232022711386283,0.307770859139661,0.007770859139661024,0.005650398773517023,0.0085906982421875,0.0008903036683184015,0.002573489211499691,0.00625872430199593,0.01562203923745749,1.0,1.0,0,1,0.5,48,0.13975358754396439,1.0,1.0,0.5,48,-0.1533551731457313,1.0,1.0,0.5,48,0.1456149099394679,1.0,1.0,0.5,48,-0.13829474772016206,1.0,1.0
energy_s0.300_d0.500_v0.300_trot_p0.48.npz,5,0.3,0.5,0.3,0.48,trot,1,1,1,0.008022563998922592,1,0.2159553744325679,0.4263641893667192,18.77518776402058,37.05772516368049,0.5895919799804688,0.5,0.0,0.28878749456877506,0.011212505431224928,0.007170617161318657,0.006040482688695191,0.3074386954928438,0.0074386954928438165,0.005877223259498175,0.00841522216796875,0.0007945674678365678,0.0013837626902386546,0.006014165115783468,0.016302973426049465,1.0,1.0,0,1,0.5,48,0.14008311306436858,1.0,1.0,0.5,48,-0.1531287288914124,1.0,1.0,0.5,48,0.14557881684352955,1.0,1.0,0.5,48,-0.13878433033823967,1.0,1.0
energy_s0.300_d0.500_v0.300_trot_p0.48.npz,6,0.3,0.5,0.3,0.48,trot,1,1,1,0.01118934768230657,1,0.21734428019351426,0.43335412032643467,18.933494596832983,37.64755046302254,0.589385986328125,0.5,0.0,0.2887562243267894,0.01124377567321061,0.007168192695826289,0.006028030013355115,0.30752942090233165,0.007529420902331663,0.004692716542089464,0.00726318359375,0.0005963890781723968,0.0016564363613724709,0.00605517163675822,0.01677189773605452,1.0,1.0,0,1,0.5,48,0.14018090876440206,1.0,1.0,0.5,48,-0.15309260971844196,1.0,1.0,0.5,48,0.14541142930587134,1.0,1.0,0.5,48,-0.1388275008648634,1.0,1.0
energy_s0.300_d0.500_v0.300_trot_p0.48.npz,7,0.3,0.5,0.3,0.48,trot,1,1,1,0.012374454758874262,1,0.2219238311683633,0.43028083002665074,19.25546855593595,37.3869592780072,0.58978271484375,0.5,0.0,0.28861741612975794,0.011382583870242047,0.0073666146180282,0.006231747226168711,0.3077105258901914,0.007710525890191389,0.0062055597020235454,0.0087127685546875,0.0007231825602628486,0.0017698983428999782,0.006191625858452893,0.015998127663404974,1.0,1.0,0,1,0.5,48,0.13975462193290392,1.0,1.0,0.5,48,-0.15335064536581436,1.0,1.0,0.5,48,0.14571090787649155,1.0,1.0,0.5,48,-0.1384186570843061,1.0,1.0
energy_s0.300_d0.625_v0.300_trot_p0.48.npz,0,0.3,0.625,0.3,0.48,trot,1,1,1,0.00272124378605429,1,0.21613824459132097,0.4281043097962084,18.695174176336153,37.03859215517765,0.58685302734375,0.625,0.0,0.2872348440190156,0.012765155980984377,0.006706386531392732,0.0064019895313928476,0.30573912896215916,0.005739128962159168,0.004350611641676265,0.006011962890625,0.0050241386188429864,0.00589836947619915,0.004196716422725929,0.012429266718678361,1.0,1.0,0,1,0.625,60,0.14391694764296215,1.0,1.0,0.625,60,-0.1503585085272789,1.0,1.0,0.625,60,0.14248158037662506,1.0,1.0,0.625,60,-0.13771265149116516,1.0,1.0
energy_s0.300_d0.625_v0.300_trot_p0.48.npz,1,0.3,0.625,0.3,0.48,trot,1,1,1,0.0035970234708898765,1,0.2169533029562178,0.43065041437015394,18.722685488140918,37.14701074858678,0.5855712890625,0.625,0.0,0.28732073021431764,0.012679269785682346,0.006694613310197987,0.0063649991061538415,0.30547737516462803,0.00547737516462804,0.0013522523402231422,0.001983642578125,0.005144729170004076,0.00606370996683836,0.004273175840087789,0.01249007060488114,1.0,1.0,0,1,0.625,60,0.14398862247665722,1.0,1.0,0.625,60,-0.15041341558098792,1.0,1.0,0.625,60,0.1423606589436531,1.0,1.0,0.625,60,-0.13787876342733701,1.0,1.0
energy_s0.300_d0.625_v0.300_trot_p0.48.npz,2,0.3,0.625,0.3,0.48,trot,1,1,1,0.003812537792720766,1,0.2167711304584471,0.4287626655258313,18.708224511778592,37.0119413545162,0.5861053466796875,0.625,0.0,0.28729427717626094,0.012705722823739052,0.006704022176563738,0.006370513211004433,0.30548152917375165,0.005481529173751665,0.003912841617152382,0.0047607421875,0.005148177085222275,0.006059085484594107,0.004278829597006332,0.01246663649014033,1.0,1.0,0,1,0.625,60,0.14396217291553814,1.0,1.0,0.625,60,-0.15041125391920407,1.0,1.0,0.625,60,0.14237034643689792,1.0,1.0,0.625,60,-0.13784478108088175,1.0,1.0
energy_s0.300_d0.625_v0.300_trot_p0.48.npz,3,0.3,0.625,0.3,0.48,trot,1,1,1,0.002189778691713272,1,0.21667024506232652,0.43129369262264483,18.748457808780408,37.315146830618126,0.5870513916015625,0.625,0.0,0.28719408499697846,0.012805915003021529,0.00670579404880603,0.0063936155211801295,0.3060955048228304,0.006095504822830389,0.0045911855989312425,0.005767822265625,0.004979731336329313,0.005881446413695812,0.004229092809260675,0.012593575142896161,1.0,1.0,0,1,0.625,60,0.14383386423190433,1.0,1.0,0.625,60,-0.1502923977871736,1.0,1.0,0.625,60,0.14245639195044835,1.0,1.0,0.625,60,-0.13780551602443059,1.0,1.0
energy_s0.300_d0.625_v0.300_trot_p0.48.npz,4,0.3,0.625,0.3,0.48,trot,1,1,1,0.0007269336017925572,1,0.2166319918993208,0.4315367498676893,18.734275666403335,37.322280873914565,0.5870424807071686,0.625,0.0,0.2872020756204923,0.012797924379507664,0.0067168742418289165,0.006393449357710776,0.3061384487276276,0.006138448727627588,0.00678517751649444,0.0080413818359375,0.004801675881755399,0.0057209562510252,0.004194646047056556,0.012369267515598109,1.0,1.0,0,1,0.625,60,0.1438359647989273,1.0,1.0,0.625,60,-0.1503283532957236,1.0,1.0,0.625,60,0.1424410104751587,1.0,1.0,0.625,60,-0.137798822671175,1.0,1.0
energy_s0.300_d0.625_v0.300_trot_p0.48.npz,5,0.3,0.625,0.3,0.48,trot,1,1,1,0.0020304518475302083,1,0.2170863627450799,0.43086522208151734,18.76324448701097,37.278536051853116,0.58697509765625,0.625,0.0,0.28719843551516533,0.01280156448483466,0.006717566773295399,0.006401654231982923,0.3061054327214758,0.00610543272147579,0.003815389570357757,0.00504302978515625,0.005080681925916947,0.005952334497123957,0.004192140492546138,0.012583657820912282,1.0,1.0,0,1,0.625,60,0.1438356891274452,1.0,1.0,0.625,60,-0.15032896846532823,1.0,1.0,0.625,60,0.14246115013957023,1.0,1.0,0.625,60,-0.137771063297987,1.0,1.0
energy_s0.300_d0.625_v0.300_trot_p0.48.npz,6,0.3,0.625,0.3,0.48,trot,1,1,1,0.0022953310737049673,1,0.2167239023945881,0.43003748981692913,18.72853498251183,37.13276698305956,0.586456298828125,0.625,0.0,0.28731209052105744,0.01268790947894255,0.0066941114142537094,0.00636696797640373,0.3057075614730517,0.0057075614730517366,0.001999277311260543,0.003204345703125,0.005073628574224287,0.005989363417029381,0.004236475664842166,0.01246057096920612,1.0,1.0,0,1,0.625,60,0.14394512871901194,1.0,1.0,0.625,60,-0.1504086159169674,1.0,1.0,0.625,60,0.14241908093293507,1.0,1.0,0.625,60,-0.1378513554732005,1.0,1.0
energy_s0.300_d0.625_v0.300_trot_p0.48.npz,7,0.3,0.625,0.3,0.48,trot,1,1,1,0.002035503728635068,1,0.2170106918230704,0.43150756430608533,18.796556455209533,37.33412768293904,0.5876007080078125,0.625,0.0,0.2872904825955629,0.012709517404437098,0.006697671922544637,0.006370087480172512,0.30587454605847597,0.005874546058475982,0.0050127417295560694,0.0062808990478515625,0.004926331375897819,0.005850400310009718,0.004262349339056173,0.012538695265083322,1.0,1.0,0,1,0.625,60,0.14395057111978532,1.0,1.0,0.625,60,-0.15038433894515038,1.0,1.0,0.625,60,0.1424185444911321,1.0,1.0,0.625,60,-0.13782751063505808,1.0,1.0
energy_s0.300_d0.750_v0.300_trot_p0.48.npz,0,0.3,0.75,0.3,0.48,trot,1,1,1,0.0026722446567370986,1,0.29236566452139146,0.5751369301462663,25.12303983276825,49.41837194328663,0.58331298828125,0.75,0.0,0.28872683085501194,0.011273169144988049,0.00677462110502852,0.006599309613617755,0.30457343875120085,0.0045734387512008645,0.013987534837432418,0.01702880859375,0.008300710431521774,0.010131723247468472,0.005491802525040741,0.016224466145018136,1.0,1.0,0,1,0.75,72,0.14542140418456662,1.0,1.0,0.75,72,-0.152276073065069,1.0,1.0,0.75,72,0.1440928696344296,1.0,1.0,0.75,72,-0.13566331482595867,1.0,1.0
energy_s0.300_d0.750_v0.300_trot_p0.48.npz,1,0.3,0.75,0.3,0.48,trot,1,1,1,0.004051425631663907,1,0.2906953380929025,0.5732747456786735,25.03279239039152,49.380787365290516,0.5844879150390625,0.75,0.0,0.2887765412322349,0.011223458767765093,0.006732315932297041,0.006561894311259187,0.30441506144901115,0.0044150614490111595,0.01277473939960044,0.015594482421875,0.007638097092555314,0.009614928625524044,0.005332565035957399,0.01594371009083162,1.0,1.0,0,1,0.75,72,0.14549565894736183,1.0,1.0,0.75,72,-0.152241173096829,1.0,1.0,0.75,72,0.14407922865615952,1.0,1.0,0.75,72,-0.13573702176411948,1.0,1.0
energy_s0.300_d0.750_v0.300_trot_p0.48.npz,2,0.3,0.75,0.3,0.48,trot,1,1,1,0.001762381304817515,1,0.2914216017880847,0.5735390422319024,25.067919569573608,49.329924085985155,0.58349609375,0.75,0.0,0.28878469578921795,0.01121530421078204,0.006738919475012353,0.006567377666942772,0.3044074823458989,0.004407482345898939,0.012860990132503594,0.0157928466796875,0.0076978485006855635,0.00969686359167099,0.0053201483094039775,0.015995015186356504,1.0,1.0,0,1,0.75,72,0.1454787819335858,1.0,1.0,0.75,72,-0.15226253473924267,1.0,1.0,0.75,72,0.14412646223273543,1.0,1.0,0.75,72,-0.135701612672872,1.0,1.0
energy_s0.300_d0.750_v0.300_trot_p0.48.npz,3,0.3,0.75,0.3,0.48,trot,1,1,1,0.0018244604508412504,1,0.2895129308428775,0.5724402785216517,24.88832461986626,49.172582284842385,0.5831832885742188,0.75,0.0,0.2887569735240605,0.0112430264759395,0.006774950224078361,0.006593224856381612,0.30412932578474283,0.004129325784742843,0.013929669022024136,0.0169219970703125,0.00842847970168941,0.010363077744841576,0.005492775732716293,0.015882835844927924,1.0,1.0,0,1,0.75,72,0.1453794708682431,1.0,1.0,0.75,72,-0.15230687397221723,1.0,1.0,0.75,72,0.1441527439488305,1.0,1.0,0.75,72,-0.1356748582588302,1.0,1.0
energy_s0.300_d0.750_v0.300_trot_p0.48.npz,4,0.3,0.75,0.3,0.48,trot,1,1,1,0.0007216058430745559,1,0.2906583978407601,0.5730214080109479,25.01492300465949,49.315209484676984,0.584125816822052,0.75,0.0,0.2886975872226887,0.01130241277731131,0.006765245118488865,0.006585659684302903,0.30461107939481735,0.004611079394817363,0.01369475973017657,0.0168914794921875,0.008287943848427374,0.01024499349296093,0.005359263474271106,0.01592240267020296,1.0,1.0,0,1,0.75,72,0.14542174008157518,1.0,1.0,0.75,72,-0.15222807745966646,1.0,1.0,0.75,72,0.14406252900759378,1.0,1.0,0.75,72,-0.135682827896542,1.0,1.0
energy_s0.300_d0.750_v0.300_trot_p0.48.npz,5,0.3,0.75,0.3,0.48,trot,1,1,1,0.0016545406858432688,1,0.28957769645415177,0.5722612464601231,24.88946791992241,49.182270275675286,0.5833053588867188,0.75,0.0,0.2887714821845293,0.011228517815470684,0.006755304957429565,0.006580487467969454,0.3042404381558299,0.0042404381558299176,0.014458121551175046,0.01751708984375,0.008191649093064402,0.010219587944447994,0.00545620871421318,0.015938194315341478,1.0,1.0,0,1,0.75,72,0.14542469154629442,1.0,1.0,0.75,72,-0.15228209209938845,1.0,1.0,0.75,72,0.14412491396069527,1.0,1.0,0.75,72,-0.13571126676268047,1.0,1.0
energy_s0.300_d0.750_v0.300_trot_p0.48.npz,6,0.3,0.75,0.3,0.48,trot,1,1,1,0.0026714842872248286,1,0.29083236006457924,0.5729538259728458,25.02691907340969,49.320347145687364,0.5839080810546875,0.75,0.0,0.288742122757766,0.011257877242233982,0.006732706725597379,0.00656223327387124,0.3044831361621618,0.004483136162161838,0.010524618606100518,0.0133819580078125,0.007577701658328942,0.009504882618784904,0.0053193786835737675,0.015952312775658662,1.0,1.0,0,1,0.75,72,0.14546588911778396,1.0,1.0,0.75,72,-0.15220753620896074,1.0,1.0,0.75,72,0.1440801312112146,1.0,1.0,0.75,72,-0.13573068897757265,1.0,1.0
energy_s0.300_d0.750_v0.300_trot_p0.48.npz,7,0.3,0.75,0.3,0.48,trot,1,1,1,0.0031448906991859136,1,0.2918330963796134,0.5744399435516314,25.05528732471416,49.36219937957885,0.58349609375,0.75,0.0,0.2887367184998261,0.011263281500173916,0.00674276816555195,0.006574634959300356,0.30437941911319893,0.004379419113198946,0.014117282821821366,0.017236709594726562,0.007743300119661928,0.009719351306557655,0.005411451151924995,0.016002382211298693,1.0,1.0,0,1,0.75,72,0.14544356779919732,1.0,1.0,0.75,72,-0.15222225483092997,1.0,1.0,0.75,72,0.14410256118410164,1.0,1.0,0.75,72,-0.13570505318542322,1.0,1.0
energy_s0.400_d0.500_v0.300_trot_p0.48.npz,0,0.3,0.5,0.4,0.48,trot,1,1,0,0.02395385873058552,0,0.2593687800206023,0.4960948377252786,22.163083563622685,43.16680047084017,0.58807373046875,0.5,0.0,0.3980256367164353,0.0019743632835647063,0.005649612455939257,0.00560977125229935,0.3070953426261743,0.007095342626174284,0.00904337904808115,0.0098876953125,0.0065600132758886626,0.00815020315349102,0.004423108342222484,0.02401702654865862,1.0,1.0,0,1,0.5,48,0.19612013455480337,1.0,1.0,0.5,48,-0.20879725087434053,1.0,1.0,0.5,48,0.19995602375517288,1.0,1.0,0.5,48,-0.1911778642485539,1.0,1.0
energy_s0.400_d0.500_v0.300_trot_p0.48.npz,1,0.3,0.5,0.4,0.48,trot,1,1,1,0.013007549227678857,1,0.25682255715215696,0.4943110261374555,22.310643786151193,42.847436800885845,0.58843994140625,0.5,0.0,0.39787480855981505,0.0021251914401849703,0.005762491282075646,0.005715436294364433,0.3073523196702202,0.007352319670220209,0.008264513233592962,0.009033203125,0.006897383138507283,0.00856053177267313,0.004034160877992446,0.023084823766434726,1.0,1.0,0,1,0.5,48,0.19579692371189594,1.0,1.0,0.5,48,-0.2088577781493465,1.0,1.0,0.5,48,0.200115783760945,1.0,1.0,0.5,48,-0.19097913149744272,1.0,1.0
energy_s0.400_d0.500_v0.300_trot_p0.48.npz,2,0.3,0.5,0.4,0.48,trot,1,1,0,0.027715139225022226,0,0.25391993111766964,0.4936761979511043,22.14787396447306,42.716876195164836,0.59051513671875,0.5,0.0,0.3982320320792496,0.0017679679207504018,0.005520807191108666,0.00552679243652771,0.30780998586366576,0.007809985863665769,0.005220086479253094,0.00579833984375,0.00631392555844977,0.008343351073563099,0.004169402209197307,0.022280570109674405,1.0,1.0,0,1,0.5,48,0.1962260858466228,1.0,1.0,0.5,48,-0.20874979315946499,1.0,1.0,0.5,48,0.20002847506354252,1.0,1.0,0.5,48,-0.19145971008886895,1.0,1.0
energy_s0.400_d0.500_v0.300_trot_p0.48.npz,3,0.3,0.5,0.4,0.48,trot,1,1,1,0.019528468501391307,1,0.25584278231545227,0.48949767744310524,22.107687950247325,42.51291762757031,0.5892868041992188,0.5,0.0,0.39805671774471796,0.0019432822552820639,0.005676196344817681,0.005646943704535566,0.307327418277661,0.007327418277661035,0.006510844936788352,0.007171630859375,0.0069457318230417885,0.008543107658624649,0.003930347809301075,0.023980028774678152,1.0,1.0,0,1,0.5,48,0.19599933829158545,1.0,1.0,0.5,48,-0.2088875457023581,1.0,1.0,0.5,48,0.20003921693811813,1.0,1.0,0.5,48,-0.19118733455737433,1.0,1.0
energy_s0.400_d0.500_v0.300_trot_p0.48.npz,4,0.3,0.5,0.4,0.48,trot,1,1,1,0.014253600622736092,1,0.2598155635487081,0.5005324046227289,22.495268616542226,43.0747390359195,0.5896605253219604,0.5,0.0,0.39810884976759553,0.0018911502324044926,0.0056110012810677325,0.005612578033469619,0.3074936155850689,0.007493615585068891,0.007864148683397533,0.008453369140625,0.006622800352421781,0.008280928246676922,0.003920392821025861,0.023335875453903386,1.0,1.0,0,1,0.5,48,0.196011569040517,1.0,1.0,0.5,48,-0.20885319480051598,1.0,1.0,0.5,48,0.20003467767188945,1.0,1.0,0.5,48,-0.19131825802226862,1.0,1.0
energy_s0.400_d0.500_v0.300_trot_p0.48.npz,5,0.3,0.5,0.4,0.48,trot,1,1,1,0.011627240409849431,1,0.25894203162691787,0.5006398058286714,22.130543553770693,42.89104201864639,0.5896072387695312,0.5,0.0,0.3980195508338511,0.001980449166148923,0.005620873176182312,0.005593720707111063,0.30752683120469254,0.007526831204692552,0.003248957005775123,0.00408935546875,0.0070690796437470295,0.0088168540969491,0.004268440919983629,0.02257353767073025,1.0,1.0,0,1,0.5,48,0.19608632568269968,1.0,1.0,0.5,48,-0.20874237144986788,1.0,1.0,0.5,48,0.20003533425430456,1.0,1.0,0.5,48,-0.19117507028083006,1.0,1.0
energy_s0.400_d0.500_v0.300_trot_p0.48.npz,6,0.3,0.5,0.4,0.48,trot,1,1,1,0.0081102475398623,1,0.2612684628310268,0.4981224782140353,22.605412041730794,42.95317601446255,0.58880615234375,0.5,0.0,0.3980972277931869,0.0019027722068131192,0.005689304927363995,0.005701415915973486,0.307213691684107,0.007213691684107015,0.009672065931949718,0.010345458984375,0.0064965502410259425,0.00825323536992073,0.0037205394208917816,0.023398076677861104,1.0,1.0,0,1,0.5,48,0.19583980335543552,1.0,1.0,0.5,48,-0.20889066470166048,1.0,1.0,0.5,48,0.20020780246704817,1.0,1.0,0.5,48,-0.19125618506222963,1.0,1.0
energy_s0.400_d0.500_v0.300_trot_p0.48.npz,7,0.3,0.5,0.4,0.48,trot,1,1,1,0.009624242720327112,1,0.2543908272106554,0.4879202219296636,22.142009969729795,42.437108427969626,0.588714599609375,0.5,0.0,0.39800550881773233,0.001994491182267688,0.0057585210849841455,0.005740976147353649,0.3072777623310685,0.007277762331068527,0.006104683767357532,0.0067577362060546875,0.006808394847123272,0.008489787578582764,0.0037015884496853584,0.024597095749822002,1.0,1.0,0,1,0.5,48,0.19574380572885275,1.0,1.0,0.5,48,-0.20895900453130403,1.0,1.0,0.5,48,0.2001721253618598,1.0,1.0,0.5,48,-0.1911360820134481,1.0,1.0
energy_s0.400_d0.625_v0.300_trot_p0.48.npz,0,0.3,0.625,0.4,0.48,trot,1,1,1,0.0021846045089146176,1,0.2366906369762916,0.44566725037141364,20.36957517115284,38.31925667044228,0.58355712890625,0.625,0.0,0.39649833664298056,0.0035016633570194577,0.004762204587459568,0.004827754921279852,0.3047461447616418,0.004746144761641813,0.014053415483979327,0.016143798828125,0.001997734749603753,0.003412310965359211,0.003518529811595462,0.015345175107021793,1.0,1.0,0,1,0.625,60,0.19892111892501513,1.0,1.0,0.625,60,-0.20600899333755177,1.0,1.0,0.625,60,0.19794928406675658,1.0,1.0,0.625,60,-0.1901172769566377,1.0,1.0
energy_s0.400_d0.625_v0.300_trot_p0.48.npz,1,0.3,0.625,0.4,0.48,trot,1,1,1,0.0010696440716296486,1,0.23591605946039154,0.4435891602445262,20.336435519713117,38.24269755344102,0.5850830078125,0.625,0.0,0.39646647560099757,0.0035335243990024523,0.004741841716070974,0.004833833655963345,0.3047756605471174,0.004775660547117422,0.010203099876596084,0.0121002197265625,0.0018557799812412468,0.0031692550983279943,0.0033636018480698035,0.015116926443554116,1.0,1.0,0,1,0.625,60,0.19881881301601728,1.0,1.0,0.625,60,-0.20593825926383336,1.0,1.0,0.625,60,0.198027723779281,1.0,1.0,0.625,60,-0.1901481551428636,1.0,1.0
energy_s0.400_d0.625_v0.300_trot_p0.48.npz,2,0.3,0.625,0.4,0.48,trot,1,1,1,0.0020056793597534738,1,0.23676922388292995,0.445299831666289,20.38463105681143,38.33092642181636,0.584228515625,0.625,0.0,0.39642991212507084,0.0035700878749291842,0.004729334674775605,0.0048194895420844396,0.3047348127389948,0.004734812738994787,0.009891201798609351,0.011444091796875,0.0018702381803341764,0.003287833882495761,0.0033568283044204555,0.0150727303091661,1.0,1.0,0,1,0.625,60,0.1987735390663147,1.0,1.0,0.625,60,-0.20587481061617532,1.0,1.0,0.625,60,0.19802474056680996,1.0,1.0,0.625,60,-0.19018673400084177,1.0,1.0
energy_s0.400_d0.625_v0.300_trot_p0.48.npz,3,0.3,0.625,0.4,0.48,trot,1,1,1,0.006972372275137659,1,0.23667333115553751,0.4440303070070657,20.397879483666323,38.25093614698659,0.5847320556640625,0.625,0.0,0.3964488772054513,0.0035511227945487223,0.004724476486444477,0.004793528933078055,0.3049431014806032,0.004943101480603229,0.009997306921674743,0.0119781494140625,0.002057599003901002,0.003529932117089629,0.0034680897665720243,0.01533921476305561,1.0,1.0,0,1,0.625,60,0.19885664582252502,1.0,1.0,0.625,60,-0.20587865238388378,1.0,1.0,0.625,60,0.19801714693506559,1.0,1.0,0.625,60,-0.19014530926942824,1.0,1.0
energy_s0.400_d0.625_v0.300_trot_p0.48.npz,4,0.3,0.625,0.4,0.48,trot,1,1,1,0.012494977367355591,1,0.23485440329758772,0.44406986438376417,20.238366751023854,38.23096847106882,0.584577739238739,0.625,0.0,0.3964787139246861,0.003521286075313934,0.004740846020480001,0.004804793077831471,0.3048073674241702,0.004807367424170206,0.009817385220709967,0.0116119384765625,0.0023086665749919868,0.003636748529970646,0.0035636335609184632,0.015033362041501673,1.0,1.0,0,1,0.625,60,0.19884523550669353,1.0,1.0,0.625,60,-0.2059212510784467,1.0,1.0,0.625,60,0.19803082421422005,1.0,1.0,0.625,60,-0.19016011705001196,1.0,1.0
energy_s0.400_d0.625_v0.300_trot_p0.48.npz,5,0.3,0.625,0.4,0.48,trot,1,1,1,0.004998591902521406,1,0.2371111299283295,0.4441616522447296,20.462066536618824,38.31607408469972,0.5854263305664062,0.625,0.0,0.39635827789704003,0.0036417221029599878,0.004749672214190169,0.004809967490533991,0.30521901821096736,0.005219018210967374,0.009471717015506625,0.01113128662109375,0.0020671060858493536,0.0034221995156258345,0.003408637253965819,0.0149988156703776,1.0,1.0,0,1,0.625,60,0.1987685464322567,1.0,1.0,0.625,60,-0.20583916182319323,1.0,1.0,0.625,60,0.19802113125721613,1.0,1.0,0.625,60,-0.19008771628141402,1.0,1.0
energy_s0.400_d0.625_v0.300_trot_p0.48.npz,6,0.3,0.625,0.4,0.48,trot,1,1,1,0.003443638846656821,1,0.23715433400540184,0.44402374056665433,20.433117602315946,38.25533653709813,0.5846405029296875,0.625,0.0,0.39640700270732243,0.003592997292677591,0.00476491399109364,0.004841642485310638,0.3046805029734969,0.004680502973496925,0.012374752693154039,0.0138702392578125,0.001972792669569072,0.0033856139052659273,0.0032777695919044485,0.015078527567758734,1.0,1.0,0,1,0.625,60,0.19875856240590414,1.0,1.0,0.625,60,-0.20592385828495025,1.0,1.0,0.625,60,0.19799996713797252,1.0,1.0,0.625,60,-0.19013161758581798,1.0,1.0
energy_s0.400_d0.625_v0.300_trot_p0.48.npz,7,0.3,0.625,0.4,0.48,trot,1,1,1,0.001008314281669456,1,0.2364964386161725,0.44410273705670367,20.38098806366689,38.2738551786626,0.584869384765625,0.625,0.0,0.3964731718103091,0.0035268281896909115,0.004742985193928087,0.004833793337456886,0.30466621307035285,0.004666213070352865,0.0094359356145706,0.011011123657226562,0.0019018368055680366,0.0033040831331163645,0.0033440847139234045,0.015235401791794553,1.0,1.0,0,1,0.625,60,0.19882934192816418,1.0,1.0,0.625,60,-0.20594762886563936,1.0,1.0,0.625,60,0.1979967293639978,1.0,1.0,0.625,60,-0.19017264346281687,1.0,1.0
energy_s0.400_d0.750_v0.300_trot_p0.48.npz,0,0.3,0.75,0.4,0.48,trot,1,1,1,0.002960346867188138,1,0.29666540603355995,0.5676594405063732,25.38698979961096,48.58184242518811,0.5809326171875,0.75,0.0,0.3951847171410918,0.004815282858908199,0.005595016924457423,0.005598829779773956,0.30293577909469604,0.002935779094696056,0.0025280095964571817,0.003082275390625,0.017128183324233964,0.0194147527217865,0.0038936289715863293,0.0153911520037697,1.0,1.0,0,1,0.75,72,0.1984047159138653,1.0,1.0,0.75,72,-0.20637475099000666,1.0,1.0,0.75,72,0.1986185550275776,1.0,1.0,0.75,72,-0.18697141235073408,1.0,1.0
energy_s0.400_d0.750_v0.300_trot_p0.48.npz,1,0.3,0.75,0.4,0.48,trot,1,1,1,0.00389488611590933,1,0.2941673008714451,0.5645920396330618,25.165226515844527,48.31842318030574,0.58056640625,0.75,0.0,0.3953585422908267,0.004641457709173347,0.005608514996452469,0.005615569643365845,0.3027519093205531,0.0027519093205531364,0.0023606468417329773,0.002838134765625,0.017855857490394894,0.020054999738931656,0.0037860814890756608,0.015027137741466065,1.0,1.0,0,1,0.75,72,0.19842940237787035,1.0,1.0,0.75,72,-0.20657557228373158,1.0,1.0,0.75,72,0.1987149462931686,1.0,1.0,0.75,72,-0.18699716362688276,1.0,1.0
energy_s0.400_d0.750_v0.300_trot_p0.48.npz,2,0.3,0.75,0.4,0.48,trot,1,1,1,0.0030299733222710163,1,0.29435763473891446,0.5642750420825666,25.157796379702418,48.26322348572343,0.58038330078125,0.75,0.0,0.39532908310906756,0.004670916890932464,0.005620566103607422,0.005625270493328577,0.3027346621577938,0.0027346621577938324,0.00329783979978978,0.004180908203125,0.017954285242424244,0.02019847370684147,0.003696989409909698,0.015210143893787057,1.0,1.0,0,1,0.75,72,0.1983668023927344,1.0,1.0,0.75,72,-0.2065702153162824,1.0,1.0,0.75,72,0.19876344584756428,1.0,1.0,0.75,72,-0.186957702661554,1.0,1.0
energy_s0.400_d0.750_v0.300_trot_p0.48.npz,3,0.3,0.75,0.4,0.48,trot,1,1,1,0.003221807250374572,1,0.29554553236141845,0.5660172726581179,25.291458547916378,48.4474258158222,0.5808868408203125,0.75,0.0,0.3953167641949322,0.004683235805067798,0.005597384449922382,0.005605562931547567,0.3028807584196329,0.002880758419632923,0.004530139986161156,0.0051116943359375,0.017740537312749848,0.02014244720339775,0.00377984253765718,0.015368376388322096,1.0,1.0,0,1,0.75,72,0.1983879500379165,1.0,1.0,0.75,72,-0.206511533094777,1.0,1.0,0.75,72,0.19870377394060293,1.0,1.0,0.75,72,-0.18703027131656805,1.0,1.0
energy_s0.400_d0.750_v0.300_trot_p0.48.npz,4,0.3,0.75,0.4,0.48,trot,1,1,1,0.0010162994755710285,1,0.29391364741231024,0.564159143637758,25.15160986746624,48.281224470728475,0.5808556377887726,0.75,0.0,0.39538029715832734,0.004619702841672679,0.0055932049846483655,0.005598370133278276,0.3028777052337925,0.0028777052337924935,0.0025609331153078965,0.0030517578125,0.017800937787008902,0.02012418955564499,0.0036395466142470825,0.01473547114202038,1.0,1.0,0,1,0.75,72,0.19837541381518045,1.0,1.0,0.75,72,-0.2065667071276241,1.0,1.0,0.75,72,0.1987639017817047,1.0,1.0,0.75,72,-0.1870545715921455,1.0,1.0
energy_s0.400_d0.750_v0.300_trot_p0.48.npz,5,0.3,0.75,0.4,0.48,trot,1,1,1,0.0010972724072125038,1,0.2962738975239956,0.5663255398197594,25.345676801661504,48.46434482338511,0.5808486938476562,0.75,0.0,0.39525875190479887,0.004741248095201156,0.005588208852956698,0.005598361751375104,0.3029016877214114,0.0029016877214114167,0.004114694195457394,0.004608154296875,0.017148307937210203,0.019485704600811005,0.0037502095151530023,0.015355615837949838,1.0,1.0,0,1,0.75,72,0.19843670229117075,1.0,1.0,0.75,72,-0.20643516961071226,1.0,1.0,0.75,72,0.19865652215149668,1.0,1.0,0.75,72,-0.18698910975621807,1.0,1.0
energy_s0.400_d0.750_v0.300_trot_p0.48.npz,6,0.3,0.75,0.4,0.48,trot,1,1,1,0.002370816223809267,1,0.294722892137951,0.565116043223792,25.199876443526378,48.32273428945351,0.580352783203125,0.75,0.0,0.3953538221410579,0.004646177858942113,0.0055983806546363625,0.0056038013737027895,0.3027456694593032,0.0027456694593032127,0.0011060898197075629,0.00176239013671875,0.017592906199224097,0.019766177982091904,0.0037956177252442113,0.015058620908775223,1.0,1.0,0,1,0.75,72,0.19844435424440438,1.0,1.0,0.75,72,-0.20655058345033062,1.0,1.0,0.75,72,0.19869669009413984,1.0,1.0,0.75,72,-0.18701601649324098,1.0,1.0
energy_s0.400_d0.750_v0.300_trot_p0.48.npz,7,0.3,0.75,0.4,0.48,trot,1,1,1,0.0034172295207116894,1,0.2946270532740025,0.5647530482991967,25.19363470793191,48.29731381530736,0.5804901123046875,0.75,0.0,0.3952697383032905,0.004730261696709537,0.005606739533444252,0.005610894287625953,0.30263333581387997,0.002633335813879978,0.0028930653253392657,0.0036334991455078125,0.01766783284104775,0.020033810287714005,0.003775803618644674,0.015299139211768831,1.0,1.0,0,1,0.75,72,0.19840753078460693,1.0,1.0,0.75,72,-0.20648321737017897,1.0,1.0,0.75,72,0.19868652377691534,1.0,1.0,0.75,72,-0.1869622046748797,1.0,1.0
energy_s0.500_d0.500_v0.300_trot_p0.48.npz,0,0.3,0.5,0.5,0.48,trot,1,1,1,0.010428543650377774,1,0.28974082594684386,0.5272676159704064,24.936041549427667,45.35333950875621,0.58251953125,0.5,0.0,0.4910291573032737,0.008970842696726322,0.006521236927558979,0.006984721985645592,0.30451495572924614,0.004514955729246151,0.008982393596545488,0.010406494140625,0.0056363304743553624,0.008244798518717289,0.006214239768925206,0.039401964252993395,1.0,1.0,0,1,0.5,48,0.24361523364981016,1.0,1.0,0.5,48,-0.25407163115839165,1.0,1.0,0.5,48,0.24461977276951075,1.0,1.0,0.5,48,-0.23975167702883482,1.0,1.0
energy_s0.500_d0.500_v0.300_trot_p0.48.npz,1,0.3,0.5,0.5,0.48,trot,1,1,1,0.005317074792435884,1,0.29247534265171465,0.5294464645733064,25.044007336273836,45.38967160289645,0.5832672119140625,0.5,0.0,0.491069675112764,0.008930324887235996,0.006578089979787668,0.00699061566653351,0.30458910887440044,0.004589108874400449,0.008143668102800945,0.0096893310546875,0.005650958358580072,0.008468757383525372,0.006441770952938284,0.038636062596788055,1.0,1.0,0,1,0.5,48,0.24356223115076622,1.0,1.0,0.5,48,-0.25422585507233936,1.0,1.0,0.5,48,0.24458740216990313,1.0,1.0,0.5,48,-0.23976386183251938,1.0,1.0
energy_s0.500_d0.500_v0.300_trot_p0.48.npz,2,0.3,0.5,0.5,0.48,trot,1,1,1,0.009813205884172097,1,0.29025892982422585,0.5305728819639679,24.930885423371457,45.66952414059938,0.58544921875,0.5,0.0,0.49118819863845903,0.008811801361540972,0.006457541914035877,0.006953185657039285,0.3053801544010639,0.00538015440106393,0.006447846899959266,0.0080108642578125,0.00570607850124417,0.008652645163238049,0.005992221972156884,0.04009621251009158,1.0,1.0,0,1,0.5,48,0.243633635652562,1.0,1.0,0.5,48,-0.2541032824665308,1.0,1.0,0.5,48,0.24492116055140892,1.0,1.0,0.5,48,-0.23971831860641638,1.0,1.0
energy_s0.500_d0.500_v0.300_trot_p0.48.npz,3,0.3,0.5,0.5,0.48,trot,1,1,1,0.01951291101266802,1,0.29010361602711043,0.5280147694549217,25.120068931847186,45.47153737924248,0.5840072631835938,0.5,0.0,0.49098464800044894,0.009015351999551058,0.006504431910191973,0.0069335630008329945,0.30433570872992277,0.0043357087299227826,0.007447384013775557,0.0089111328125,0.00662976379109766,0.009509596042335033,0.0060932635780093876,0.0401817530566545,1.0,1.0,0,1,0.5,48,0.2435481861854593,1.0,1.0,0.5,48,-0.2539935118208329,1.0,1.0,0.5,48,0.24451730928073326,1.0,1.0,0.5,48,-0.23991028871387243,1.0,1.0
energy_s0.500_d0.500_v0.300_trot_p0.48.npz,4,0.3,0.5,0.5,0.48,trot,1,1,1,0.015626865558391878,1,0.2914308908201748,0.5270977184468347,25.157203936015385,45.54818599195363,0.5837173461914062,0.5,0.0,0.49086059334998333,0.009139406650016668,0.006659159048770865,0.007007615912395219,0.3043495723977685,0.004349572397768509,0.004125034078382147,0.0057830810546875,0.006579839247336136,0.009259271435439587,0.0064702656770066775,0.03929999253164807,1.0,1.0,0,1,0.5,48,0.24341059103608131,1.0,1.0,0.5,48,-0.254178911447525,1.0,1.0,0.5,48,0.24445609779407582,1.0,1.0,0.5,48,-0.23967558642228445,1.0,1.0
energy_s0.500_d0.500_v0.300_trot_p0.48.npz,5,0.3,0.5,0.5,0.48,trot,1,1,1,0.012192445613309037,1,0.29193331023844427,0.5267138174426494,25.281273328219935,45.525699018998914,0.5833358764648438,0.5,0.0,0.4909825922610859,0.009017407738914074,0.006593568793808421,0.006953629121805231,0.30399710933367413,0.0039971093336741426,0.006780029669611315,0.00833892822265625,0.006461702076361059,0.009271029382944107,0.006081223630851303,0.0388099341367926,1.0,1.0,0,1,0.5,48,0.2434472202633818,1.0,1.0,0.5,48,-0.25416972984870273,1.0,1.0,0.5,48,0.2444087490439415,1.0,1.0,0.5,48,-0.23993948536614576,1.0,1.0
energy_s0.500_d0.500_v0.300_trot_p0.48.npz,6,0.3,0.5,0.5,0.48,trot,1,1,1,0.012738538812378797,1,0.2916989287054857,0.5299972363258431,25.055672686607057,45.66855678321114,0.584747314453125,0.5,0.0,0.49102752267693484,0.008972477323065164,0.006448062524820368,0.006901775021106005,0.3050065708036224,0.005006570803622434,0.008875992383946131,0.01026153564453125,0.005630724283919051,0.008549338206648827,0.006051739813661501,0.04042625805065434,1.0,1.0,0,1,0.5,48,0.24364927038550377,1.0,1.0,0.5,48,-0.25392364772657555,1.0,1.0,0.5,48,0.24466835241764784,1.0,1.0,0.5,48,-0.23981377482414246,1.0,1.0
energy_s0.500_d0.500_v0.300_trot_p0.48.npz,7,0.3,0.5,0.5,0.48,trot,1,1,1,0.011994163842821834,1,0.2911531985818924,0.5265101565580252,24.947444766852588,45.34257316375503,0.584075927734375,0.5,0.0,0.4911492861186465,0.0088507138813535,0.00655234217022856,0.006975607519658904,0.30475141449520987,0.0047514144952098825,0.005601765550546661,0.0069122314453125,0.005372190502903887,0.00799309741705656,0.006414208390826376,0.038428886486498136,1.0,1.0,0,1,0.5,48,0.24361778578410545,1.0,1.0,0.5,48,-0.2542539704591036,1.0,1.0,0.5,48,0.24465841675798097,1.0,1.0,0.5,48,-0.2397683992361029,1.0,1.0
energy_s0.500_d0.625_v0.300_trot_p0.48.npz,0,0.3,0.625,0.5,0.48,trot,1,1,1,0.0038465298563929813,1,0.2620294518996536,0.47680463576259796,22.547956584540778,41.03503017210545,0.584075927734375,0.625,0.0,0.4919573387751977,0.008042661224802294,0.0065662775809566185,0.0072606993683924275,0.3052726509049535,0.005272650904953491,0.0019005131626449142,0.00311279296875,0.010904540996937854,0.013012397103011608,0.004769679988852139,0.020959571416262385,1.0,1.0,0,1,0.625,60,0.24498038763801258,1.0,1.0,0.625,60,-0.2550898939371109,1.0,1.0,0.625,60,0.24579617455601693,1.0,1.0,0.625,60,-0.23804822141925494,1.0,1.0
energy_s0.500_d0.625_v0.300_trot_p0.48.npz,1,0.3,0.625,0.5,0.48,trot,1,1,1,0.00661849850814211,1,0.26009665681879357,0.4738621774957439,22.43541651759518,40.87455758002688,0.585296630859375,0.625,0.0,0.49195921507974466,0.00804078492025534,0.006557991169393063,0.007271677798901995,0.30521354513863724,0.0052135451386372544,0.0021663422495564267,0.0030975341796875,0.010670882872384099,0.012251196429133415,0.00493991289055206,0.02108601742931731,1.0,1.0,0,1,0.625,60,0.2451669842004776,1.0,1.0,0.625,60,-0.2550751974185308,1.0,1.0,0.625,60,0.24574646701415379,1.0,1.0,0.625,60,-0.23792978152632713,1.0,1.0
energy_s0.500_d0.625_v0.300_trot_p0.48.npz,2,0.3,0.625,0.5,0.48,trot,1,1,1,0.0036124186059175215,1,0.2606492011832324,0.4740026737388424,22.504569697685504,40.916415858284175,0.585906982421875,0.625,0.0,0.4919044240067402,0.008095575993259774,0.006601249240338803,0.007295988538923363,0.30553608915458125,0.0055360891545812585,0.00039129944036872327,0.000762939453125,0.011214287704873876,0.013144134543836117,0.004921137496733988,0.02099621170019099,1.0,1.0,0,1,0.625,60,0.24495860164364178,1.0,1.0,0.625,60,-0.25510692248741784,1.0,1.0,0.625,60,0.24580234363675119,1.0,1.0,0.625,60,-0.23794098024566968,1.0,1.0
energy_s0.500_d0.625_v0.300_trot_p0.48.npz,3,0.3,0.625,0.5,0.48,trot,1,1,1,0.004422309787684991,1,0.26046062326866337,0.4732825419297049,22.495495818069276,40.86939816170041,0.586456298828125,0.625,0.0,0.49188428695003195,0.008115713049968054,0.006641644115249316,0.007308846067947646,0.3058167224129041,0.005816722412904096,0.0017938347712584677,0.0026397705078125,0.011772003482351877,0.013886659406125546,0.004771972261359499,0.020833940305942374,1.0,1.0,0,1,0.625,60,0.24475682054956754,1.0,1.0,0.625,60,-0.25516757518053057,1.0,1.0,0.625,60,0.2459093270202478,1.0,1.0,0.625,60,-0.23793485114971796,1.0,1.0
energy_s0.500_d0.625_v0.300_trot_p0.48.npz,4,0.3,0.625,0.5,0.48,trot,1,1,1,0.005233854089737735,1,0.2596887954555095,0.4718539831901438,22.453399247323713,40.800313017780184,0.5868837535381317,0.625,0.0,0.49184297236303487,0.00815702763696513,0.006640559124449889,0.0073080225847661495,0.3059540366133054,0.005954036613305402,0.0011806688322423694,0.0020904541015625,0.011757178112393076,0.013506460934877396,0.004717435376983955,0.021002547653018913,1.0,1.0,0,1,0.625,60,0.24475449174642563,1.0,1.0,0.625,60,-0.25512409061193464,1.0,1.0,0.625,60,0.24592477902770044,1.0,1.0,0.625,60,-0.23788258334000906,1.0,1.0
energy_s0.500_d0.625_v0.300_trot_p0.48.npz,5,0.3,0.625,0.5,0.48,trot,1,1,1,0.005851497212739609,1,0.2602428963963065,0.4728816180395765,22.50931316681378,40.865793686734925,0.58660888671875,0.625,0.0,0.4918483196447293,0.008151680355270696,0.006660892876485984,0.007323401048779488,0.3058262175569932,0.005826217556993196,0.0007350744454149551,0.00154876708984375,0.011781494607534264,0.013587870635092258,0.004756715298696051,0.020959100208345585,1.0,1.0,0,1,0.625,60,0.2447616343696912,1.0,1.0,0.625,60,-0.25517010539770124,1.0,1.0,0.625,60,0.2458873711526394,1.0,1.0,0.625,60,-0.23787752836942672,1.0,1.0
energy_s0.500_d0.625_v0.300_trot_p0.48.npz,6,0.3,0.625,0.5,0.48,trot,1,1,1,0.002944991468621051,1,0.2605621935712388,0.47381021831716,22.48760296111355,40.87306384113326,0.585723876953125,0.625,0.0,0.49196112453937535,0.00803887546062465,0.006576283276081085,0.007272156071849167,0.3054947971055905,0.005494797105590532,0.0029120856081738746,0.0037994384765625,0.011193134042975552,0.013276196084916592,0.004893413505373249,0.020813463052631324,1.0,1.0,0,1,0.625,60,0.24496949687600136,1.0,1.0,0.625,60,-0.2551136910915375,1.0,1.0,0.625,60,0.2458170048892498,1.0,1.0,0.625,60,-0.238022056221962,1.0,1.0
energy_s0.500_d0.625_v0.300_trot_p0.48.npz,7,0.3,0.625,0.5,0.48,trot,1,1,1,0.004061116419277122,1,0.2601178745380557,0.4735951955574717,22.481078462493578,40.92478858083414,0.585784912109375,0.625,0.0,0.4919446171571811,0.008055382842818926,0.006593750106791656,0.007294662490797539,0.3054035712654392,0.005403571265439222,0.0005902116654511817,0.00116729736328125,0.01106916792922486,0.012890603393316269,0.004975294794453437,0.020956747063316947,1.0,1.0,0,1,0.625,60,0.24498097995917004,1.0,1.0,0.625,60,-0.2551321173707644,1.0,1.0,0.625,60,0.24577251598238944,1.0,1.0,0.625,60,-0.2380036210020383,1.0,1.0
energy_s0.500_d0.750_v0.300_trot_p0.48.npz,0,0.3,0.75,0.5,0.48,trot,1,1,1,0.002701205882494426,1,0.31468508028242953,0.5761636490614497,26.805224520349498,49.06481950348997,0.57843017578125,0.75,0.0,0.4881677281939321,0.011832271806067884,0.008261967346900038,0.008449996705166996,0.3012947868555784,0.0012947868555784336,0.0040116458711780085,0.006072998046875,0.033752788677925374,0.03569459542632103,0.006037243404706161,0.016171245939866387,1.0,1.0,0,1,0.75,72,0.24248787740038502,1.0,1.0,0.75,72,-0.2546916628877322,1.0,1.0,0.75,72,0.24632441790567505,1.0,1.0,0.75,72,-0.23283149819407198,1.0,1.0
energy_s0.500_d0.750_v0.300_trot_p0.48.npz,1,0.3,0.75,0.5,0.48,trot,1,1,1,0.00619956526780244,1,0.3163274051903848,0.5769227728596013,26.967471620599934,49.17588037092044,0.578125,0.75,0.0,0.4882214673691326,0.011778532630867422,0.008287973494993316,0.008474420096414784,0.30122561876972515,0.0012256187697251564,0.002469472199200578,0.0040130615234375,0.033545225189689665,0.03548605367541313,0.006149808034041648,0.01632193190724327,1.0,1.0,0,1,0.75,72,0.24247545583380592,1.0,1.0,0.75,72,-0.2547974143591192,1.0,1.0,0.75,72,0.2463947662876712,1.0,1.0,0.75,72,-0.23277529825766882,1.0,1.0
energy_s0.500_d0.750_v0.300_trot_p0.48.npz,2,0.3,0.75,0.5,0.48,trot,1,1,1,0.0018226671969015279,1,0.31693945407742175,0.5768633300814969,26.982958288826868,49.11943383295758,0.5777435302734375,0.75,0.0,0.4881282079343994,0.011871792065600573,0.008342209220346477,0.00851724265764157,0.3011916882048051,0.0011916882048050859,0.003615058870300101,0.0051422119140625,0.033664816245195524,0.035460781306028366,0.006190492254379335,0.016455295278906525,1.0,1.0,0,1,0.75,72,0.24240218868686092,1.0,1.0,0.75,72,-0.2548126263750924,1.0,1.0,0.75,72,0.24635390792455938,1.0,1.0,0.75,72,-0.2326876928822862,1.0,1.0
energy_s0.500_d0.750_v0.300_trot_p0.48.npz,3,0.3,0.75,0.5,0.48,trot,1,1,1,0.0047932328177954266,1,0.31776558141229516,0.5787191261835014,27.04533679393441,49.261564896048355,0.5777359008789062,0.75,0.0,0.48816680359757614,0.011833196402423862,0.008292965849654542,0.00847835245076567,0.3012555992851655,0.0012555992851654985,0.0039097964187014694,0.0052642822265625,0.03400070167816294,0.03625649958848953,0.006165719031449262,0.016379626715733314,1.0,1.0,0,1,0.75,72,0.24236823742588362,1.0,1.0,0.75,72,-0.2547527352968852,1.0,1.0,0.75,72,0.2464378954221805,1.0,1.0,0.75,72,-0.2327747390502029,1.0,1.0
energy_s0.500_d0.750_v0.300_trot_p0.48.npz,4,0.3,0.75,0.5,0.48,trot,1,1,1,0.0007877825254314571,1,0.31752875920380813,0.5781681707713401,27.053897423812217,49.26004061858905,0.5782509744167328,0.75,0.0,0.48813860377089846,0.01186139622910154,0.008311824200467931,0.008494593319483101,0.30147131253033876,0.0014713125303387753,0.0024927429150636534,0.0040283203125,0.03320249258697381,0.035295113921165466,0.006261481625995324,0.016287334196949384,1.0,1.0,0,1,0.75,72,0.24244222603738308,1.0,1.0,0.75,72,-0.2547622521718343,1.0,1.0,0.75,72,0.24634760514729553,1.0,1.0,0.75,72,-0.232725124185284,1.0,1.0
energy_s0.500_d0.750_v0.300_trot_p0.48.npz,5,0.3,0.75,0.5,0.48,trot,1,1,1,0.0010652663222210095,1,0.31569303632539514,0.5763778986539132,26.90452422149019,49.095557012989616,0.5783004760742188,0.75,0.0,0.48822565966596204,0.011774340334037958,0.008253573905676603,0.008436079292247692,0.3013820272559921,0.0013820272559921243,0.0024722879292735835,0.00403594970703125,0.03365610684898949,0.03531993180513382,0.0059704006510994554,0.016136991286289454,1.0,1.0,0,1,0.75,72,0.24250511100722683,1.0,1.0,0.75,72,-0.25473280747731525,1.0,1.0,0.75,72,0.2463709455397394,1.0,1.0,0.75,72,-0.2328424553076426,1.0,1.0
energy_s0.500_d0.750_v0.300_trot_p0.48.npz,6,0.3,0.75,0.5,0.48,trot,1,1,1,0.004854811372588592,1,0.31728989685522924,0.5771617711655738,26.973731093375477,49.07270764409431,0.5777130126953125,0.75,0.0,0.48813627898279166,0.01186372101720834,0.008327928319987323,0.00850366490582625,0.30120057954142493,0.0012005795414249398,0.0008486819132121554,0.00173187255859375,0.033351830338647546,0.03511587157845497,0.0061986498627552645,0.016478937658464556,1.0,1.0,0,1,0.75,72,0.24242563649184173,1.0,1.0,0.75,72,-0.25479213562276626,1.0,1.0,0.75,72,0.24634303566482332,1.0,1.0,0.75,72,-0.23271175018615192,1.0,1.0
energy_s0.500_d0.750_v0.300_trot_p0.48.npz,7,0.3,0.75,0.5,0.48,trot,1,1,1,0.002098586812860366,1,0.31672262907217863,0.5765465021027092,26.903345209524414,49.04069585363801,0.5778350830078125,0.75,0.0,0.4881621163545383,0.011837883645461678,0.008312530660380919,0.008491101868761083,0.3011385208616654,0.0011385208616654374,0.002570112862989462,0.0040454864501953125,0.03351228024459456,0.035321012139320374,0.006141910869082862,0.016436928562680787,1.0,1.0,0,1,0.75,72,0.24242901967631447,1.0,1.0,0.75,72,-0.2547871776753002,1.0,1.0,0.75,72,0.24636900942358705,1.0,1.0,0.75,72,-0.23273902593387497,1.0,1.0
energy_s0.100_d0.500_v0.350_trot_p0.48.npz,0,0.35,0.5,0.1,0.48,trot,1,1,0,0.02482809687734897,0,0.17984614985110153,0.3776668895706068,18.5378139482181,38.53172219150384,0.68994140625,0.5,0.0,0.09542976789331685,0.004570232106683156,0.005960946386524789,0.006602513491331289,0.3600493206953009,0.0100493206953009,0.0054591272337708,0.00762939453125,0.034940228517548966,0.03726837411522865,0.005238446056548386,0.02715579271140072,1.0,1.0,0,1,0.5,48,0.04526383010670543,1.0,1.0,0.5,48,-0.05722338093134264,1.0,1.0,0.5,48,0.04470712000814577,1.0,1.0,0.5,48,-0.043665204740439854,1.0,1.0
energy_s0.100_d0.500_v0.350_trot_p0.48.npz,1,0.35,0.5,0.1,0.48,trot,1,1,0,0.03301576711054833,0,0.17713441364394683,0.38196056014024116,18.12406449345439,39.18572429089345,0.6920013427734375,0.5,0.0,0.09510209717943023,0.0048979028205697744,0.006042430988357714,0.006614157704946895,0.36097024256984395,0.010970242569843969,0.003162940773543401,0.004913330078125,0.03498195008749253,0.03727445751428604,0.0050423802348504845,0.02634912528869994,1.0,1.0,0,1,0.5,48,0.04502446002637347,1.0,1.0,0.5,48,-0.05698827118612826,1.0,1.0,0.5,48,0.044068715224663414,1.0,1.0,0.5,48,-0.044122747921695314,1.0,1.0
energy_s0.100_d0.500_v0.350_trot_p0.48.npz,2,0.35,0.5,0.1,0.48,trot,1,1,1,0.018713505442140278,1,0.1752574837973995,0.37536378814194904,17.930847576213615,38.398770983068694,0.69183349609375,0.5,0.0,0.09540233854204416,0.004597661457955843,0.005962283397093417,0.006588477524928749,0.36082883303364116,0.010828833033641183,0.011121186425478111,0.0120849609375,0.03442423277532965,0.03660311549901962,0.004913165765337475,0.02658938027038578,1.0,1.0,0,1,0.5,48,0.045199319099386535,1.0,1.0,0.5,48,-0.05714038386940956,1.0,1.0,0.5,48,0.0442030510554711,1.0,1.0,0.5,48,-0.04426192305982113,1.0,1.0
energy_s0.100_d0.500_v0.350_trot_p0.48.npz,3,0.35,0.5,0.1,0.48,trot,1,1,1,0.019064404872347344,1,0.17734407660267887,0.37873299681978245,18.0823551563609,38.63712910674487,0.6922225952148438,0.5,0.0,0.09536895194711785,0.004631048052882156,0.005956276374248169,0.00658803514088504,0.3610174997399251,0.011017499739925107,0.010989998606077985,0.0131988525390625,0.03429454644088173,0.036309532821178436,0.005094368685984324,0.026839341325440573,1.0,1.0,0,1,0.5,48,0.04522543710966905,1.0,1.0,0.5,48,-0.05710331303998828,1.0,1.0,0.5,48,0.04425386828370392,1.0,1.0,0.5,48,-0.04415528546087444,1.0,1.0
energy_s0.100_d0.500_v0.350_trot_p0.48.npz,4,0.35,0.5,0.1,0.48,trot,1,1,0,0.0364768002342625,0,0.17839073228989386,0.3822099244577317,18.20177365676345,38.910699555554125,0.6924360394477844,0.5,0.0,0.09507928986568004,0.004920710134319967,0.006085432285908611,0.006651513489972179,0.36114619486033916,0.011146194860339187,0.008336058562336499,0.0102386474609375,0.034698422957680636,0.03675989806652069,0.00533693794445672,0.027360897381383444,1.0,1.0,0,1,0.5,48,0.04484223178587854,1.0,1.0,0.5,48,-0.057096769489968814,1.0,1.0,0.5,48,0.044319428503513336,1.0,1.0,0.5,48,-0.04390014995199939,1.0,1.0
energy_s0.100_d0.500_v0.350_trot_p0.48.npz,5,0.35,0.5,0.1,0.48,trot,1,1,1,0.016072739494539013,1,0.1748299081980058,0.3734999664296098,17.874084606245567,38.13462447282567,0.6928176879882812,0.5,0.0,0.09574724163394421,0.004252758366055792,0.005841785525747887,0.006545235804514959,0.3612865082298716,0.011286508229871595,0.001457465651116359,0.0027008056640625,0.03503999334008561,0.03721524775028229,0.005161879115396873,0.026805847155281348,1.0,1.0,0,1,0.5,48,0.04545342976537844,1.0,1.0,0.5,48,-0.0572515056313326,1.0,1.0,0.5,48,0.04452763653049866,1.0,1.0,0.5,48,-0.04426191134067873,1.0,1.0
energy_s0.100_d0.500_v0.350_trot_p0.48.npz,6,0.35,0.5,0.1,0.48,trot,1,1,0,0.024107550014117313,0,0.18340336005365168,0.3775848406092787,18.591785355220345,38.52512623887988,0.69232177734375,0.5,0.0,0.0953610217742001,0.0046389782257999085,0.00596063156068946,0.006580611626850441,0.36131194823731977,0.011311948237319791,0.014587811382163874,0.01612091064453125,0.03417715045408632,0.03662675991654396,0.005055073217656258,0.026942430619593997,1.0,1.0,0,1,0.5,48,0.04521110552983979,1.0,1.0,0.5,48,-0.05712578554327289,1.0,1.0,0.5,48,0.04431207082234323,1.0,1.0,0.5,48,-0.04407308165294429,1.0,1.0
energy_s0.100_d0.500_v0.350_trot_p0.48.npz,7,0.35,0.5,0.1,0.48,trot,1,1,1,0.01526437380368171,1,0.1785420695541027,0.3750901343307731,18.341725661594957,38.28409552231189,0.6927490234375,0.5,0.0,0.09543079669432093,0.004569203305679073,0.00597278663966184,0.006606733585552623,0.36099596445759136,0.010995964457591378,0.01191695245700576,0.013330459594726562,0.03419900982563587,0.03666450455784798,0.004930688186914826,0.026907966040460175,1.0,1.0,0,1,0.5,48,0.04514266434125602,1.0,1.0,0.5,48,-0.0572192978579551,1.0,1.0,0.5,48,0.044454306131228805,1.0,1.0,0.5,48,-0.044045325058201946,1.0,1.0
energy_s0.100_d0.625_v0.350_trot_p0.48.npz,0,0.35,0.625,0.1,0.48,trot,1,1,1,0.004476864385780288,1,0.2138086780771004,0.4329288028853903,21.809875720895874,44.14557052998022,0.69232177734375,0.625,0.0,0.10098862269272407,0.0009886226927240671,0.0038811444615324342,0.004584386742984254,0.36091730060676736,0.010917300606767377,0.012194162579300066,0.013763427734375,0.031227062209395813,0.03251352906227112,0.00621779161226787,0.015551414665217861,1.0,1.0,0,1,0.625,60,0.04999813511967659,1.0,1.0,0.625,60,-0.05823337845504284,1.0,1.0,0.625,60,0.04652686659246683,1.0,1.0,0.625,60,-0.04721886521826188,1.0,1.0
energy_s0.100_d0.625_v0.350_trot_p0.48.npz,1,0.35,0.625,0.1,0.48,trot,1,1,1,0.0020523427642560725,1,0.21251356962115184,0.4306427042943352,21.70919461166862,44.008107344203474,0.693572998046875,0.625,0.0,0.1009561937302351,0.0009561937302350887,0.0039086664033432805,0.004614159103948623,0.36176509130746126,0.011765091307461284,0.015221868750811062,0.0169830322265625,0.03145577459842216,0.03265107795596123,0.00623800649511448,0.015704178180023398,1.0,1.0,0,1,0.625,60,0.0500061538691322,1.0,1.0,0.625,60,-0.058209894535442196,1.0,1.0,0.625,60,0.046340675403674446,1.0,1.0,0.625,60,-0.04735566365222136,1.0,1.0
energy_s0.100_d0.625_v0.350_trot_p0.48.npz,2,0.35,0.625,0.1,0.48,trot,1,1,1,0.002606432401185389,1,0.21191926518485826,0.4306928679034884,21.653818418732303,43.97512859705171,0.6934356689453125,0.625,0.0,0.10098184822127224,0.0009818482212722301,0.0038987955792496604,0.004608469712547958,0.3616726885860165,0.0116726885860165,0.01187952373526807,0.0136260986328125,0.03137644745403669,0.03264112025499344,0.006284329100026918,0.015703489047810878,1.0,1.0,0,1,0.625,60,0.0500616871441404,1.0,1.0,0.625,60,-0.05818719516197841,1.0,1.0,0.625,60,0.04632669823865096,1.0,1.0,0.625,60,-0.047388115897774696,1.0,1.0
energy_s0.100_d0.625_v0.350_trot_p0.48.npz,3,0.35,0.625,0.1,0.48,trot,1,1,1,0.0027310796766448825,1,0.21027004388029685,0.43045720577554664,21.45722110524338,43.894119963710516,0.6923751831054688,0.625,0.0,0.10081411454205712,0.0008141145420571122,0.0039160855580121275,0.0046002147835679345,0.3610989125445485,0.011098912544548534,0.01638260961298423,0.0182952880859375,0.031109441822185776,0.032378386706113815,0.0063353912318944985,0.01576841815374459,1.0,1.0,0,1,0.625,60,0.049879419369002184,1.0,1.0,0.625,60,-0.05816740704079469,1.0,1.0,0.625,60,0.046446351210276286,1.0,1.0,0.625,60,-0.047135051464041074,1.0,1.0
energy_s0.100_d0.625_v0.350_trot_p0.48.npz,4,0.35,0.625,0.1,0.48,trot,1,1,1,0.0010683090485587752,1,0.2098104070402187,0.43091578749660725,21.403797739295012,43.953233821511304,0.692344605922699,0.625,0.0,0.10084082434574762,0.000840824345747615,0.0039045074644188087,0.004594701848691329,0.36104109479735297,0.01104109479735299,0.015897194201009514,0.017913818359375,0.03127030730326001,0.03251543268561363,0.006402144838290937,0.015841333331127017,1.0,1.0,0,1,0.625,60,0.04993099700659513,1.0,1.0,0.625,60,-0.0581332778558135,1.0,1.0,0.625,60,0.04641518648713827,1.0,1.0,0.625,60,-0.04720218734194835,1.0,1.0
energy_s0.100_d0.625_v0.350_trot_p0.48.npz,5,0.35,0.625,0.1,0.48,trot,1,1,1,0.0039827432408866235,1,0.21044913361317938,0.4304988261639252,21.475956474398906,43.946427580383094,0.6927032470703125,0.625,0.0,0.10088495342060924,0.0008849534206092358,0.003901141785706083,0.0045964666254197555,0.3611641221990188,0.0111641221990188,0.016541834342059025,0.01860809326171875,0.031237509284266315,0.032587695866823196,0.006388426684061381,0.015804809355428953,1.0,1.0,0,1,0.625,60,0.049977315589785576,1.0,1.0,0.625,60,-0.0581489309668541,1.0,1.0,0.625,60,0.04640692869822184,1.0,1.0,0.625,60,-0.04723673158635696,1.0,1.0
energy_s0.100_d0.625_v0.350_trot_p0.48.npz,6,0.35,0.625,0.1,0.48,trot,1,1,1,0.003098958665021941,1,0.21178583617632582,0.43027599553073237,21.645056169988862,44.00643604591025,0.6937103271484375,0.625,0.0,0.10100685593982538,0.0010068559398253712,0.0038916491655011974,0.004603729996597394,0.36160448224594194,0.01160448224594196,0.010128221432035782,0.01215362548828125,0.03137119747934964,0.03271431848406792,0.006318185095512697,0.015705935543246192,1.0,1.0,0,1,0.625,60,0.05008566497514645,1.0,1.0,0.625,60,-0.05817982299874226,1.0,1.0,0.625,60,0.04633257128298283,1.0,1.0,0.625,60,-0.04741565262277921,1.0,1.0
energy_s0.100_d0.625_v0.350_trot_p0.48.npz,7,0.35,0.625,0.1,0.48,trot,1,1,1,0.004210933774320533,1,0.2126951570129585,0.43117371602906696,21.746945034927833,44.078166062035564,0.6938934326171875,0.625,0.0,0.10097178885092338,0.0009717888509233746,0.0039041611614326634,0.00461089703021571,0.3617124647522966,0.011712464752296647,0.012143161606455682,0.014032363891601562,0.03144658447449142,0.03266322985291481,0.006265405219787447,0.015687278932036645,1.0,1.0,0,1,0.625,60,0.05002587369332711,1.0,1.0,0.625,60,-0.058208671708901726,1.0,1.0,0.625,60,0.04634882329652707,1.0,1.0,0.625,60,-0.04736020900309086,1.0,1.0
energy_s0.100_d0.750_v0.350_trot_p0.48.npz,0,0.35,0.75,0.1,0.48,trot,1,1,1,0.005221119155179558,1,0.2845629943004313,0.578889606046123,28.79603905475272,58.488539387278834,0.686004638671875,0.75,0.0,0.10754943983111945,0.007549439831119442,0.005372430102175307,0.005920807532190033,0.3574426745374997,0.007442674537499749,0.005920490447873082,0.0069580078125,0.018614740964334187,0.02306581661105156,0.00636154091847938,0.03411201874582205,1.0,1.0,0,1,0.75,72,0.0541419112123549,1.0,1.0,0.75,72,-0.06226545893069771,1.0,1.0,0.75,72,0.051514901065578066,1.0,1.0,0.75,72,-0.04717660845360822,1.0,1.0
energy_s0.100_d0.750_v0.350_trot_p0.48.npz,1,0.35,0.75,0.1,0.48,trot,1,1,1,0.0029448944718571592,1,0.28540108300912626,0.5802913140452971,28.826856978404084,58.57821535341747,0.6854400634765625,0.75,0.0,0.10756768275880152,0.007567682758801514,0.005414610821753739,0.005959206190891562,0.3570656618103385,0.007065661810338519,0.003914008593889988,0.0048065185546875,0.018400449186707007,0.022786850109696388,0.006570075821348735,0.03373768764299073,1.0,1.0,0,1,0.75,72,0.05414366277141704,1.0,1.0,0.75,72,-0.062325213156226605,1.0,1.0,0.75,72,0.05155026183153192,1.0,1.0,0.75,72,-0.04711622775842746,1.0,1.0
energy_s0.100_d0.750_v0.350_trot_p0.48.npz,2,0.35,0.75,0.1,0.48,trot,1,1,1,0.0009019943156753071,1,0.285558736385336,0.5796763033970957,28.85518075232765,58.57099989517606,0.685699462890625,0.75,0.0,0.10755765634692377,0.007557656346923763,0.005411928762785261,0.005958917380000153,0.35714057305206853,0.007140573052068555,0.003530755627305566,0.004791259765625,0.018406714404109004,0.02281772717833519,0.006604630567823006,0.03351032352844005,1.0,1.0,0,1,0.75,72,0.054183993436810046,1.0,1.0,0.75,72,-0.0623064411079718,1.0,1.0,0.75,72,0.05150091741234064,1.0,1.0,0.75,72,-0.04712396073672506,1.0,1.0
energy_s0.100_d0.750_v0.350_trot_p0.48.npz,3,0.35,0.75,0.1,0.48,trot,1,1,1,0.0026560180382220523,1,0.2832779250396768,0.5781357018283877,28.531106861997152,58.230823498821145,0.6837615966796875,0.75,0.0,0.10763449948798451,0.007634499487984503,0.005450310286444921,0.005998338198211664,0.35662379177908105,0.006623791779081067,0.00392986741443718,0.00494384765625,0.018860441422927116,0.02334509789943695,0.006507671860246726,0.03333418118795305,1.0,1.0,0,1,0.75,72,0.05429024337273505,1.0,1.0,0.75,72,-0.062368309021823935,1.0,1.0,0.75,72,0.051491053516252175,1.0,1.0,0.75,72,-0.04711939306515786,1.0,1.0
energy_s0.100_d0.750_v0.350_trot_p0.48.npz,4,0.35,0.75,0.1,0.48,trot,1,1,1,0.005053939993936103,1,0.2839793350086245,0.5807125680043326,28.678659960423115,58.58826136447633,0.6843598484992981,0.75,0.0,0.1076519371320804,0.0076519371320804,0.0054105586113615154,0.005956145709690947,0.3568493025377393,0.006849302537739299,0.0037026076695084375,0.004547119140625,0.018567616090171338,0.022962504997849464,0.006454421311143534,0.033890956681623105,1.0,1.0,0,1,0.75,72,0.05429477053177026,1.0,1.0,0.75,72,-0.06227161383463277,1.0,1.0,0.75,72,0.05154024716466665,1.0,1.0,0.75,72,-0.047197242733091116,1.0,1.0
energy_s0.100_d0.750_v0.350_trot_p0.48.npz,5,0.35,0.75,0.1,0.48,trot,1,1,1,0.003129029080758567,1,0.2838412261874784,0.5775730189616515,28.626571307681456,58.28631745044508,0.6844024658203125,0.75,0.0,0.10756092223649225,0.00756092223649224,0.005431731350512966,0.005981863464694468,0.35690613463521004,0.0069061346352100594,0.004545281359393218,0.005615234375,0.018716203945320423,0.022906014695763588,0.006542468129091417,0.03348133282172882,1.0,1.0,0,1,0.75,72,0.05421732236734695,1.0,1.0,0.75,72,-0.06236541152207388,1.0,1.0,0.75,72,0.051440643353594676,1.0,1.0,0.75,72,-0.04709846722996897,1.0,1.0
energy_s0.100_d0.750_v0.350_trot_p0.48.npz,6,0.35,0.75,0.1,0.48,trot,1,1,1,0.0023930120580993035,1,0.28560472617743227,0.5800599087070408,28.8049592575328,58.519889858564866,0.6846160888671875,0.75,0.0,0.10758444498707023,0.007584444987070227,0.005430305917333397,0.005975728092016651,0.3570220886419217,0.00702208864192172,0.0043415133376186795,0.00557708740234375,0.018233823253179432,0.02259826846420765,0.006617747439142525,0.03373831073529668,1.0,1.0,0,1,0.75,72,0.05416680329168836,1.0,1.0,0.75,72,-0.06236908336480459,1.0,1.0,0.75,72,0.051529694400313825,1.0,1.0,0.75,72,-0.047103308917333685,1.0,1.0
energy_s0.100_d0.750_v0.350_trot_p0.48.npz,7,0.35,0.75,0.1,0.48,trot,1,1,1,0.0038581000585194763,1,0.2859290036829708,0.5809036168058848,28.859008397065924,58.617125700138345,0.685028076171875,0.75,0.0,0.10757805257000858,0.00757805257000857,0.0054403883249809345,0.005981554795289411,0.35683260671794415,0.006832606717944167,0.005339564329751311,0.0065097808837890625,0.01811279682017781,0.02237984724342823,0.006597461658729768,0.03382985553010875,1.0,1.0,0,1,0.75,72,0.05416323115221328,1.0,1.0,0.75,72,-0.062383386875606246,1.0,1.0,0.75,72,0.05154544135762586,1.0,1.0,0.75,72,-0.04706404575457176,1.0,1.0
energy_s0.200_d0.500_v0.350_trot_p0.48.npz,0,0.35,0.5,0.2,0.48,trot,1,1,0,0.032770870696990737,0,0.17523714358262318,0.37580837411896884,17.622387911145918,37.95585344257313,0.68414306640625,0.5,0.0,0.1828938600762437,0.017106139923756314,0.009577804376992089,0.006851176160853359,0.3573706199725469,0.007370619972546899,0.01978245435348084,0.024139404296875,0.012004704419142443,0.01281344797462225,0.006838997365841763,0.00985518563510806,1.0,1.0,0,1,0.5,48,0.0843489511559407,1.0,1.0,0.5,48,-0.10203864828993876,1.0,1.0,0.5,48,0.09265057556331158,1.0,1.0,0.5,48,-0.08674954514329632,1.0,1.0
energy_s0.200_d0.500_v0.350_trot_p0.48.npz,1,0.35,0.5,0.2,0.48,trot,1,1,1,0.0024474298376040123,1,0.1726179563146477,0.3850627935671447,17.424334480371826,38.86006985400255,0.6853485107421875,0.5,0.0,0.18209594309640428,0.017904056903595728,0.009523828366460903,0.00675306630243237,0.3573683211579919,0.007368321157991908,0.013359747164533378,0.0164337158203125,0.012258512332957211,0.012906807474792004,0.006292298653890598,0.009289654456963111,1.0,1.0,0,1,0.5,48,0.08447179726014535,1.0,1.0,0.5,48,-0.10109279708315928,1.0,1.0,0.5,48,0.09182801563292742,1.0,1.0,0.5,48,-0.0867992762165765,1.0,1.0
energy_s0.200_d0.500_v0.350_trot_p0.48.npz,2,0.35,0.5,0.2,0.48,trot,1,1,0,0.02378961544525924,0,0.17126336603803644,0.3765239017213414,17.161255594635975,37.58986712938446,0.682647705078125,0.5,0.0,0.18243022744233411,0.017569772557665897,0.009575925922642154,0.0068605299146535514,0.35628822073340416,0.006288220733404182,0.015590951467554355,0.01873779296875,0.012431966698476966,0.0137495007365942,0.006371476098792946,0.010001367678245556,1.0,1.0,0,1,0.5,48,0.08446450221041839,1.0,1.0,0.5,48,-0.10154471872374415,1.0,1.0,0.5,48,0.09243358780319492,1.0,1.0,0.5,48,-0.08641764614731073,1.0,1.0
energy_s0.200_d0.500_v0.350_trot_p0.48.npz,3,0.35,0.5,0.2,0.48,trot,1,1,0,0.035814076592154354,0,0.1684810203759392,0.38220933710683624,17.315469538781382,38.22005024664962,0.6832809448242188,0.5,0.0,0.18278876637729508,0.017211233622704936,0.00944639573960255,0.006779129989445212,0.3565034245451291,0.006503424545129144,0.014873559427759697,0.017822265625,0.012372683055603639,0.013222891837358475,0.006540423075607521,0.010403300883156575,1.0,1.0,0,1,0.5,48,0.08468971416975062,1.0,1.0,0.5,48,-0.10165023167307179,1.0,1.0,0.5,48,0.09242733474820852,1.0,1.0,0.5,48,-0.0868102521635592,1.0,1.0
energy_s0.200_d0.500_v0.350_trot_p0.48.npz,4,0.35,0.5,0.2,0.48,trot,1,1,1,0.016292193142504345,1,0.17181539960426218,0.3786084759336294,17.191492173450335,37.96055645768483,0.6839361190795898,0.5,0.0,0.18237935138555866,0.017620648614441348,0.009351360898775363,0.006694403391641878,0.35671060997992754,0.006710609979927562,0.01501326018275945,0.01690673828125,0.012627693876238782,0.0139503488317132,0.006228487091224449,0.010605156970921284,1.0,1.0,0,1,0.5,48,0.08499723626300693,1.0,1.0,0.5,48,-0.10099275937924783,1.0,1.0,0.5,48,0.09204168757423759,1.0,1.0,0.5,48,-0.08672701955462496,1.0,1.0
energy_s0.200_d0.500_v0.350_trot_p0.48.npz,5,0.35,0.5,0.2,0.48,trot,1,1,0,0.031268365586878615,0,0.17531653900846958,0.3824570057365452,17.707309525917797,38.49876424626471,0.6837997436523438,0.5,0.0,0.18269519406991702,0.01730480593008299,0.009432066317337257,0.0067459524259902565,0.35661146230995655,0.006611462309956573,0.014496495772064518,0.017913818359375,0.012781995900417568,0.014581128023564816,0.0064150706248149204,0.010671559626937879,1.0,1.0,0,1,0.5,48,0.0846287002786994,1.0,1.0,0.5,48,-0.1015032318731149,1.0,1.0,0.5,48,0.09241789734611909,1.0,1.0,0.5,48,-0.08684055864190061,1.0,1.0
energy_s0.200_d0.500_v0.350_trot_p0.48.npz,6,0.35,0.5,0.2,0.48,trot,1,1,0,0.027969573362530743,0,0.17351160713940042,0.37507297134399686,17.234779822183018,37.56494610481124,0.6817169189453125,0.5,0.0,0.18252752861008048,0.01747247138991953,0.009556622787689172,0.0068025024762998045,0.3558188679938515,0.0058188679938515064,0.017140543631046074,0.0200653076171875,0.012322383372638582,0.013471495360136032,0.006151628734891049,0.010184592526022372,1.0,1.0,0,1,0.5,48,0.0843901199599107,1.0,1.0,0.5,48,-0.1015987026815613,1.0,1.0,0.5,48,0.09245525284980734,1.0,1.0,0.5,48,-0.0866109817288816,1.0,1.0
energy_s0.200_d0.500_v0.350_trot_p0.48.npz,7,0.35,0.5,0.2,0.48,trot,1,1,1,0.011109314112950616,1,0.17213440942512132,0.38257971827001175,17.32486282928094,38.559646789118595,0.682861328125,0.5,0.0,0.18246663478203118,0.017533365217968833,0.00920173920846234,0.006571594843020044,0.35638059334208566,0.006380593342085683,0.016534171367257447,0.019124984741210938,0.012760265827413698,0.01364421658217907,0.0059131592718468014,0.010622856703465184,1.0,1.0,0,1,0.5,48,0.08515307648728292,1.0,1.0,0.5,48,-0.10078358231112361,1.0,1.0,0.5,48,0.09183133253827691,1.0,1.0,0.5,48,-0.08716527822737892,1.0,1.0
energy_s0.200_d0.625_v0.350_trot_p0.48.npz,0,0.35,0.625,0.2,0.48,trot,1,1,1,0.0024764523197605475,1,0.21311280460945992,0.4220213559094939,21.57804367185158,42.73508872465056,0.6873779296875,0.625,0.0,0.1850765134518345,0.014923486548165499,0.007827739585191014,0.006764576044709736,0.3591613369062543,0.009161336906254314,0.004632278269119038,0.006378173828125,0.0144156054380129,0.015436732210218906,0.005464353313496943,0.010068950839959871,1.0,1.0,0,1,0.625,60,0.09045482215782007,1.0,1.0,0.625,60,-0.10050497738023599,1.0,1.0,0.625,60,0.09140180721879006,1.0,1.0,0.625,60,-0.08779142014682292,1.0,1.0
energy_s0.200_d0.625_v0.350_trot_p0.48.npz,1,0.35,0.625,0.2,0.48,trot,1,1,1,0.0033411101154641842,1,0.21304819483874177,0.42270726951966653,21.633056821125212,42.92483475699384,0.68975830078125,0.625,0.0,0.18510734004278978,0.01489265995721023,0.007808045359949273,0.0067580916375542715,0.35969604551792145,0.00969604551792147,0.003781982009319979,0.0049896240234375,0.014060530106768047,0.015076898969709873,0.005323179313580575,0.009744895713677705,1.0,1.0,0,1,0.625,60,0.09039554856717587,1.0,1.0,0.625,60,-0.10050693899393082,1.0,1.0,0.625,60,0.0913908359905084,1.0,1.0,0.625,60,-0.08792135653396448,1.0,1.0
energy_s0.200_d0.625_v0.350_trot_p0.48.npz,2,0.35,0.625,0.2,0.48,trot,1,1,1,0.0027781076493299515,1,0.21307152146248928,0.4228420923419245,21.63911118551804,42.98032903522784,0.6900177001953125,0.625,0.0,0.1850884219010671,0.014911578098932898,0.007812287037571274,0.006759039141858621,0.3596422793343663,0.009642279334366344,0.00476643662930001,0.0063018798828125,0.014015403419405801,0.015089776366949081,0.005327004287889252,0.0097512127108964,1.0,1.0,0,1,0.625,60,0.09039127876361211,1.0,1.0,0.625,60,-0.10049208601315816,1.0,1.0,0.625,60,0.09138436516125997,1.0,1.0,0.625,60,-0.08790911386410395,1.0,1.0
energy_s0.200_d0.625_v0.350_trot_p0.48.npz,3,0.35,0.625,0.2,0.48,trot,1,1,1,0.003189048589750599,1,0.21321385296948558,0.4233387901737464,21.61901441973734,42.898515192261534,0.6888656616210938,0.625,0.0,0.18498005401343107,0.015019945986568944,0.007844841945916416,0.006787327056129777,0.35930603090673685,0.009306030906736873,0.005749610417795159,0.0070648193359375,0.01404663270971082,0.015153296291828156,0.005375856718793209,0.009828949844899104,1.0,1.0,0,1,0.625,60,0.09026231889923414,1.0,1.0,0.625,60,-0.10042943047980467,1.0,1.0,0.625,60,0.0914229248960813,1.0,1.0,0.625,60,-0.08784543375174204,1.0,1.0
energy_s0.200_d0.625_v0.350_trot_p0.48.npz,4,0.35,0.625,0.2,0.48,trot,1,1,1,0.0008480314452079348,1,0.21381273729340516,0.4257875755892444,21.651982470468937,43.17621942823946,0.6892891526222229,0.625,0.0,0.1850734781473875,0.014926521852612507,0.007822281308472158,0.00676782329877218,0.35946452741821605,0.009464527418216073,0.006182172896358215,0.007537841796875,0.013881447489401427,0.014988132752478123,0.005371051246784859,0.00967597968248859,1.0,1.0,0,1,0.625,60,0.09037681197126707,1.0,1.0,0.625,60,-0.10048867625494798,1.0,1.0,0.625,60,0.09140811053415139,1.0,1.0,0.625,60,-0.08787335753440857,1.0,1.0
energy_s0.200_d0.625_v0.350_trot_p0.48.npz,5,0.35,0.625,0.2,0.48,trot,1,1,1,0.0017723784017333682,1,0.21232868374088354,0.42154938457127633,21.58225389704866,42.8489152173973,0.6899566650390625,0.625,0.0,0.1850807380552093,0.014919261944790707,0.007815945365776622,0.006766059606646502,0.3598117471362154,0.00981174713621541,0.006858279783216829,0.00848388671875,0.014008614364980826,0.015095745213329792,0.005339115649937035,0.009671142542834433,1.0,1.0,0,1,0.625,60,0.09037597067654132,1.0,1.0,0.625,60,-0.10049280151724815,1.0,1.0,0.625,60,0.09138184649248918,1.0,1.0,0.625,60,-0.08791085742413998,1.0,1.0
energy_s0.200_d0.625_v0.350_trot_p0.48.npz,6,0.35,0.625,0.2,0.48,trot,1,1,1,0.0032785352673208733,1,0.21428379541739678,0.422905318285167,21.695473365053818,42.921227722986536,0.6892547607421875,0.625,0.0,0.18507411933193602,0.014925880668063995,0.007822783260295792,0.006772694309862955,0.3596319065739711,0.009631906573971116,0.004979899536941929,0.00650787353515625,0.0140341792112132,0.015133845619857311,0.005318557855219114,0.009721633518508632,1.0,1.0,0,1,0.625,60,0.09036609902977943,1.0,1.0,0.625,60,-0.10049902163445949,1.0,1.0,0.625,60,0.09142356514930725,1.0,1.0,0.625,60,-0.0878595528503259,1.0,1.0
energy_s0.200_d0.625_v0.350_trot_p0.48.npz,7,0.35,0.625,0.2,0.48,trot,1,1,1,0.004066709789510023,1,0.21322088199143807,0.4222721486639901,21.681349827739968,42.94248240157929,0.6902008056640625,0.625,0.0,0.1850871669749419,0.014912833025058109,0.007825051496426268,0.006770294543821369,0.3596342457458377,0.00963424574583771,0.006973289515728416,0.00856781005859375,0.013938958837049268,0.015039259567856789,0.005334224973962947,0.009780670748585817,1.0,1.0,0,1,0.625,60,0.09034445037444433,1.0,1.0,0.625,60,-0.10052571979661783,1.0,1.0,0.625,60,0.09143921236197154,1.0,1.0,0.625,60,-0.08786495141685009,1.0,1.0
energy_s0.200_d0.750_v0.350_trot_p0.48.npz,0,0.35,0.75,0.2,0.48,trot,1,1,1,0.0018561360883162805,1,0.2810454894634745,0.5665172029919069,28.25259968100279,56.962827768613536,0.6829833984375,0.75,0.0,0.18992969429948264,0.010070305700517368,0.006660814867872334,0.006379114110798888,0.3565391792605321,0.006539179260532102,0.02136295135972473,0.02532958984375,0.002875739643650012,0.005744590889662504,0.006391836214357496,0.025130690398996403,1.0,1.0,0,1,0.75,72,0.09448740765866306,1.0,1.0,0.75,72,-0.1032513240352273,1.0,1.0,0.75,72,0.09445498728503783,1.0,1.0,0.75,72,-0.08766566962003708,1.0,1.0
energy_s0.200_d0.750_v0.350_trot_p0.48.npz,1,0.35,0.75,0.2,0.48,trot,1,1,1,0.0021708499639403684,1,0.27979376090743135,0.5661104067951518,28.162949090939733,56.97547750382425,0.683013916015625,0.75,0.0,0.18990125807209146,0.01009874192790855,0.006638793874945908,0.006345586924968911,0.3560786995415886,0.006078699541588628,0.017092075727237963,0.0205230712890625,0.0038830562741824746,0.006808929145336151,0.006126535558197112,0.025243487760446267,1.0,1.0,0,1,0.75,72,0.09459012664026684,1.0,1.0,0.75,72,-0.10317884582198328,1.0,1.0,0.75,72,0.09439250154213773,1.0,1.0,0.75,72,-0.0876410421397951,1.0,1.0
energy_s0.200_d0.750_v0.350_trot_p0.48.npz,2,0.35,0.75,0.2,0.48,trot,1,1,1,0.001501849764134914,1,0.2806076122053371,0.5673382018098102,28.28678671647253,57.21635994681157,0.6837310791015625,0.75,0.0,0.18986264072979492,0.010137359270205093,0.006610134725148481,0.0063178554371309805,0.356237620425721,0.006237620425721013,0.017998705858744874,0.0214080810546875,0.004127773026324148,0.006996797863394022,0.006098455030526303,0.025300369978650525,1.0,1.0,0,1,0.75,72,0.09455727568517129,1.0,1.0,0.75,72,-0.10308291018009186,1.0,1.0,0.75,72,0.09434997569769621,1.0,1.0,0.75,72,-0.08773511989663045,1.0,1.0
energy_s0.200_d0.750_v0.350_trot_p0.48.npz,3,0.35,0.75,0.2,0.48,trot,1,1,1,0.002671361114222698,1,0.28014946552430375,0.5663329247593616,28.195307355134158,56.999171016540885,0.683258056640625,0.75,0.0,0.18996368953958154,0.010036310460418474,0.006655854229918787,0.006368818921813123,0.35635872309406597,0.006358723094065988,0.02005447142232768,0.023406982421875,0.003044937642038156,0.005904942750930786,0.006355309723587338,0.025258342043157692,1.0,1.0,0,1,0.75,72,0.09455330380135113,1.0,1.0,0.75,72,-0.10327539799941911,1.0,1.0,0.75,72,0.09445033429397477,1.0,1.0,0.75,72,-0.08764834298441808,1.0,1.0
energy_s0.200_d0.750_v0.350_trot_p0.48.npz,4,0.35,0.75,0.2,0.48,trot,1,1,1,0.0008614379229582085,1,0.2797752653730753,0.5660237656887668,28.149930698402454,56.98365098069353,0.6831071972846985,0.75,0.0,0.18995301854900187,0.010046981450998138,0.006658351054001189,0.006372042811320477,0.35622437826047343,0.006224378260473451,0.020449903590777262,0.0241546630859375,0.0029422156967723926,0.005722556263208389,0.006426434236408228,0.02510129813408508,1.0,1.0,0,1,0.75,72,0.09453080180618498,1.0,1.0,0.75,72,-0.10326972065700425,1.0,1.0,0.75,72,0.09442134760320187,1.0,1.0,0.75,72,-0.08768416703161266,1.0,1.0
energy_s0.200_d0.750_v0.350_trot_p0.48.npz,5,0.35,0.75,0.2,0.48,trot,1,1,1,0.0023332755878101956,1,0.2796025218273226,0.565321750524056,28.170048301613,56.974847161488555,0.683563232421875,0.75,0.0,0.1899748772589697,0.010025122741030318,0.0066534440447058975,0.006372048826112104,0.35646137160559493,0.006461371605594957,0.02002414935043306,0.0237274169921875,0.00310184970961673,0.006016955245286226,0.006385581182188552,0.02517677576762871,1.0,1.0,0,1,0.75,72,0.0945907509368327,1.0,1.0,0.75,72,-0.10328176534838146,1.0,1.0,0.75,72,0.09442195503248109,1.0,1.0,0.75,72,-0.08765528320024411,1.0,1.0
energy_s0.200_d0.750_v0.350_trot_p0.48.npz,6,0.35,0.75,0.2,0.48,trot,1,1,1,0.0009004464306741412,1,0.28063387970538656,0.5669429434661395,28.26723417226044,57.09163537350859,0.6835479736328125,0.75,0.0,0.18988284804961747,0.010117151950382541,0.006625442098205292,0.0063290724802451855,0.3563116556033492,0.006311655603349231,0.017901862860126527,0.0214080810546875,0.0038841541006076567,0.006852285470813513,0.006115421619837648,0.025379652315253746,1.0,1.0,0,1,0.75,72,0.09451754070404503,1.0,1.0,0.75,72,-0.10313373224602805,1.0,1.0,0.75,72,0.09441854214916627,1.0,1.0,0.75,72,-0.0876958809999956,1.0,1.0
energy_s0.200_d0.750_v0.350_trot_p0.48.npz,7,0.35,0.75,0.2,0.48,trot,1,1,1,0.0022794690844161964,1,0.2800570037180068,0.5660670599298878,28.21920044031355,57.01221111833927,0.68359375,0.75,0.0,0.1899117431603372,0.010088256839662801,0.006617234507575634,0.006326100455286605,0.35621191499133903,0.0062119149913390515,0.01963949473726315,0.02318572998046875,0.003907913922828316,0.006781341042369604,0.006152137964322398,0.025320934100056994,1.0,1.0,0,1,0.75,72,0.09456544990340869,1.0,1.0,0.75,72,-0.10314621217548847,1.0,1.0,0.75,72,0.09439891721639368,1.0,1.0,0.75,72,-0.08771290702538358,1.0,1.0
energy_s0.300_d0.500_v0.350_trot_p0.48.npz,0,0.35,0.5,0.3,0.48,trot,1,1,1,0.01965241492524942,1,0.20895062084572646,0.42080336395478013,21.04223217964737,42.40416504280115,0.684112548828125,0.5,0.0,0.2898958522515992,0.010104147748400794,0.007490729928637542,0.0064510707588245455,0.3564062472432852,0.006406247243285201,0.001272196295487689,0.003082275390625,0.002738305558509714,0.0036164349876344204,0.006152510540887831,0.01524048178939055,1.0,1.0,0,1,0.5,48,0.13908852419505516,1.0,1.0,0.5,48,-0.15487123435984054,1.0,1.0,0.5,48,0.14730107566962639,1.0,1.0,0.5,48,-0.13853087027867636,1.0,1.0
energy_s0.300_d0.500_v0.350_trot_p0.48.npz,1,0.35,0.5,0.3,0.48,trot,1,1,0,0.027237219017616335,0,0.2144530030027741,0.41817042619751266,21.35208169338421,42.132653855736194,0.681732177734375,0.5,0.0,0.28995584587876994,0.010044154121230053,0.007538421871140597,0.006519818422384559,0.3557602623477578,0.0057602623477578385,0.0018956422784295905,0.0041351318359375,0.004014205734885648,0.004887381102889776,0.006004312833871968,0.014972658301836637,1.0,1.0,0,1,0.5,48,0.13892702541003624,1.0,1.0,0.5,48,-0.1550217124943932,1.0,1.0,0.5,48,0.14743540529161692,1.0,1.0,0.5,48,-0.13852754856149355,1.0,1.0
energy_s0.300_d0.500_v0.350_trot_p0.48.npz,2,0.35,0.5,0.3,0.48,trot,1,1,1,0.015672152862906363,1,0.21509292533846425,0.42339888699000994,21.612635654600137,42.5178797153343,0.6822052001953125,0.5,0.0,0.28979350517814356,0.010206494821856427,0.007583203275377549,0.006548241316340862,0.35565733971695107,0.005657339716951093,0.0012590581548591676,0.002685546875,0.0037707387140890037,0.005098661873489618,0.005995897118097241,0.014503258316370761,1.0,1.0,0,1,0.5,48,0.1387954019010067,1.0,1.0,0.5,48,-0.1549477425093452,1.0,1.0,0.5,48,0.14755986351519823,1.0,1.0,0.5,48,-0.13828400243073702,1.0,1.0
energy_s0.300_d0.500_v0.350_trot_p0.48.npz,3,0.35,0.5,0.3,0.48,trot,1,1,1,0.015698551715915242,1,0.20858447828002175,0.41613028683664927,20.970551473500553,41.98865969955506,0.6816177368164062,0.5,0.0,0.2899407690080504,0.010059230991949608,0.007539808858806885,0.006574980495497584,0.3554329468558232,0.00543294685582324,0.0014818548205669058,0.003204345703125,0.004459032276304363,0.0052334521897137165,0.005861006191437415,0.014803030874079795,1.0,1.0,0,1,0.5,48,0.138936674532791,1.0,1.0,0.5,48,-0.15501428954303265,1.0,1.0,0.5,48,0.14761534674714008,1.0,1.0,0.5,48,-0.13831522719313702,1.0,1.0
energy_s0.300_d0.500_v0.350_trot_p0.48.npz,4,0.35,0.5,0.3,0.48,trot,1,1,1,0.011580653111974426,1,0.21122094592471408,0.41915749611731085,21.1664393556176,42.10625585068968,0.6810272336006165,0.5,0.0,0.2900383616797626,0.009961638320237387,0.007511515496298668,0.006573977585261066,0.3551719719544053,0.00517197195440533,0.0021185998896945156,0.0041046142578125,0.004332022124861182,0.005178963765501976,0.005744242095586109,0.014415447196291918,1.0,1.0,0,1,0.5,48,0.13903323312600455,1.0,1.0,0.5,48,-0.15505704966684183,1.0,1.0,0.5,48,0.14763085854550204,1.0,1.0,0.5,48,-0.13835558202117682,1.0,1.0
energy_s0.300_d0.500_v0.350_trot_p0.48.npz,5,0.35,0.5,0.3,0.48,trot,1,1,1,0.014366305436399837,1,0.20872052591052584,0.42070723180187297,21.043683635254098,42.24100537333702,0.682647705078125,0.5,0.0,0.2897245422936976,0.010275457706302393,0.007636836341892677,0.006598262977786362,0.3560452514017622,0.006045251401762208,0.002853927609075379,0.004913330078125,0.0038586325065507153,0.004687572363764048,0.006113813039116904,0.014830115209308024,1.0,1.0,0,1,0.5,48,0.13876866394033036,1.0,1.0,0.5,48,-0.15498962377508482,1.0,1.0,0.5,48,0.14753840770572424,1.0,1.0,0.5,48,-0.1381523891662558,1.0,1.0
energy_s0.300_d0.500_v0.350_trot_p0.48.npz,6,0.35,0.5,0.3,0.48,trot,1,1,1,0.0020223045894049918,1,0.21102124092478353,0.4130190312576456,21.115917913785772,41.46123276975115,0.6818695068359375,0.5,0.0,0.2900393546248476,0.0099606453751524,0.0075787793844938256,0.006646795803681015,0.3554455678289135,0.005445567828913533,0.0018910076779337303,0.00377655029296875,0.004459888857856598,0.0053159925155341625,0.0055947020601284005,0.014876133314242519,1.0,1.0,0,1,0.5,48,0.13872386297831932,1.0,1.0,0.5,48,-0.1551782668878635,1.0,1.0,0.5,48,0.14787802596886954,1.0,1.0,0.5,48,-0.1382985534146428,1.0,1.0
energy_s0.300_d0.500_v0.350_trot_p0.48.npz,7,0.35,0.5,0.3,0.48,trot,1,1,1,0.01741132028573159,1,0.21095811647775586,0.4121150086089907,21.14252930760346,41.706217293966745,0.6818389892578125,0.5,0.0,0.2900553409320613,0.009944659067938677,0.0076254381022105595,0.006660080693351725,0.355252029063801,0.005252029063801011,0.003830898397625337,0.006381988525390625,0.004692221701958115,0.005446058697998524,0.005717256110813485,0.0149191273302806,1.0,1.0,0,1,0.5,48,0.13872427369157472,1.0,1.0,0.5,48,-0.1552854043742021,1.0,1.0,0.5,48,0.14780179473261038,1.0,1.0,0.5,48,-0.13829920906573534,1.0,1.0
energy_s0.300_d0.625_v0.350_trot_p0.48.npz,0,0.35,0.625,0.3,0.48,trot,1,1,1,0.005095246831820453,1,0.20643274027557357,0.40929074207867333,20.796790909202617,41.26227930989448,0.683624267578125,0.625,0.0,0.288129149004817,0.01187085099518298,0.006780939139425753,0.00632866259353856,0.3565974608063698,0.006597460806369804,0.0025427010489776462,0.00408935546875,0.001747263225860345,0.002624895190820098,0.00434623231075395,0.012411844778402537,1.0,1.0,0,1,0.625,60,0.14307989949981373,1.0,1.0,0.625,60,-0.15166609659790992,1.0,1.0,0.625,60,0.14361283456285795,1.0,1.0,0.625,60,-0.13789946734905242,1.0,1.0
energy_s0.300_d0.625_v0.350_trot_p0.48.npz,1,0.35,0.625,0.3,0.48,trot,1,1,1,0.00254504765871823,1,0.20485179508353613,0.41191957315790606,20.632103787629,41.45062806329147,0.683135986328125,0.625,0.0,0.2879744642724594,0.012025535727540615,0.0068272778764367084,0.006347813829779622,0.3561992117514213,0.006199211751421296,0.000813452327591665,0.001373291015625,0.0018098983614954248,0.0026409432757645845,0.00445512154063546,0.012526245025470124,1.0,1.0,0,1,0.625,60,0.14296411102016768,1.0,1.0,0.625,60,-0.15156732847293217,1.0,1.0,0.625,60,0.14358916506171227,1.0,1.0,0.625,60,-0.13782832399010658,1.0,1.0
energy_s0.300_d0.625_v0.350_trot_p0.48.npz,2,0.35,0.625,0.3,0.48,trot,1,1,1,0.002068826267122769,1,0.20486253063364507,0.4108658761205186,20.631398273769243,41.39398836527753,0.6832427978515625,0.625,0.0,0.28800086565315725,0.011999134346842744,0.0068171554928024595,0.006340707590182619,0.3562050734957059,0.006205073495705926,0.0021530054715356633,0.0029449462890625,0.001826552801701065,0.0026843752712011337,0.004433008024466892,0.012574342930810695,1.0,1.0,0,1,0.625,60,0.14298387219508488,1.0,1.0,0.625,60,-0.15157677605748177,1.0,1.0,0.625,60,0.14360312968492508,1.0,1.0,0.625,60,-0.13783795336882274,1.0,1.0
energy_s0.300_d0.625_v0.350_trot_p0.48.npz,3,0.35,0.625,0.3,0.48,trot,1,1,1,0.0014046519563874753,1,0.2042975438091726,0.4108117773167753,20.571596372678673,41.361198017695514,0.6832122802734375,0.625,0.0,0.2880342099815607,0.011965790018439282,0.006795432406167187,0.006324111274443563,0.3562297287086646,0.006229728708664617,0.0038400421596006787,0.0048675537109375,0.0017804228185915438,0.0026682650204747915,0.0044332758206413435,0.012515532793450327,1.0,1.0,0,1,0.625,60,0.14302626873056093,1.0,1.0,0.625,60,-0.1515623852610588,1.0,1.0,0.625,60,0.1435893217722575,1.0,1.0,0.625,60,-0.13789044419924418,1.0,1.0
energy_s0.300_d0.625_v0.350_trot_p0.48.npz,4,0.35,0.625,0.3,0.48,trot,1,1,1,0.0004084584102799587,1,0.20430394553920028,0.4118770019832406,20.556379009710557,41.45339196419292,0.6830606460571289,0.625,0.0,0.28804218222697575,0.011957817773024237,0.006786193177103994,0.006317522314687567,0.3562328166638811,0.006232816663881147,0.0045042368103988505,0.0059661865234375,0.0018027958004512557,0.002637058962136507,0.004465200902812319,0.012412508425466585,1.0,1.0,0,1,0.625,60,0.14304866914947828,1.0,1.0,0.625,60,-0.15155194352070492,1.0,1.0,0.625,60,0.14356602157155673,1.0,1.0,0.625,60,-0.1379177302122116,1.0,1.0
energy_s0.300_d0.625_v0.350_trot_p0.48.npz,5,0.35,0.625,0.3,0.48,trot,1,1,1,0.0019389305683537054,1,0.20447070512812454,0.4116586688005553,20.582321091310646,41.410974635998464,0.682891845703125,0.625,0.0,0.2880408614873886,0.011959138512611378,0.006797591696182885,0.006324389926157889,0.35621053508172434,0.0062105350817243665,0.004336213828978045,0.0056915283203125,0.0018331914045124163,0.0026938647497445345,0.004429836549470267,0.01252875929551782,1.0,1.0,0,1,0.625,60,0.1430300084253152,1.0,1.0,0.625,60,-0.151575281471014,1.0,1.0,0.625,60,0.14359108880162239,1.0,1.0,0.625,60,-0.13788534427682558,1.0,1.0
energy_s0.300_d0.625_v0.350_trot_p0.48.npz,6,0.35,0.625,0.3,0.48,trot,1,1,1,0.002060189546982187,1,0.20506962246226396,0.4117985889984469,20.664397974712806,41.47710304400234,0.683563232421875,0.625,0.0,0.2879561105122169,0.012043889487783066,0.006835198315481343,0.006353325652889904,0.3561737205212315,0.006173720521231496,0.0017867920780395134,0.002960205078125,0.0018210222066908797,0.0026761270128190517,0.004411488232039215,0.0126225892437544,1.0,1.0,0,1,0.625,60,0.14295854618151982,1.0,1.0,0.625,60,-0.15156589597463607,1.0,1.0,0.625,60,0.14360176101326944,1.0,1.0,0.625,60,-0.13778601785500844,1.0,1.0
energy_s0.300_d0.625_v0.350_trot_p0.48.npz,7,0.35,0.625,0.3,0.48,trot,1,1,1,0.0020230729426498847,1,0.2049258368990075,0.41163061582232713,20.629787236198034,41.46371361357508,0.683441162109375,0.625,0.0,0.28795296760896844,0.012047032391031554,0.006841543229917684,0.00635829422002037,0.35612883263578016,0.006128832635780179,0.0049973408070171635,0.006378173828125,0.0016435234756083212,0.002470740582793951,0.004413911621330759,0.012524263565687446,1.0,1.0,0,1,0.625,60,0.1429706980784734,1.0,1.0,0.625,60,-0.15157171760996183,1.0,1.0,0.625,60,0.14359543820222218,1.0,1.0,0.625,60,-0.1377680813272794,1.0,1.0
energy_s0.300_d0.750_v0.350_trot_p0.48.npz,0,0.35,0.75,0.3,0.48,trot,1,1,1,0.003367664912669892,1,0.2825038270685597,0.5671875128677509,28.373911390402483,56.96111692134491,0.6817626953125,0.75,0.0,0.2898779007502728,0.010122099249727179,0.006705043082022002,0.006462310138158497,0.35593421291559935,0.005934212915599368,0.015857373056055862,0.0184326171875,0.008998968926709192,0.011550569906830788,0.004891294711334492,0.020225378174285505,1.0,1.0,0,1,0.75,72,0.14501307821936077,1.0,1.0,0.75,72,-0.1532879869143168,1.0,1.0,0.75,72,0.14532149314052528,1.0,1.0,0.75,72,-0.13613324322634274,1.0,1.0
energy_s0.300_d0.750_v0.350_trot_p0.48.npz,1,0.35,0.75,0.3,0.48,trot,1,1,1,0.0032136630294991517,1,0.2828519534975671,0.5674366120817427,28.441820633618665,57.08540308592646,0.682586669921875,0.75,0.0,0.28981051169749766,0.010189488302502325,0.0067196207638416,0.0064715747954323865,0.35569257258127135,0.005692572581271371,0.016629226320170373,0.0195465087890625,0.009060147124578501,0.011682545766234398,0.005080149770739481,0.020503408429054255,1.0,1.0,0,1,0.75,72,0.14506473888953528,1.0,1.0,0.75,72,-0.15324975322518083,1.0,1.0,0.75,72,0.1451558656990528,1.0,1.0,0.75,72,-0.13615066558122635,1.0,1.0
energy_s0.300_d0.750_v0.350_trot_p0.48.npz,2,0.35,0.75,0.3,0.48,trot,1,1,1,0.0017689021813545713,1,0.28311884143408594,0.5682735878311187,28.492395154512515,57.1488636639524,0.682891845703125,0.75,0.0,0.28977766664077836,0.010222333359221625,0.006698119216081166,0.006456291473781066,0.355793413395683,0.005793413395683011,0.01638147830868867,0.01959228515625,0.008676866522403643,0.011439366266131401,0.0050729763752005805,0.020196485879501243,1.0,1.0,0,1,0.75,72,0.14514520515998205,1.0,1.0,0.75,72,-0.1531739050729407,1.0,1.0,0.75,72,0.1450022001647287,1.0,1.0,0.75,72,-0.1362340228839053,1.0,1.0
energy_s0.300_d0.750_v0.350_trot_p0.48.npz,3,0.35,0.75,0.3,0.48,trot,1,1,1,0.0010957454562961937,1,0.2835048107331195,0.56826693173826,28.50359459722949,57.13444231611862,0.6822357177734375,0.75,0.0,0.2897093649953604,0.010290635004639614,0.0067354587838053676,0.006491322194536524,0.35568192694336176,0.005681926943361781,0.016457128435366945,0.019317626953125,0.008723925400968408,0.011518028564751148,0.0050909222769817885,0.02023529866961019,1.0,1.0,0,1,0.75,72,0.14515316403574413,1.0,1.0,0.75,72,-0.15318028256297112,1.0,1.0,0.75,72,0.14496482039491335,1.0,1.0,0.75,72,-0.13612046299709213,1.0,1.0
energy_s0.300_d0.750_v0.350_trot_p0.48.npz,4,0.35,0.75,0.3,0.48,trot,1,1,1,0.0006241761768203088,1,0.2832631424247968,0.5691289134519011,28.458346165963334,57.182177195161614,0.6818221211433411,0.75,0.0,0.2897456682597598,0.010254331740240208,0.006715732388612294,0.006476156576536593,0.355548410055538,0.005548410055538022,0.016006782538985097,0.018829345703125,0.008399450162270887,0.01087744440883398,0.005069886191182783,0.020194466970424423,1.0,1.0,0,1,0.75,72,0.1452326387580898,1.0,1.0,0.75,72,-0.15317713303698433,1.0,1.0,0.75,72,0.1448931795441442,1.0,1.0,0.75,72,-0.13618838518030113,1.0,1.0
energy_s0.300_d0.750_v0.350_trot_p0.48.npz,5,0.35,0.75,0.3,0.48,trot,1,1,1,0.0011010495869363318,1,0.28371048197296966,0.5685422542426696,28.52008092150617,57.14189997143501,0.6822357177734375,0.75,0.0,0.2896934491064813,0.010306550893518673,0.006734912511375212,0.006492127951545017,0.35569719939182204,0.005697199391822061,0.018599026177583453,0.02161407470703125,0.008592618215033383,0.011167902499437332,0.005090482234216019,0.02020776392437181,1.0,1.0,0,1,0.75,72,0.14514661725196573,1.0,1.0,0.75,72,-0.15316327412923178,1.0,1.0,0.75,72,0.14495568805270725,1.0,1.0,0.75,72,-0.13612131877905792,1.0,1.0
energy_s0.300_d0.750_v0.350_trot_p0.48.npz,6,0.35,0.75,0.3,0.48,trot,1,1,1,0.001983925586910189,1,0.28311831422206557,0.5679662626002218,28.451092553645946,57.07983467618212,0.6822967529296875,0.75,0.0,0.2898623771551583,0.01013762284484171,0.006702307425439355,0.006456305047807591,0.35582012093315524,0.0058201209331552595,0.01559881031218057,0.018646240234375,0.009116783071836854,0.01180863007903099,0.005057379267732686,0.02041807355301377,1.0,1.0,0,1,0.75,72,0.145034019731813,1.0,1.0,0.75,72,-0.15326699200603697,1.0,1.0,0.75,72,0.14523540685574213,1.0,1.0,0.75,72,-0.1361883357167244,1.0,1.0
energy_s0.300_d0.750_v0.350_trot_p0.48.npz,7,0.35,0.75,0.3,0.48,trot,1,1,1,0.001850922331260857,1,0.28254966611868315,0.5672331499578989,28.438595696755808,57.093747399186114,0.6831207275390625,0.75,0.0,0.28989953206231195,0.01010046793768804,0.006705346486220754,0.006458721573775011,0.35580289208640653,0.0058028920864065525,0.019759504826550714,0.0228118896484375,0.009352122840312902,0.011960134841501713,0.0050541808193581735,0.0203393078134972,1.0,1.0,0,1,0.75,72,0.14502024174564415,1.0,1.0,0.75,72,-0.15331022503475347,1.0,1.0,0.75,72,0.14529990115099484,1.0,1.0,0.75,72,-0.13616869619323146,1.0,1.0
energy_s0.400_d0.500_v0.350_trot_p0.48.npz,0,0.35,0.5,0.4,0.48,trot,1,1,0,0.020109742225738605,0,0.242556145302798,0.47015095352881786,24.188486442431426,47.193015161001625,0.676788330078125,0.5,0.0,0.40005200464899343,5.200464899340895e-05,0.0063201272394508125,0.0063327876618132,0.3525765823821227,0.0025765823821227163,0.007735278031906258,0.00927734375,0.01223888615506081,0.014262181706726551,0.004464650470994468,0.02098661533582317,1.0,1.0,0,1,0.5,48,0.19514707227547964,1.0,1.0,0.5,48,-0.21067534976949295,1.0,1.0,0.5,48,0.20197654391328493,1.0,1.0,0.5,48,-0.1923050433397293,1.0,1.0
energy_s0.400_d0.500_v0.350_trot_p0.48.npz,1,0.35,0.5,0.4,0.48,trot,1,1,1,0.009168697160340859,1,0.23896368577524918,0.4635932655716594,23.81401724188143,46.24047680206715,0.6775054931640625,0.5,0.0,0.40041218108187115,0.00041218108187113245,0.006411911609272162,0.006468112347647548,0.3534169051175316,0.003416905117531621,0.006088139716912492,0.0079498291015625,0.012825063747325168,0.014197731390595436,0.00425956814844995,0.021177170656021215,1.0,1.0,0,1,0.5,48,0.19508994898448387,1.0,1.0,0.5,48,-0.21088067100693783,1.0,1.0,0.5,48,0.20235533329347768,1.0,1.0,0.5,48,-0.19249840887884298,1.0,1.0
energy_s0.400_d0.500_v0.350_trot_p0.48.npz,2,0.35,0.5,0.4,0.48,trot,1,1,0,0.027272667986582632,0,0.2413862698644012,0.46937684472049074,24.011966695343006,47.01675036022082,0.675689697265625,0.5,0.0,0.4000049048724274,4.904872427380358e-06,0.0064671531164397795,0.006459327857010067,0.35226644047846395,0.0022664404784639713,0.004977162818726118,0.0067138671875,0.013024374897369403,0.01454839762300253,0.004377830416522039,0.020598795788357962,1.0,1.0,0,1,0.5,48,0.19491315757234892,1.0,1.0,0.5,48,-0.21083111129701138,1.0,1.0,0.5,48,0.20208391981820265,1.0,1.0,0.5,48,-0.19218162105729183,1.0,1.0
energy_s0.400_d0.500_v0.350_trot_p0.48.npz,3,0.35,0.5,0.4,0.48,trot,1,1,1,0.017234185173296588,1,0.2408609719763915,0.4705308540726295,24.120282137717606,47.10272458878479,0.6766357421875,0.5,0.0,0.4002938251942396,0.0002938251942395942,0.006327288473645847,0.006388963712379336,0.352824402662615,0.002824402662615022,0.0031057719603950202,0.00469970703125,0.013578760667530552,0.015076818875968456,0.004709404053031627,0.02061910064246326,1.0,1.0,0,1,0.5,48,0.19504546746611595,1.0,1.0,0.5,48,-0.21085586616148552,1.0,1.0,0.5,48,0.20208603516221046,1.0,1.0,0.5,48,-0.1926002815986673,1.0,1.0
energy_s0.400_d0.500_v0.350_trot_p0.48.npz,4,0.35,0.5,0.4,0.48,trot,1,1,1,0.005608750779965189,1,0.23585393087407486,0.46178143151703677,23.52448412075679,46.02290516937595,0.6766476631164551,0.5,0.0,0.4003508516276876,0.00035085162768755396,0.0064740837551653385,0.0064998216306169825,0.35285161932309467,0.0028516193230946896,0.0030669126129234826,0.0050506591796875,0.013659031382255885,0.015185696072876453,0.0047522139980344805,0.0189417840079343,1.0,1.0,0,1,0.5,48,0.1949081216007471,1.0,1.0,0.5,48,-0.2111029177904129,1.0,1.0,0.5,48,0.20219610134760538,1.0,1.0,0.5,48,-0.19249456251660982,1.0,1.0
energy_s0.400_d0.500_v0.350_trot_p0.48.npz,5,0.35,0.5,0.4,0.48,trot,1,1,0,0.02913006049733316,0,0.2450452349907331,0.46616641702505124,24.518265727130853,46.87538790538202,0.678497314453125,0.5,0.0,0.4003174983275433,0.00031749832754329743,0.006221476181720694,0.0063001557408521565,0.3536551936219136,0.0036551936219136327,0.005244701881194441,0.005950927734375,0.012233522753178497,0.014305703341960907,0.004099156534273931,0.02105660454266622,1.0,1.0,0,1,0.5,48,0.19534960389137268,1.0,1.0,0.5,48,-0.2105618758747975,1.0,1.0,0.5,48,0.20218587201088667,1.0,1.0,0.5,48,-0.19253764487802982,1.0,1.0
energy_s0.400_d0.500_v0.350_trot_p0.48.npz,6,0.35,0.5,0.4,0.48,trot,1,1,1,0.014645623117734605,1,0.23784661968871795,0.4664946688482611,23.84616007720213,46.57541855373367,0.6775360107421875,0.5,0.0,0.400233771186322,0.0002337711863219516,0.0065362505459537115,0.006557516598453124,0.3533867811784148,0.003386781178414844,0.006296061149408699,0.00806427001953125,0.012691820138106956,0.014220782555639744,0.004298726429807981,0.020818141514676848,1.0,1.0,0,1,0.5,48,0.19490298566718897,1.0,1.0,0.5,48,-0.21085848566144705,1.0,1.0,0.5,48,0.20244778661678234,1.0,1.0,0.5,48,-0.1922582844272256,1.0,1.0
energy_s0.400_d0.500_v0.350_trot_p0.48.npz,7,0.35,0.5,0.4,0.48,trot,1,1,1,0.006835681192896468,1,0.23796021850421697,0.4633745637570124,23.97529117078221,46.57050915667743,0.6778411865234375,0.5,0.0,0.40024320408701897,0.00024320408701894447,0.006527950831999381,0.006530662882141769,0.3533891982709368,0.0033891982709368107,0.004191761625878784,0.005664825439453125,0.01273858249569361,0.014529610984027386,0.004418206206585003,0.020225330516519684,1.0,1.0,0,1,0.5,48,0.19491216695557037,1.0,1.0,0.5,48,-0.21098122683664164,1.0,1.0,0.5,48,0.2023178789143761,1.0,1.0,0.5,48,-0.19227513546744981,1.0,1.0
energy_s0.400_d0.625_v0.350_trot_p0.48.npz,0,0.35,0.625,0.4,0.48,trot,1,1,1,0.006420864802348044,1,0.2221333427451157,0.4267414912627378,22.233663315773363,42.734336217142804,0.679534912109375,0.625,0.0,0.3976054736723502,0.002394526327649804,0.004800499839087331,0.00498307332551728,0.3537263156225284,0.0037263156225283978,0.012011766740527336,0.014190673828125,0.0045116288318022505,0.005955938249826431,0.004587141360115931,0.015329356071685623,1.0,1.0,0,1,0.625,60,0.19870051071047784,1.0,1.0,0.625,60,-0.20696374028921127,1.0,1.0,0.625,60,0.19893149981896083,1.0,1.0,0.625,60,-0.19061519652605058,1.0,1.0
energy_s0.400_d0.625_v0.350_trot_p0.48.npz,1,0.35,0.625,0.4,0.48,trot,1,1,1,0.003834895069327324,1,0.2221814515835716,0.43035732840396007,22.246125062242577,43.063559408367695,0.6794586181640625,0.625,0.0,0.39769676377375923,0.00230323622624079,0.004928933382034305,0.00506695527583361,0.3540702788159251,0.0040702788159251435,0.010483562194730912,0.0124969482421875,0.0056363697825152345,0.006893925368785858,0.005138712377645832,0.01539667107874833,1.0,1.0,0,1,0.625,60,0.19849720920125644,1.0,1.0,0.625,60,-0.2072347107032935,1.0,1.0,0.625,60,0.19910348777969678,1.0,1.0,0.625,60,-0.1905581198632717,1.0,1.0
energy_s0.400_d0.625_v0.350_trot_p0.48.npz,2,0.35,0.625,0.4,0.48,trot,1,1,1,0.005586941523023655,1,0.22201897169998946,0.4308918685813993,22.209378011603924,43.107174897585885,0.6788482666015625,0.625,0.0,0.3976923231035471,0.002307676896452948,0.004940709459284945,0.005070211024334036,0.3539401947831114,0.003940194783111417,0.008106248593780245,0.0098724365234375,0.005442028289343856,0.006620455998927355,0.005250561099443764,0.015589080848393824,1.0,1.0,0,1,0.625,60,0.19850080360968908,1.0,1.0,0.625,60,-0.20724426632126172,1.0,1.0,0.625,60,0.1991028333703677,1.0,1.0,0.625,60,-0.1905367429057757,1.0,1.0
energy_s0.400_d0.625_v0.350_trot_p0.48.npz,3,0.35,0.625,0.4,0.48,trot,1,1,1,0.009198695001610056,1,0.22223782806755255,0.4280514790970316,22.226134671459796,42.84718193442162,0.6793670654296875,0.625,0.0,0.39767593915263816,0.002324060847361864,0.0048957321047782935,0.005053885521677636,0.3542520732929309,0.004252073292930925,0.008800267791043547,0.0107574462890625,0.005351273573497725,0.0068360925652086735,0.00487204755983759,0.015372780456415226,1.0,1.0,0,1,0.625,60,0.1984965595106284,1.0,1.0,0.625,60,-0.20717023586233457,1.0,1.0,0.625,60,0.19911051293214163,1.0,1.0,0.625,60,-0.19057457000017167,1.0,1.0
energy_s0.400_d0.625_v0.350_trot_p0.48.npz,4,0.35,0.625,0.4,0.48,trot,1,1,1,0.0012402417593592528,1,0.22408788884872943,0.43912258846589997,22.356589186793265,43.79492308686241,0.6772302389144897,0.625,0.0,0.3979813682536284,0.002018631746371624,0.004955905725558603,0.005128621946399414,0.35318330613275367,0.003183306132753694,0.0077049280175372735,0.008758544921875,0.006015425778488782,0.007001766003668308,0.005810662671459514,0.01624771767116894,1.0,1.0,0,1,0.625,60,0.1986668288707733,1.0,1.0,0.625,60,-0.2075692797700564,1.0,1.0,0.625,60,0.19898952494064967,1.0,1.0,0.625,60,-0.19073710292577745,1.0,1.0
energy_s0.400_d0.625_v0.350_trot_p0.48.npz,5,0.35,0.625,0.4,0.48,trot,1,1,1,0.009358905165944014,1,0.22241421085362423,0.4307165326542,22.25830385194027,43.09907541980825,0.678802490234375,0.625,0.0,0.39775975830852983,0.0022402416914701906,0.004924136263628804,0.005076246188643081,0.3540201125045617,0.004020112504561746,0.008568449179130315,0.010345458984375,0.005379905410148624,0.006571826990693808,0.0052296243992932855,0.01579783769359193,1.0,1.0,0,1,0.625,60,0.19855546380082767,1.0,1.0,0.625,60,-0.20729067474603652,1.0,1.0,0.625,60,0.19908001646399498,1.0,1.0,0.625,60,-0.19059336160620052,1.0,1.0
energy_s0.400_d0.625_v0.350_trot_p0.48.npz,6,0.35,0.625,0.4,0.48,trot,1,1,1,0.004721132456453283,1,0.22232438612757566,0.4301957621044753,22.2334352451186,43.0294081694945,0.6788482666015625,0.625,0.0,0.3976912340770165,0.0023087659229835134,0.004927526153624061,0.005064550174089772,0.35401063101987046,0.004010631019870481,0.01060582426415942,0.012451171875,0.005433696755052389,0.00659331725910306,0.005183796281359902,0.015490778209910286,1.0,1.0,0,1,0.625,60,0.19850448618332545,1.0,1.0,0.625,60,-0.20722192525863647,1.0,1.0,0.625,60,0.19911671330531439,1.0,1.0,0.625,60,-0.1905393434067567,1.0,1.0
energy_s0.400_d0.625_v0.350_trot_p0.48.npz,7,0.35,0.625,0.4,0.48,trot,1,1,1,0.004427693208666873,1,0.2220870291012697,0.42942462730855724,22.220074097719568,42.96601962957796,0.679412841796875,0.625,0.0,0.39768011445800466,0.002319885541995359,0.004913907920320832,0.00505600024480373,0.35412851224342984,0.0041285122434298605,0.010008605606874447,0.011907577514648438,0.005388659326327341,0.006594199221581221,0.00510448583096153,0.015400280845704438,1.0,1.0,0,1,0.625,60,0.19849906861782074,1.0,1.0,0.625,60,-0.20718874260783196,1.0,1.0,0.625,60,0.19911481166879336,1.0,1.0,0.625,60,-0.19055760602156321,1.0,1.0
energy_s0.400_d0.750_v0.350_trot_p0.48.npz,0,0.35,0.75,0.4,0.48,trot,1,1,1,0.004883436785021858,1,0.28747061971963117,0.5584611315540182,28.817132367876205,55.98173376063108,0.680145263671875,0.75,0.0,0.3952804941477047,0.004719505852295303,0.005730773022191396,0.005726396501995626,0.3546695640931527,0.004669564093152723,0.005095131454065652,0.005706787109375,0.01887701829646658,0.021373145282268524,0.003615528355856536,0.018388591515469614,1.0,1.0,0,1,0.75,72,0.19764952920377254,1.0,1.0,0.75,72,-0.20660598803725508,1.0,1.0,0.75,72,0.19918583602541023,1.0,1.0,0.75,72,-0.18711963502897155,1.0,1.0
energy_s0.400_d0.750_v0.350_trot_p0.48.npz,1,0.35,0.75,0.4,0.48,trot,1,1,1,0.003795793127286554,1,0.28693396129380483,0.55680115013315,28.771512688889732,55.83467201836377,0.680694580078125,0.75,0.0,0.3953270162973139,0.004672983702686095,0.005701581181751361,0.005706450832076374,0.3544633649289608,0.004463364928960822,0.004847942955808826,0.005279541015625,0.018655392085400905,0.021297821775078773,0.0035542048401467517,0.018404022088057526,1.0,1.0,0,1,0.75,72,0.1977189394334952,1.0,1.0,0.75,72,-0.20657920092344284,1.0,1.0,0.75,72,0.19926554854545328,1.0,1.0,0.75,72,-0.18709034369223648,1.0,1.0
energy_s0.400_d0.750_v0.350_trot_p0.48.npz,2,0.35,0.75,0.4,0.48,trot,1,1,1,0.0034715528933795376,1,0.28757183665796304,0.5571478576719586,28.814881528140326,55.845484230122736,0.6800079345703125,0.75,0.0,0.3953488329425454,0.004651167057454608,0.005689177569001917,0.0056953587026024885,0.354554641370972,0.004554641370972001,0.006795613817702322,0.0071868896484375,0.01863354353264446,0.021309401839971542,0.0035274852734977114,0.018392109342548993,1.0,1.0,0,1,0.75,72,0.19771712149182954,1.0,1.0,0.75,72,-0.20657501887116167,1.0,1.0,0.75,72,0.19927669295834172,1.0,1.0,0.75,72,-0.1871288325637579,1.0,1.0
energy_s0.400_d0.750_v0.350_trot_p0.48.npz,3,0.35,0.75,0.4,0.48,trot,1,1,1,0.0036936618331622124,1,0.2873667280381074,0.557274260732513,28.825065479984207,55.88160302743397,0.6806259155273438,0.75,0.0,0.39531008733643425,0.004689912663565776,0.005756670774685016,0.005753445912462973,0.35488116679092246,0.0048811667909224865,0.007972141865676862,0.0084686279296875,0.0196214482685696,0.022379131987690926,0.0034278439175816637,0.01836431845967161,1.0,1.0,0,1,0.75,72,0.19757474669151837,1.0,1.0,0.75,72,-0.2066525411274698,1.0,1.0,0.75,72,0.1993376606454452,1.0,1.0,0.75,72,-0.18705522620843518,1.0,1.0
energy_s0.400_d0.750_v0.350_trot_p0.48.npz,4,0.35,0.75,0.4,0.48,trot,1,1,1,0.0008852875180700602,1,0.287215849130278,0.5595853321785786,28.75440706177197,56.036397292925656,0.6796032786369324,0.75,0.0,0.39526424619058764,0.00473575380941238,0.0057369829258985035,0.005731292930431667,0.3544276036942999,0.0044276036942998975,0.006034488964509943,0.00634765625,0.018111854597360533,0.020610539242625237,0.00347508279311596,0.018275943481929176,1.0,1.0,0,1,0.75,72,0.19767538830637932,1.0,1.0,0.75,72,-0.20660387641853756,1.0,1.0,0.75,72,0.19918026878601974,1.0,1.0,0.75,72,-0.18706895887023872,1.0,1.0
energy_s0.400_d0.750_v0.350_trot_p0.48.npz,5,0.35,0.75,0.4,0.48,trot,1,1,1,0.0036430000720552645,1,0.2877753489241247,0.5577239156213232,28.819469718874473,55.90195480693223,0.680267333984375,0.75,0.0,0.3952862630701727,0.004713736929827295,0.005721726620362869,0.005722081956143183,0.3547953988114993,0.0047953988114993185,0.0074249662393538595,0.00772857666015625,0.019101659954381733,0.021695991978049278,0.003457200839946443,0.018440539798482217,1.0,1.0,0,1,0.75,72,0.1976267115937339,1.0,1.0,0.75,72,-0.20657731220126152,1.0,1.0,0.75,72,0.19927220460441378,1.0,1.0,0.75,72,-0.18709629774093628,1.0,1.0
energy_s0.400_d0.750_v0.350_trot_p0.48.npz,6,0.35,0.75,0.4,0.48,trot,1,1,1,0.0036798655255661744,1,0.2877919379099645,0.5575512933050581,28.820601326037163,55.831388513463544,0.679656982421875,0.75,0.0,0.3953574945529302,0.004642505447069845,0.005694783665239815,0.005699492339044813,0.35457393371810514,0.004573933718105161,0.004433387197917618,0.00469970703125,0.01861659077357122,0.021301669999957085,0.003550244581405603,0.018418896098679,1.0,1.0,0,1,0.75,72,0.19774200353357527,1.0,1.0,0.75,72,-0.20659483037889004,1.0,1.0,0.75,72,0.19927504720787206,1.0,1.0,0.75,72,-0.18710310798552302,1.0,1.0
energy_s0.400_d0.750_v0.350_trot_p0.48.npz,7,0.35,0.75,0.4,0.48,trot,1,1,1,0.003943480795661098,1,0.2876272035806641,0.5570408573253036,28.834391908859278,55.86684504511747,0.6806182861328125,0.75,0.0,0.3953168633290463,0.004683136670953714,0.005706033679760169,0.005708307889290157,0.3546214137847225,0.004621413784722528,0.006625898505797431,0.006866455078125,0.018685916951095574,0.021322010084986687,0.0035331724265543697,0.018392689040330826,1.0,1.0,0,1,0.75,72,0.19769589540859064,1.0,1.0,0.75,72,-0.2065763860527012,1.0,1.0,0.75,72,0.19928045964075458,1.0,1.0,0.75,72,-0.18708098555604616,1.0,1.0
energy_s0.500_d0.500_v0.350_trot_p0.48.npz,0,0.35,0.5,0.5,0.48,trot,1,1,0,0.030924303260971835,0,0.2789966419234868,0.5120031018071596,27.697687870361644,51.352753753999046,0.6727294921875,0.5,0.0,0.49313513888046145,0.006864861119538546,0.005716741317883134,0.0060677098808810115,0.3495751057441036,0.00042489425589636864,0.008576063900404478,0.00994873046875,0.008781498009144685,0.012038060463964939,0.007781263026374425,0.0407927518685922,1.0,1.0,0,1,0.5,48,0.24382723153879246,1.0,1.0,0.5,48,-0.2545686215162277,1.0,1.0,0.5,48,0.2459761149560412,1.0,1.0,0.5,48,-0.24189830974986157,1.0,1.0
energy_s0.500_d0.500_v0.350_trot_p0.48.npz,1,0.35,0.5,0.5,0.48,trot,1,1,0,0.03946232792906595,0,0.27661559306751216,0.5233890039590992,27.263734936440745,51.82703919380991,0.6702423095703125,0.5,0.0,0.4929187740199268,0.007081225980073214,0.0056285705262174215,0.00600743208390971,0.3496020932992299,0.0003979067007700565,0.008840013107780938,0.010101318359375,0.007247380187326574,0.010809631086885929,0.008872871469900175,0.04692584809991371,1.0,1.0,0,1,0.5,48,0.2441527464737495,1.0,1.0,0.5,48,-0.25417591507236165,1.0,1.0,0.5,48,0.24567501743634543,1.0,1.0,0.5,48,-0.24183386905739704,1.0,1.0
energy_s0.500_d0.500_v0.350_trot_p0.48.npz,2,0.35,0.5,0.5,0.48,trot,1,1,1,0.011124140945672932,1,0.28092890996139847,0.5117476693873637,27.792810764112126,50.59776567337759,0.6717987060546875,0.5,0.0,0.49300648691132665,0.006993513088673353,0.006019048159942031,0.0062461453878010316,0.3501726572091381,0.00017265720913811622,0.005083971142980625,0.007720947265625,0.010164690110679303,0.01328657753765583,0.007710495946743852,0.03587180892484443,1.0,1.0,0,1,0.5,48,0.2430232521146536,1.0,1.0,0.5,48,-0.2550445832312107,1.0,1.0,0.5,48,0.24601700343191624,1.0,1.0,0.5,48,-0.24192813504487276,1.0,1.0
energy_s0.500_d0.500_v0.350_trot_p0.48.npz,3,0.35,0.5,0.5,0.48,trot,1,1,0,0.03202290792251682,0,0.27897072808189544,0.5159025514343112,27.611064941587912,51.39060325628255,0.67236328125,0.5,0.0,0.49321099199975527,0.006789008000244734,0.005691609888647993,0.006078618190561731,0.35056856647133827,0.0005685664713382943,0.006450889563516432,0.007843017578125,0.008886964457590595,0.01241409033536911,0.007321049062055392,0.044194680036354524,1.0,1.0,0,1,0.5,48,0.24362877073387304,1.0,1.0,0.5,48,-0.25459421177705127,1.0,1.0,0.5,48,0.24618174321949482,1.0,1.0,0.5,48,-0.24201725826909146,1.0,1.0
energy_s0.500_d0.500_v0.350_trot_p0.48.npz,4,0.35,0.5,0.5,0.48,trot,1,1,1,0.013009252390746927,1,0.28070552659621284,0.5111489617226359,27.71421252023625,50.33252632141658,0.670848548412323,0.5,0.0,0.4930961518548429,0.006903848145157099,0.0059126891040553655,0.006177029145571093,0.34980960128208,0.00019039871791998175,0.006882991834226787,0.00933837890625,0.01059593063125271,0.013606120832264423,0.007374850081593161,0.036736800318866204,1.0,1.0,0,1,0.5,48,0.24316628370434046,1.0,1.0,0.5,48,-0.25492153006295365,1.0,1.0,0.5,48,0.2459903641914328,1.0,1.0,0.5,48,-0.24211412575095892,1.0,1.0
energy_s0.500_d0.500_v0.350_trot_p0.48.npz,5,0.35,0.5,0.5,0.48,trot,1,1,1,0.012721942541926868,1,0.2771939656663773,0.501945759219685,27.570451845954544,49.88804917722413,0.67205810546875,0.5,0.0,0.49316788325086236,0.00683211674913764,0.005966180702671409,0.006226659131546815,0.35031219230343896,0.0003121923034389851,0.006710456619468761,0.0091400146484375,0.010179199734977221,0.013076229952275753,0.0073470478846261456,0.03681066765076335,1.0,1.0,0,1,0.5,48,0.24313097447156906,1.0,1.0,0.5,48,-0.2551002446562052,1.0,1.0,0.5,48,0.24620948918163776,1.0,1.0,0.5,48,-0.24189505819231272,1.0,1.0
energy_s0.500_d0.500_v0.350_trot_p0.48.npz,6,0.35,0.5,0.5,0.48,trot,1,1,0,0.026247051977995473,0,0.27705702321420067,0.5159075965865103,27.358570936889272,51.20999083559114,0.671844482421875,0.5,0.0,0.493145611602813,0.0068543883971869946,0.005686582143728932,0.006058979507846137,0.35045848973095417,0.00045848973095419243,0.00769171718985282,0.00885772705078125,0.009186067578921871,0.012645058333873749,0.007488044760542595,0.04362144050627963,1.0,1.0,0,1,0.5,48,0.24370242189615965,1.0,1.0,0.5,48,-0.2545187758902709,1.0,1.0,0.5,48,0.24617004922280708,1.0,1.0,0.5,48,-0.2418999761963884,1.0,1.0
energy_s0.500_d0.500_v0.350_trot_p0.48.npz,7,0.35,0.5,0.5,0.48,trot,1,1,0,0.022360332228057018,0,0.2780767901238832,0.5105001759657958,27.536884860345612,50.496201546936625,0.6725921630859375,0.5,0.0,0.49313197067628306,0.00686802932371694,0.005819562046478191,0.0061149710478882,0.3505048770457506,0.0005048770457506402,0.008892295161142205,0.010723114013671875,0.008330419334562827,0.011660871095955372,0.007237823189399818,0.038932755802169684,1.0,1.0,0,1,0.5,48,0.24357816173384586,1.0,1.0,0.5,48,-0.2547710947692394,1.0,1.0,0.5,48,0.24608849951376519,1.0,1.0,0.5,48,-0.24182618533571562,1.0,1.0
energy_s0.500_d0.625_v0.350_trot_p0.48.npz,0,0.35,0.625,0.5,0.48,trot,1,1,1,0.005945192387079116,1,0.25029599504656685,0.46163371538932113,25.06275617768083,46.22842851345797,0.679290771484375,0.625,0.0,0.4927426123370727,0.007257387662927273,0.006199177665015062,0.0067975639055172605,0.3537494195625186,0.003749419562518619,0.0047107016777603716,0.00567626953125,0.012659289125806512,0.01420731283724308,0.005316035934991496,0.02151782187586094,1.0,1.0,0,1,0.625,60,0.2446713574230671,1.0,1.0,0.625,60,-0.2551409676671028,1.0,1.0,0.625,60,0.24662219906846683,1.0,1.0,0.625,60,-0.23905070051550864,1.0,1.0
energy_s0.500_d0.625_v0.350_trot_p0.48.npz,1,0.35,0.625,0.5,0.48,trot,1,1,1,0.0038189553424440533,1,0.2516234824120128,0.46421295305149857,25.204127398475933,46.504738777430134,0.6798553466796875,0.625,0.0,0.49263806566596036,0.007361934334039644,0.006272306417425473,0.006852414730625848,0.3541039638221264,0.004103963822126411,0.006801388420262483,0.007476806640625,0.0129149323968252,0.014233718626201153,0.005349799980734677,0.022029084858189493,1.0,1.0,0,1,0.625,60,0.24460974112153053,1.0,1.0,0.625,60,-0.2551826785008113,1.0,1.0,0.625,60,0.24650976980725925,1.0,1.0,0.625,60,-0.2389739419023196,1.0,1.0
energy_s0.500_d0.625_v0.350_trot_p0.48.npz,2,0.35,0.625,0.5,0.48,trot,1,1,1,0.004436248576499587,1,0.2517350797294919,0.46423116372068407,25.219832808313996,46.49204001768636,0.6793670654296875,0.625,0.0,0.4925676836321751,0.007432316367824876,0.00625318344682455,0.006821426174913843,0.3542109237362941,0.004210923736294114,0.004392430788080625,0.0050048828125,0.012919133593958828,0.01435109507292509,0.005205297812547478,0.021924496130053685,1.0,1.0,0,1,0.625,60,0.24460816433032354,1.0,1.0,0.625,60,-0.2550740505258242,1.0,1.0,0.625,60,0.24651987006266912,1.0,1.0,0.625,60,-0.23893328234553338,1.0,1.0
energy_s0.500_d0.625_v0.350_trot_p0.48.npz,3,0.35,0.625,0.5,0.48,trot,1,1,1,0.009123877597623944,1,0.25158972789339573,0.46382507091524094,25.1702251035483,46.400652955037685,0.6795425415039062,0.625,0.0,0.4927342270811399,0.007265772918860103,0.006248156726360322,0.006827300802494089,0.35427887210001546,0.004278872100015485,0.0024451857359478984,0.003173828125,0.012852692858554735,0.014633753336966038,0.005377937541601296,0.02167434990516355,1.0,1.0,0,1,0.625,60,0.24458813816308975,1.0,1.0,0.625,60,-0.2552305405338605,1.0,1.0,0.625,60,0.24664586782455444,1.0,1.0,0.625,60,-0.23900390764077503,1.0,1.0
energy_s0.500_d0.625_v0.350_trot_p0.48.npz,4,0.35,0.625,0.5,0.48,trot,1,1,1,0.000377154253320872,1,0.25049894514838794,0.46190767229203256,25.073495948731665,46.23496209018359,0.679297149181366,0.625,0.0,0.4927812016258637,0.007218798374136304,0.006193047203123569,0.006797084390806655,0.35417796671390533,0.004177966713905357,0.005294128708904699,0.00616455078125,0.012024054657622353,0.013596585020422935,0.005389662854331232,0.021579309808085652,1.0,1.0,0,1,0.625,60,0.24477658023436863,1.0,1.0,0.625,60,-0.25516729603211086,1.0,1.0,0.625,60,0.24658970658977827,1.0,1.0,0.625,60,-0.23902882039546966,1.0,1.0
energy_s0.500_d0.625_v0.350_trot_p0.48.npz,5,0.35,0.625,0.5,0.48,trot,1,1,1,0.009997644233145933,1,0.251415683993496,0.4632549679619322,25.17160381483179,46.34665862534636,0.6788787841796875,0.625,0.0,0.49269389249384404,0.007306107506155957,0.006221797379354636,0.0068166345202674465,0.3540366406862934,0.004036640686293447,0.005976688480766781,0.00670623779296875,0.012386482756187303,0.01382119208574295,0.005320417324115454,0.021715373850793807,1.0,1.0,0,1,0.625,60,0.24470029522975287,1.0,1.0,0.625,60,-0.2551374872525533,1.0,1.0,0.625,60,0.246527415762345,1.0,1.0,0.625,60,-0.23902258674303692,1.0,1.0
energy_s0.500_d0.625_v0.350_trot_p0.48.npz,6,0.35,0.625,0.5,0.48,trot,1,1,1,0.0018848073470363995,1,0.25190900842742453,0.4642643917141732,25.22192586480913,46.49891844063943,0.67974853515625,0.625,0.0,0.4925592883179585,0.007440711682041523,0.006234106235206127,0.0067971394552538795,0.3542998004704714,0.004299800470471404,0.007809056801368995,0.00885009765625,0.012927776095822184,0.014299326576292515,0.005121582970800651,0.021905010456340183,1.0,1.0,0,1,0.625,60,0.2445806103448073,1.0,1.0,0.625,60,-0.2550275007883708,1.0,1.0,0.625,60,0.2465592046578725,1.0,1.0,0.625,60,-0.23895126084486643,1.0,1.0
energy_s0.500_d0.625_v0.350_trot_p0.48.npz,7,0.35,0.625,0.5,0.48,trot,1,1,1,0.0033695170394106603,1,0.2517963350882788,0.4649330365310625,25.21300396838592,46.54101126155275,0.6792449951171875,0.625,0.0,0.49258341987927756,0.007416580120722438,0.006246578445037206,0.0068115546988944215,0.35420943703502417,0.004209437035024188,0.005187895045891883,0.0061168670654296875,0.013020062474087605,0.014405008405447006,0.005198969782208647,0.02184602009418716,1.0,1.0,0,1,0.625,60,0.24458320985237758,1.0,1.0,0.625,60,-0.25507657676935197,1.0,1.0,0.625,60,0.24655279939373334,1.0,1.0,0.625,60,-0.23895425374309223,1.0,1.0
energy_s0.500_d0.750_v0.350_trot_p0.48.npz,0,0.35,0.75,0.5,0.48,trot,1,1,1,0.0027008860259855397,1,0.30453095313283207,0.5689488101200801,30.31657414497336,56.66913824630193,0.67572021484375,0.75,0.0,0.48809784971591497,0.011902150284085034,0.008321496399326457,0.008426150656305254,0.3516480838879943,0.0016480838879943116,0.005241558770150543,0.007781982421875,0.037070217819931556,0.03867478296160698,0.006578664392380027,0.022099845996196188,1.0,1.0,0,1,0.75,72,0.24157891525990433,1.0,1.0,0.75,72,-0.2547408425145679,1.0,1.0,0.75,72,0.24679308529529306,1.0,1.0,0.75,72,-0.2330828563620647,1.0,1.0
energy_s0.500_d0.750_v0.350_trot_p0.48.npz,1,0.35,0.75,0.5,0.48,trot,1,1,1,0.004413424889331174,1,0.30439056160993466,0.5676867800094887,30.29280512556644,56.486275279030366,0.675262451171875,0.75,0.0,0.48799232341763044,0.012007676582369564,0.008311762008816004,0.008404350994775692,0.35177540437628824,0.0017754043762882588,0.0039919720905452006,0.006072998046875,0.038191344787846,0.03982324153184891,0.006334607857735062,0.020537662927479446,1.0,1.0,0,1,0.75,72,0.24141833475894398,1.0,1.0,0.75,72,-0.25461584743526244,1.0,1.0,0.75,72,0.24686540704634455,1.0,1.0,0.75,72,-0.23308505759470993,1.0,1.0
energy_s0.500_d0.750_v0.350_trot_p0.48.npz,2,0.35,0.75,0.5,0.48,trot,1,1,1,0.0027747348600673,1,0.30468507394167743,0.5668293597785852,30.301542657014146,56.4059766120299,0.67510986328125,0.75,0.0,0.48802426519493264,0.011975734805067362,0.008294127364125516,0.008390280224072436,0.3518118603775899,0.0018118603775899023,0.0046735815093778485,0.0068359375,0.038036136691436795,0.039546478539705276,0.006165122199173052,0.020379979845874637,1.0,1.0,0,1,0.75,72,0.241483676350779,1.0,1.0,0.75,72,-0.2546125199231837,1.0,1.0,0.75,72,0.24686923147075707,1.0,1.0,0.75,72,-0.23308310264514553,1.0,1.0
energy_s0.500_d0.750_v0.350_trot_p0.48.npz,3,0.35,0.75,0.5,0.48,trot,1,1,1,0.0006226986319856116,1,0.3054830135818912,0.570194919509277,30.36829881393529,56.69250834714826,0.6745758056640625,0.75,0.0,0.4879299937230017,0.01207000627699828,0.008361503430124786,0.008458232545914749,0.3516939425220092,0.0016939425220092175,0.008144671087204233,0.01055908203125,0.03737532180373312,0.03920041769742966,0.006668697164757415,0.022554091224243254,1.0,1.0,0,1,0.75,72,0.24144510324630472,1.0,1.0,0.75,72,-0.2546530005832513,1.0,1.0,0.75,72,0.24679893255233765,1.0,1.0,0.75,72,-0.2329629510641098,1.0,1.0
energy_s0.500_d0.750_v0.350_trot_p0.48.npz,4,0.35,0.75,0.5,0.48,trot,1,1,1,0.00039783241512647837,1,0.3066901651464722,0.5738412182188068,30.520973675121038,57.10632290896431,0.6753122806549072,0.75,0.0,0.48790590082191754,0.012094099178082462,0.008445148511479298,0.008534304099157453,0.35212359484285116,0.002123594842851184,0.007082972298123339,0.009735107421875,0.038085252040836334,0.03961348533630371,0.006904749339504917,0.022658612695639447,1.0,1.0,0,1,0.75,72,0.24134180363681582,1.0,1.0,0.75,72,-0.25479619784487617,1.0,1.0,0.75,72,0.24673427123990324,1.0,1.0,0.75,72,-0.23293952892223993,1.0,1.0
energy_s0.500_d0.750_v0.350_trot_p0.48.npz,5,0.35,0.75,0.5,0.48,trot,1,1,1,0.0011842735249587445,1,0.3050672825843834,0.5688682325454051,30.32797241691064,56.57246426945451,0.6748733520507812,0.75,0.0,0.48793281035290825,0.012067189647091747,0.008439925395780139,0.008524070222241184,0.35192698674897355,0.0019269867489735693,0.007097481929767438,0.0094451904296875,0.03853204275102222,0.04009563475847244,0.006585059959705755,0.022055100452930274,1.0,1.0,0,1,0.75,72,0.24127644093500245,1.0,1.0,0.75,72,-0.25481266114446854,1.0,1.0,0.75,72,0.24687331211235788,1.0,1.0,0.75,72,-0.23290320651398766,1.0,1.0
energy_s0.500_d0.750_v0.350_trot_p0.48.npz,6,0.35,0.75,0.5,0.48,trot,1,1,1,0.0012555856993962165,1,0.30523330869679677,0.5680943223189613,30.33954570725391,56.4532428011353,0.6749420166015625,0.75,0.0,0.4879985158849094,0.01200148411509061,0.00830009181259407,0.0083965378968666,0.35186737310141325,0.0018673731014132722,0.00346836765071163,0.005401611328125,0.037911310158550954,0.039441242814064026,0.0062508967304707955,0.020639438574315445,1.0,1.0,0,1,0.75,72,0.24145052892466387,1.0,1.0,0.75,72,-0.2545986995100975,1.0,1.0,0.75,72,0.24687602991859117,1.0,1.0,0.75,72,-0.23307177341646618,1.0,1.0
energy_s0.500_d0.750_v0.350_trot_p0.48.npz,7,0.35,0.75,0.5,0.48,trot,1,1,1,0.0037450785252584728,1,0.3044439912253818,0.5662691539822798,30.287395221063708,56.372743872701065,0.6751556396484375,0.75,0.0,0.488002887306114,0.01199711269388598,0.008311894360101886,0.0084042176992322,0.35181661633153755,0.0018166163315375683,0.00573503937276518,0.0078582763671875,0.03813653137124086,0.03980688750743866,0.0062518628367134385,0.020678956356123258,1.0,1.0,0,1,0.75,72,0.24145642792185149,1.0,1.0,0.75,72,-0.25462667602631783,1.0,1.0,0.75,72,0.24686532384819454,1.0,1.0,0.75,72,-0.23305734681586424,1.0,1.0
energy_s0.100_d0.500_v0.400_trot_p0.48.npz,0,0.4,0.5,0.1,0.48,trot,0,1,0,0.04677375490992993,0,0.1782499389456954,0.373659638788959,20.451890748549452,43.26235761104325,0.784149169921875,0.5,0.0,0.09586454481662561,0.004135455183374395,0.006813587135790538,0.007254104756672555,0.4096628859018286,0.009662885901828566,0.007527042483104675,0.008880615234375,0.027430060662341837,0.02991650626063347,0.005491374281337819,0.025220474570549233,1.0,1.0,0,1,0.5,48,0.04322890363012751,1.0,1.0,0.5,48,-0.05940170492976904,1.0,1.0,0.5,48,0.04594849880474309,1.0,1.0,0.5,48,-0.04314998226861159,1.0,1.0
energy_s0.100_d0.500_v0.400_trot_p0.48.npz,1,0.4,0.5,0.1,0.48,trot,1,1,1,0.007658944249660025,1,0.17938196839470816,0.38080914405319044,20.78471616145398,44.062810418194836,0.7881622314453125,0.5,0.0,0.09601470300306876,0.003985296996931245,0.006503076028699677,0.007095783089365189,0.4110912873099248,0.011091287309924758,0.002575505508123972,0.0035400390625,0.029123406949004886,0.03116356022655964,0.004711914892550967,0.02507424889886324,1.0,1.0,0,1,0.5,48,0.04385542799718678,1.0,1.0,0.5,48,-0.058884430366257824,1.0,1.0,0.5,48,0.04573736619204283,1.0,1.0,0.5,48,-0.043552181450650096,1.0,1.0
energy_s0.100_d0.500_v0.400_trot_p0.48.npz,2,0.4,0.5,0.1,0.48,trot,1,1,0,0.02632035553413791,0,0.1775596014511554,0.3726038617981079,20.21904078426305,43.09338986397283,0.7849273681640625,0.5,0.0,0.09605808913086851,0.003941910869131496,0.006570542432988684,0.007154107262613251,0.4097607002283136,0.009760700228313601,0.00841429265163758,0.0095672607421875,0.02849472955783112,0.030755363404750824,0.005151611551587522,0.025399758985144915,1.0,1.0,0,1,0.5,48,0.04367763572372496,1.0,1.0,0.5,48,-0.05908816882098714,1.0,1.0,0.5,48,0.045814021956175566,1.0,1.0,0.5,48,-0.04353635176084936,1.0,1.0
energy_s0.100_d0.500_v0.400_trot_p0.48.npz,3,0.4,0.5,0.1,0.48,trot,1,1,0,0.032194316816152285,0,0.1730303649112443,0.3765414782611698,19.93402262799996,43.293763246107616,0.786407470703125,0.5,0.0,0.0958295490515108,0.00417045094848921,0.006720142900788537,0.00720975951408036,0.41020632566263276,0.010206325662632743,0.011779901070757442,0.01397705078125,0.028007931849423878,0.030572082847356796,0.005295734554279716,0.025014674361390765,1.0,1.0,0,1,0.5,48,0.04322883587641021,1.0,1.0,0.5,48,-0.05913823548083504,1.0,1.0,0.5,48,0.04593550367280841,1.0,1.0,0.5,48,-0.043356523072967924,1.0,1.0
energy_s0.100_d0.500_v0.400_trot_p0.48.npz,4,0.4,0.5,0.1,0.48,trot,1,1,1,0.0020518145741235377,1,0.17623224889491995,0.37107708865961986,20.509863737045556,43.22093037158647,0.7891408801078796,0.5,0.0,0.09597767315184076,0.004022326848159244,0.006493663151438039,0.007079001568490639,0.41155995180209476,0.011559951802094737,0.0059892016597826135,0.007049560546875,0.028665826617996146,0.030499741435050964,0.004750693775444469,0.02536562938708597,1.0,1.0,0,1,0.5,48,0.0438310323903958,1.0,1.0,0.5,48,-0.05883697288421293,1.0,1.0,0.5,48,0.04578729532659054,1.0,1.0,0.5,48,-0.04350004570248226,1.0,1.0
energy_s0.100_d0.500_v0.400_trot_p0.48.npz,5,0.4,0.5,0.1,0.48,trot,1,1,0,0.04246756720609369,0,0.16774143971182337,0.36973883229952514,19.408175852340754,42.78364862823917,0.7877655029296875,0.5,0.0,0.09602214881063749,0.003977851189362516,0.00674794641090557,0.00721367181201155,0.41083616639177006,0.010836166391770041,0.0011551894956257792,0.00217437744140625,0.028814408774946752,0.030997460708022118,0.005132369913322405,0.024779437608410906,1.0,1.0,0,1,0.5,48,0.04327317474720379,1.0,1.0,0.5,48,-0.059354111241797604,1.0,1.0,0.5,48,0.04577710099207858,1.0,1.0,0.5,48,-0.04363991064019501,1.0,1.0
energy_s0.100_d0.500_v0.400_trot_p0.48.npz,6,0.4,0.5,0.1,0.48,trot,1,1,0,0.03164602060618496,0,0.17711803689377986,0.3735963153369945,20.61757513124749,43.653806052071346,0.7878570556640625,0.5,0.0,0.0960108945146203,0.0039891054853797014,0.0066444899110744415,0.007172703219112009,0.4109604712575674,0.010960471257567383,0.006916609750076504,0.0079498291015625,0.02886780556469407,0.03087429143488407,0.0053068196364190814,0.02504851412910683,1.0,1.0,0,1,0.5,48,0.04375200827295581,1.0,1.0,0.5,48,-0.0591816067074736,1.0,1.0,0.5,48,0.04555484823261698,1.0,1.0,0.5,48,-0.043533325816194214,1.0,1.0
energy_s0.100_d0.500_v0.400_trot_p0.48.npz,7,0.4,0.5,0.1,0.48,trot,1,1,1,0.012251708263618962,1,0.18017505694705094,0.3765116612487498,20.774098330660912,43.89996230428777,0.7869110107421875,0.5,0.0,0.09592099045403302,0.004079009545966988,0.006603496273358664,0.007148963965786,0.4107440880810221,0.010744088081022063,0.011931986607648177,0.01291656494140625,0.028423616488007356,0.030602160841226578,0.004779567689016944,0.025023516482024485,1.0,1.0,0,1,0.5,48,0.04370219578656057,1.0,1.0,0.5,48,-0.05901284818537533,1.0,1.0,0.5,48,0.045677980951343976,1.0,1.0,0.5,48,-0.04344895598478615,1.0,1.0
energy_s0.100_d0.625_v0.400_trot_p0.48.npz,0,0.4,0.625,0.1,0.48,trot,1,1,1,0.00504051351620446,1,0.2119880490067569,0.42961867265679843,24.56108345538982,49.830055730559316,0.787322998046875,0.625,0.0,0.10210204987476268,0.0021020498747626737,0.0043734819876650975,0.005064591486006975,0.41084070907284814,0.01084070907284812,0.014059925712955083,0.015716552734375,0.02604647501718883,0.027725286781787872,0.006516013549232608,0.018628508129419734,1.0,1.0,0,1,0.625,60,0.04880638296405474,1.0,1.0,0.625,60,-0.0605396411071221,1.0,1.0,0.625,60,0.048613443536063033,1.0,1.0,0.625,60,-0.046244632142285504,1.0,1.0
energy_s0.100_d0.625_v0.400_trot_p0.48.npz,1,0.4,0.625,0.1,0.48,trot,1,1,1,0.0035584656593213265,1,0.2112246550146295,0.43077062282378675,24.51321988806992,49.94754144550146,0.7877044677734375,0.625,0.0,0.10218714677418272,0.002187146774182719,0.004271770644312104,0.0049751233775168656,0.41076817518721026,0.010768175187210238,0.015233873290655736,0.01666259765625,0.025904593717671405,0.027588773518800735,0.006526532295877989,0.01819932289095427,1.0,1.0,0,1,0.625,60,0.04882485040773948,1.0,1.0,0.625,60,-0.06042158603668213,1.0,1.0,0.625,60,0.048575803016622864,1.0,1.0,0.625,60,-0.046552054087320965,1.0,1.0
energy_s0.100_d0.625_v0.400_trot_p0.48.npz,2,0.4,0.625,0.1,0.48,trot,1,1,1,0.004215195685897745,1,0.21107208999983124,0.4309492583425426,24.486523502910412,49.98306933963444,0.78753662109375,0.625,0.0,0.10225222135583559,0.002252221355835582,0.00421973193064332,0.004945301792273918,0.41068962837258977,0.010689628372589743,0.01324396847764481,0.015106201171875,0.025938322327340654,0.027729792520403862,0.006559253821667127,0.018238456933634233,1.0,1.0,0,1,0.625,60,0.04892932126919428,1.0,1.0,0.625,60,-0.06038958014299472,1.0,1.0,0.625,60,0.048558436209956805,1.0,1.0,0.625,60,-0.04662710508952538,1.0,1.0
energy_s0.100_d0.625_v0.400_trot_p0.48.npz,3,0.4,0.625,0.1,0.48,trot,1,1,1,0.005913183424417497,1,0.21069514514462723,0.4297908228577477,24.496300268480418,49.959363146456646,0.7890548706054688,0.625,0.0,0.10217740405350924,0.0021774040535092326,0.00433006327599287,0.0050222764354354394,0.41147245559841394,0.011472455598413922,0.01207056566903811,0.0135345458984375,0.025502011735265784,0.027237311005592346,0.006519645477900429,0.01861916870690474,1.0,1.0,0,1,0.625,60,0.04887083141754071,1.0,1.0,0.625,60,-0.06052476627131303,1.0,1.0,0.625,60,0.04856676726291577,1.0,1.0,0.625,60,-0.04639244315524896,1.0,1.0
energy_s0.100_d0.625_v0.400_trot_p0.48.npz,4,0.4,0.625,0.1,0.48,trot,1,1,1,0.003214134160137969,1,0.21083098934926223,0.4310254349381244,24.491552718703666,50.10944605881892,0.7888545393943787,0.625,0.0,0.1021078033062319,0.0021078033062318924,0.004335323575263222,0.0050266454947025824,0.4113510337968667,0.011351033796866694,0.011114434224236063,0.0127410888671875,0.025497735057381538,0.027258679270744324,0.0065003013234782,0.01866392381471564,1.0,1.0,0,1,0.625,60,0.04881248151262601,1.0,1.0,0.625,60,-0.06047395287702481,1.0,1.0,0.625,60,0.04854024921854337,1.0,1.0,0.625,60,-0.0463889230042696,1.0,1.0
energy_s0.100_d0.625_v0.400_trot_p0.48.npz,5,0.4,0.625,0.1,0.48,trot,1,1,1,0.003040853979371386,1,0.21048662522091138,0.4296473557412206,24.485412082284846,49.93970803353537,0.7889251708984375,0.625,0.0,0.10219484797368447,0.002194847973684466,0.004324933464328448,0.005021437375883882,0.4115047203376889,0.0115047203376889,0.011973974159283468,0.0135040283203125,0.025498218886116218,0.027307875454425812,0.006517973972267419,0.0185852383431883,1.0,1.0,0,1,0.625,60,0.048885189555585386,1.0,1.0,0.625,60,-0.0605237136905392,1.0,1.0,0.625,60,0.04856251745174329,1.0,1.0,0.625,60,-0.04641827524950107,1.0,1.0
energy_s0.100_d0.625_v0.400_trot_p0.48.npz,6,0.4,0.625,0.1,0.48,trot,1,1,1,0.0019996660801091665,1,0.2111390925085681,0.4310378654799901,24.487421914278038,49.99770407756443,0.78717041015625,0.625,0.0,0.10223887811104457,0.002238878111044562,0.004262242695937554,0.004971548113583898,0.41082957449058694,0.010829574490586913,0.013482253115597146,0.01514434814453125,0.02589860194072736,0.027542809024453163,0.006553138333402108,0.018160231989815492,1.0,1.0,0,1,0.625,60,0.04887180266280969,1.0,1.0,0.625,60,-0.06046057144800822,1.0,1.0,0.625,60,0.04857302904129028,1.0,1.0,0.625,60,-0.04657235306998094,1.0,1.0
energy_s0.100_d0.625_v0.400_trot_p0.48.npz,7,0.4,0.625,0.1,0.48,trot,1,1,1,0.00308919608615653,1,0.21151509799669327,0.4304865769017354,24.568303842574466,50.036802287023235,0.7885894775390625,0.625,0.0,0.10228834000105659,0.002288340001056585,0.004247808204963803,0.004962919322618594,0.41079034470021725,0.010790344700217225,0.013362082974065676,0.015001296997070312,0.025915311843542434,0.027649197727441788,0.006540180528881883,0.018217997531978534,1.0,1.0,0,1,0.625,60,0.0488782279814283,1.0,1.0,0.625,60,-0.06047007242838542,1.0,1.0,0.625,60,0.04861703906208277,1.0,1.0,0.625,60,-0.04661134053021669,1.0,1.0
energy_s0.100_d0.750_v0.400_trot_p0.48.npz,0,0.4,0.75,0.1,0.48,trot,1,1,1,0.002644926384451709,1,0.2718419151162338,0.5627604455809239,31.169818561614562,64.52350572220683,0.7783203125,0.75,0.0,0.10949319784736468,0.009493197847364673,0.006096885780182977,0.00672009542856055,0.40606105731179315,0.006061057311793128,0.009084179134594016,0.01104736328125,0.016924779990836705,0.021855851635336876,0.007018449170835401,0.04033028844912804,1.0,1.0,0,1,0.75,72,0.05405105867733558,1.0,1.0,0.75,72,-0.06423777998942468,1.0,1.0,0.75,72,0.05325399851426482,1.0,1.0,0.75,72,-0.04744355851370427,1.0,1.0
energy_s0.100_d0.750_v0.400_trot_p0.48.npz,1,0.4,0.75,0.1,0.48,trot,1,1,1,0.0015869669969886893,1,0.2721460851276799,0.5623834259302414,31.3854943972234,64.88145866229272,0.78265380859375,0.75,0.0,0.10943710741897424,0.00943710741897423,0.006106039240128464,0.006719388283090665,0.4081435302893321,0.008143530289332068,0.005806592664695387,0.0072479248046875,0.015560271519578303,0.02059548906981945,0.00704768025754188,0.04089283035052038,1.0,1.0,0,1,0.75,72,0.05389978353761964,1.0,1.0,0.75,72,-0.0642918778790368,1.0,1.0,0.75,72,0.05330630412532224,1.0,1.0,0.75,72,-0.047376249295969806,1.0,1.0
energy_s0.100_d0.750_v0.400_trot_p0.48.npz,2,0.4,0.75,0.1,0.48,trot,1,1,1,0.004498617266585393,1,0.2724588645570883,0.5628675546521607,31.39155010177916,64.83965327495095,0.7819671630859375,0.75,0.0,0.10938158442473246,0.009381584424732456,0.0061322664919619746,0.006739317522927497,0.40788879183431465,0.007888791834314623,0.007618051680119942,0.0092315673828125,0.015458210909041885,0.02042585238814354,0.007026587255521093,0.04093175216271031,1.0,1.0,0,1,0.75,72,0.05387589945975277,1.0,1.0,0.75,72,-0.06429281980834073,1.0,1.0,0.75,72,0.05333281805117925,1.0,1.0,0.75,72,-0.047261631530192166,1.0,1.0
energy_s0.100_d0.750_v0.400_trot_p0.48.npz,3,0.4,0.75,0.1,0.48,trot,1,1,1,0.002021935739948826,1,0.2715282191711257,0.5618530685224963,31.188497027354032,64.54972447370595,0.7797012329101562,0.75,0.0,0.10943883036573729,0.009438830365737283,0.0061396466102451065,0.0067634569752650945,0.40660435675332945,0.006604356753329432,0.0064367650126266355,0.0078582763671875,0.016496445168108123,0.021619131788611412,0.007079316910837032,0.04031214728698634,1.0,1.0,0,1,0.75,72,0.054052259100394115,1.0,1.0,0.75,72,-0.06425149386955632,1.0,1.0,0.75,72,0.053267874703225165,1.0,1.0,0.75,72,-0.04730603305829896,1.0,1.0
energy_s0.100_d0.750_v0.400_trot_p0.48.npz,4,0.4,0.75,0.1,0.48,trot,1,1,1,0.0006245424822697858,1,0.27140402940510305,0.5620494532324025,31.190306575612915,64.59125363378205,0.7800657749176025,0.75,0.0,0.10947189330019885,0.009471893300198847,0.006157179306157761,0.006778187624877318,0.4067585946371158,0.006758594637115756,0.006622521555426514,0.0079345703125,0.016506314918892685,0.021500611677765846,0.007094579992520056,0.04028905982289514,1.0,1.0,0,1,0.75,72,0.054077721976985536,1.0,1.0,0.75,72,-0.06428095786314872,1.0,1.0,0.75,72,0.05328314249507255,1.0,1.0,0.75,72,-0.04730196426519089,1.0,1.0
energy_s0.100_d0.750_v0.400_trot_p0.48.npz,5,0.4,0.75,0.1,0.48,trot,1,1,1,0.0020022247318395047,1,0.27138068853489083,0.5621678617052319,31.176693747659698,64.54413861647306,0.7796401977539062,0.75,0.0,0.10946957500547999,0.009469575005479985,0.006152578637314338,0.006773058245501791,0.40660837199538946,0.006608371995389439,0.005999554942477181,0.00731658935546875,0.016628428728990566,0.021617811173200607,0.007082025585917259,0.040294323171340844,1.0,1.0,0,1,0.75,72,0.05406575639628702,1.0,1.0,0.75,72,-0.06427997128210133,1.0,1.0,0.75,72,0.053284135491897665,1.0,1.0,0.75,72,-0.04730928684067395,1.0,1.0
energy_s0.100_d0.750_v0.400_trot_p0.48.npz,6,0.4,0.75,0.1,0.48,trot,1,1,1,0.004670401720250196,1,0.2723627211288467,0.5629855787874258,31.38219547645035,64.82995575732633,0.7820587158203125,0.75,0.0,0.10940490712204742,0.009404907122047418,0.006132787334111829,0.006740851139572138,0.40798104150841635,0.007981041508416331,0.007830523661940446,0.00949859619140625,0.015471499990429141,0.020420867949724197,0.007056339074103052,0.04101920149275435,1.0,1.0,0,1,0.75,72,0.0538737533821,1.0,1.0,0.75,72,-0.06431632675230503,1.0,1.0,0.75,72,0.053334875446226865,1.0,1.0,0.75,72,-0.04728485866346293,1.0,1.0
energy_s0.100_d0.750_v0.400_trot_p0.48.npz,7,0.4,0.75,0.1,0.48,trot,1,1,1,0.0038245926409422523,1,0.27208245923344043,0.5610671839258601,31.335583430331475,64.67908394510957,0.782073974609375,0.75,0.0,0.10944196501643294,0.009441965016432935,0.0061795237655234,0.006784977911350627,0.4075000158821543,0.007500015882154265,0.008646499499440847,0.010385513305664062,0.015446807228705907,0.020452646538615227,0.007070694463433393,0.04095914620295429,1.0,1.0,0,1,0.75,72,0.053877460252907544,1.0,1.0,0.75,72,-0.06438840103025238,1.0,1.0,0.75,72,0.0533961339129342,1.0,1.0,0.75,72,-0.047221934836771756,1.0,1.0
energy_s0.200_d0.500_v0.400_trot_p0.48.npz,0,0.4,0.5,0.2,0.48,trot,1,1,1,0.012664129935591439,1,0.167305599649043,0.36546038854185403,19.20468680948754,42.05735149396057,0.77777099609375,0.5,0.0,0.18387528726210198,0.016124712737898034,0.009750658289218946,0.006911254767328502,0.4063691959405939,0.006369195940593875,0.013064678203316579,0.017974853515625,0.00813094328553279,0.00951167568564415,0.00645801112891915,0.011502836621181827,1.0,1.0,0,1,0.5,48,0.08367378590628505,1.0,1.0,0.5,48,-0.10337660384053986,1.0,1.0,0.5,48,0.09387523913756013,1.0,1.0,0.5,48,-0.0868249456398189,1.0,1.0
energy_s0.200_d0.500_v0.400_trot_p0.48.npz,1,0.4,0.5,0.2,0.48,trot,1,1,0,0.02870075924547024,0,0.16869868498371307,0.3724772170618206,19.551174401862212,42.62096219282755,0.782012939453125,0.5,0.0,0.18304376971597472,0.016956230284025292,0.010095180819431943,0.007203457481227817,0.40805801935493946,0.008058019354939439,0.01001842962647202,0.012939453125,0.009272442095147595,0.010863298550248146,0.006668294244587172,0.010972884462033154,1.0,1.0,0,1,0.5,48,0.0833011834571759,1.0,1.0,0.5,48,-0.10323413135483861,1.0,1.0,0.5,48,0.09390647274752457,1.0,1.0,0.5,48,-0.08564575187241037,1.0,1.0
energy_s0.200_d0.500_v0.400_trot_p0.48.npz,2,0.4,0.5,0.2,0.48,trot,1,1,0,0.030012705427338086,0,0.1672523346896504,0.376779849873752,19.388174376840702,43.10675985768896,0.7797393798828125,0.5,0.0,0.18317400043209392,0.01682599956790609,0.009868516990294063,0.00700901373444746,0.4068047298739354,0.006804729873935378,0.009996205590778235,0.01226806640625,0.008666296318538434,0.01003769226372242,0.006466988561778399,0.010616901890071044,1.0,1.0,0,1,0.5,48,0.08364247096081574,1.0,1.0,0.5,48,-0.10291076932723324,1.0,1.0,0.5,48,0.09369630909835298,1.0,1.0,0.5,48,-0.0860984514777859,1.0,1.0
energy_s0.200_d0.500_v0.400_trot_p0.48.npz,3,0.4,0.5,0.2,0.48,trot,1,1,1,0.009546908501384002,1,0.16763891822908167,0.3756313407094771,19.21382930523896,43.11073115772905,0.7774734497070312,0.5,0.0,0.18330582161433995,0.016694178385660063,0.009579318412579599,0.006836352629276615,0.4053528659666578,0.005352865966657794,0.00876216877148363,0.010833740234375,0.009040891046905654,0.010188899002969265,0.005942765457938008,0.011023786455614911,1.0,1.0,0,1,0.5,48,0.08422624878585339,1.0,1.0,0.5,48,-0.10246445843949914,1.0,1.0,0.5,48,0.09340557952721913,1.0,1.0,0.5,48,-0.08651535647610824,1.0,1.0
energy_s0.200_d0.500_v0.400_trot_p0.48.npz,4,0.4,0.5,0.2,0.48,trot,1,1,0,0.03186620242250708,0,0.1690074726394255,0.3717618280697863,19.435293524504704,42.78583821552279,0.780380368232727,0.5,0.0,0.1832570401020348,0.016742959897965204,0.00989865832962096,0.007044824775463592,0.4070005587612589,0.007000558761258879,0.011360114016123841,0.01409912109375,0.00971923519114792,0.011602390557527542,0.006414741327319702,0.011534780340298628,1.0,1.0,0,1,0.5,48,0.08368898431460063,1.0,1.0,0.5,48,-0.10305435676127672,1.0,1.0,0.5,48,0.09377122034008305,1.0,1.0,0.5,48,-0.08599951878810923,1.0,1.0
energy_s0.200_d0.500_v0.400_trot_p0.48.npz,5,0.4,0.5,0.2,0.48,trot,1,1,0,0.032573286503302296,0,0.17369861574851558,0.37501112306114276,19.889478709846344,43.15951928257416,0.7812118530273438,0.5,0.0,0.1831284483584265,0.0168715516415735,0.009915476214761538,0.007085131873221448,0.407557958116134,0.007557958116133967,0.008926643397917915,0.01171875,0.009880444868983207,0.011939299292862415,0.006631254131725123,0.01117379481311747,1.0,1.0,0,1,0.5,48,0.08364503008003037,1.0,1.0,0.5,48,-0.10295680460209648,1.0,1.0,0.5,48,0.0937914764508605,1.0,1.0,0.5,48,-0.08586358558386564,1.0,1.0
energy_s0.200_d0.500_v0.400_trot_p0.48.npz,6,0.4,0.5,0.2,0.48,trot,1,1,0,0.02909392273904158,0,0.16871284718802204,0.3740487900933325,19.395800450262236,42.91036278484786,0.7801055908203125,0.5,0.0,0.18300691697125634,0.016993083028743666,0.009897801900903386,0.0070208274448911355,0.4068710121015708,0.0068710121015707615,0.014208327932961857,0.01648712158203125,0.009214054664018185,0.011058441363275051,0.006211120284419369,0.010953058299458508,1.0,1.0,0,1,0.5,48,0.08371801441535354,1.0,1.0,0.5,48,-0.10280252077306311,1.0,1.0,0.5,48,0.09366772944728534,1.0,1.0,0.5,48,-0.08582556930681069,1.0,1.0
energy_s0.200_d0.500_v0.400_trot_p0.48.npz,7,0.4,0.5,0.2,0.48,trot,1,1,0,0.029788832958972937,0,0.1696849681376747,0.36404675274073484,19.632621263568726,41.81630884184817,0.7796630859375,0.5,0.0,0.18342924521615106,0.01657075478384895,0.009956967582305274,0.007110037852544339,0.4067341337601344,0.006734133760134375,0.012363317838787403,0.0155181884765625,0.009182828026839649,0.010690802708268166,0.006514459993698191,0.011490215838377312,1.0,1.0,0,1,0.5,48,0.0835116805198292,1.0,1.0,0.5,48,-0.10334318038076162,1.0,1.0,0.5,48,0.09412109867359202,1.0,1.0,0.5,48,-0.08588253085811932,1.0,1.0
energy_s0.200_d0.625_v0.400_trot_p0.48.npz,0,0.4,0.625,0.2,0.48,trot,1,1,1,0.0015140192110528802,1,0.20893311269472453,0.41724812672090933,24.20338875892231,48.35019169295826,0.78619384765625,0.625,0.0,0.18633160249640546,0.013668397503594554,0.007954181513438623,0.006775006554865591,0.4105786286915342,0.010578628691534198,0.003930910568721495,0.005462646484375,0.010746349963393456,0.012176524847745895,0.0054246049361517,0.01189985866943268,1.0,1.0,0,1,0.625,60,0.08977523980041345,1.0,1.0,0.625,60,-0.10223996552328268,1.0,1.0,0.625,60,0.09302916638553142,1.0,1.0,0.625,60,-0.08761883328358332,1.0,1.0
energy_s0.200_d0.625_v0.400_trot_p0.48.npz,1,0.4,0.625,0.2,0.48,trot,1,1,1,0.0033291231279426294,1,0.2091332265020765,0.41748555723992936,24.21517736664184,48.354867373686865,0.7869110107421875,0.625,0.0,0.18620135647555192,0.013798643524448095,0.00801212297131618,0.006818167147381854,0.41041800907502574,0.010418009075025714,0.0036902784729543952,0.0050048828125,0.010618623674671639,0.012090649455785751,0.005433069079371758,0.01195384846925901,1.0,1.0,0,1,0.625,60,0.08965855588515599,1.0,1.0,0.625,60,-0.10222560241818428,1.0,1.0,0.625,60,0.09305085005859534,1.0,1.0,0.625,60,-0.08746770458916824,1.0,1.0
energy_s0.200_d0.625_v0.400_trot_p0.48.npz,2,0.4,0.625,0.2,0.48,trot,1,1,1,0.0019243386949608899,1,0.20834289756002028,0.415836399343567,24.175635692035677,48.25913922477338,0.78692626953125,0.625,0.0,0.1861790852000316,0.013820914799968415,0.00801298518975576,0.006821340454431874,0.41041609334448975,0.01041609334448973,0.004134005279328811,0.0058441162109375,0.010770899287595809,0.012135564349591732,0.005429364210674412,0.011932576026438354,1.0,1.0,0,1,0.625,60,0.08965986284116904,1.0,1.0,0.625,60,-0.10220505557954311,1.0,1.0,0.625,60,0.09303216189146042,1.0,1.0,0.625,60,-0.08746109008789063,1.0,1.0
energy_s0.200_d0.625_v0.400_trot_p0.48.npz,3,0.4,0.625,0.2,0.48,trot,1,1,1,0.0024101546291673505,1,0.20794798185597355,0.4169611885053133,24.101620504286192,48.33069671725035,0.7866897583007812,0.625,0.0,0.18623063315947852,0.01376936684052149,0.00798051195840041,0.006797142695480339,0.4104153256242474,0.010415325624247351,0.005098602506186077,0.0067901611328125,0.010643175044085754,0.01216715108603239,0.005459988838405014,0.011834948516335172,1.0,1.0,0,1,0.625,60,0.08972407008210818,1.0,1.0,0.625,60,-0.10219165707627932,1.0,1.0,0.625,60,0.09301233937342962,1.0,1.0,0.625,60,-0.08753319978713989,1.0,1.0
energy_s0.200_d0.625_v0.400_trot_p0.48.npz,4,0.4,0.625,0.2,0.48,trot,1,1,1,0.00045014049012655867,1,0.20820043132102517,0.41780511632893785,24.118627914399376,48.44020359212671,0.7867710590362549,0.625,0.0,0.18624331410974265,0.013756685890257359,0.00796631155535579,0.006783803556269658,0.4103021218130986,0.010302121813098586,0.005466596056456,0.0070343017578125,0.010683224392784187,0.012164978310465813,0.005449172639323571,0.011883594476036853,1.0,1.0,0,1,0.625,60,0.08974757405618826,1.0,1.0,0.625,60,-0.10217593722045422,1.0,1.0,0.625,60,0.09299123510718346,1.0,1.0,0.625,60,-0.08757188183565935,1.0,1.0
energy_s0.200_d0.625_v0.400_trot_p0.48.npz,5,0.4,0.625,0.2,0.48,trot,1,1,1,0.0023710513773281894,1,0.20840775631006292,0.41740960051267006,24.156347126028354,48.33911961089584,0.7866058349609375,0.625,0.0,0.18622311806927125,0.013776881930728763,0.007992515619844199,0.006803547905292365,0.41037964386244613,0.010379643862446108,0.0068161488538390665,0.008331298828125,0.010682796476535375,0.012132490053772926,0.005435019664665823,0.011922189651792625,1.0,1.0,0,1,0.625,60,0.08969652466475964,1.0,1.0,0.625,60,-0.10220814930895965,1.0,1.0,0.625,60,0.09303139125307401,1.0,1.0,0.625,60,-0.0875101709117492,1.0,1.0
energy_s0.200_d0.625_v0.400_trot_p0.48.npz,6,0.4,0.625,0.2,0.48,trot,1,1,1,0.0017412880438745662,1,0.20874639458192096,0.41630412824187857,24.1618509486563,48.232440311133935,0.7865142822265625,0.625,0.0,0.18619031365960836,0.013809686340391647,0.00800833245739341,0.006817727737749618,0.4103905086716016,0.010390508671601573,0.004086522154563875,0.00566864013671875,0.010745108100861758,0.012183074839413166,0.005412246323373564,0.011874545059324745,1.0,1.0,0,1,0.625,60,0.08965992604692777,1.0,1.0,0.625,60,-0.10220697857439517,1.0,1.0,0.625,60,0.09304012767970563,1.0,1.0,0.625,60,-0.08747359501818816,1.0,1.0
energy_s0.200_d0.625_v0.400_trot_p0.48.npz,7,0.4,0.625,0.2,0.48,trot,1,1,1,0.0026487133624420005,1,0.20885120119758774,0.4166573440316278,24.19824435033191,48.28967764593506,0.7865142822265625,0.625,0.0,0.18621799585719903,0.01378200414280098,0.008002900208036106,0.006814423696293187,0.4104263869424661,0.01042638694246606,0.006589927106226616,0.008256912231445312,0.010644265122484016,0.012139295227825642,0.005422913044194373,0.011907421637388617,1.0,1.0,0,1,0.625,60,0.08966053153077762,1.0,1.0,0.625,60,-0.10222379627327124,1.0,1.0,0.625,60,0.0930724977205197,1.0,1.0,0.625,60,-0.08747916618982951,1.0,1.0
energy_s0.200_d0.750_v0.400_trot_p0.48.npz,0,0.4,0.75,0.2,0.48,trot,1,1,1,0.002842980323407393,1,0.27448736418091835,0.5603052870014189,31.69038105646438,64.70037362888962,0.783599853515625,0.75,0.0,0.19141151083426342,0.008588489165736596,0.006636553888933529,0.006381890076833469,0.4087378370265166,0.008737837026516593,0.022732072168866798,0.026580810546875,0.002780639341484017,0.005929111503064632,0.006756956853807273,0.030575508657300143,1.0,1.0,0,1,0.75,72,0.09448752862711747,1.0,1.0,0.75,72,-0.10468461861213048,1.0,1.0,0.75,72,0.09566900672184096,1.0,1.0,0.75,72,-0.08798186770743793,1.0,1.0
energy_s0.200_d0.750_v0.400_trot_p0.48.npz,1,0.4,0.75,0.2,0.48,trot,1,1,1,0.00261964222712277,1,0.27490823325153546,0.5617328612443909,31.58793800623827,64.52180912143228,0.7799072265625,0.75,0.0,0.19142187743758163,0.008578122562418383,0.006615657157575093,0.00635054505740603,0.4072964567070206,0.00729645670702056,0.01880487412137772,0.0224761962890625,0.0035645926640567845,0.006961697246879339,0.00680039202372172,0.030340340707623287,1.0,1.0,0,1,0.75,72,0.09460754009584586,1.0,1.0,0.75,72,-0.1046531917527318,1.0,1.0,0.75,72,0.09565835901432568,1.0,1.0,0.75,72,-0.0879246640122599,1.0,1.0
energy_s0.200_d0.750_v0.400_trot_p0.48.npz,2,0.4,0.75,0.2,0.48,trot,1,1,1,0.0011417606803289732,1,0.27453013470659343,0.5610101896396797,31.567743736045824,64.50491758054157,0.7806396484375,0.75,0.0,0.19139610380969113,0.00860389619030888,0.006607184346972243,0.006342988267230493,0.4071817969282468,0.007181796928246775,0.021774431166708658,0.025054931640625,0.0035686896003705947,0.007052033673971891,0.006794409408610977,0.030305176968791713,1.0,1.0,0,1,0.75,72,0.09459338451011313,1.0,1.0,0.75,72,-0.10461047250363562,1.0,1.0,0.75,72,0.09564110916107893,1.0,1.0,0.75,72,-0.0879472414445546,1.0,1.0
energy_s0.200_d0.750_v0.400_trot_p0.48.npz,3,0.4,0.75,0.2,0.48,trot,1,1,1,0.0013371451061878158,1,0.27418432305977347,0.5599913146799611,31.569617381715105,64.48398829487554,0.7816696166992188,0.75,0.0,0.1913913008239534,0.00860869917604662,0.006616622654514183,0.006352361699100586,0.4075456826637189,0.007545682663718856,0.024033403988422755,0.0276641845703125,0.003255508172971372,0.006707483436912298,0.00672915450805842,0.030474816832470955,1.0,1.0,0,1,0.75,72,0.09452490539600451,1.0,1.0,0.75,72,-0.10462454613298178,1.0,1.0,0.75,72,0.09566340047038263,1.0,1.0,0.75,72,-0.0879697496485379,1.0,1.0
energy_s0.200_d0.750_v0.400_trot_p0.48.npz,4,0.4,0.75,0.2,0.48,trot,1,1,1,0.0005837666006514512,1,0.2734327330285191,0.5594129990761318,31.52436155919228,64.49546665904543,0.7824848890304565,0.75,0.0,0.19143919315603045,0.008560806843969565,0.006604053783747888,0.006343575660139325,0.40801980905234814,0.008019809052348115,0.023270484669744282,0.02703857421875,0.0028763954808548463,0.006153414025902748,0.006703782662787778,0.030599810610708975,1.0,1.0,0,1,0.75,72,0.0944985073680679,1.0,1.0,0.75,72,-0.10464730072352621,1.0,1.0,0.75,72,0.09567897901352909,1.0,1.0,0.75,72,-0.08805359920693769,1.0,1.0
energy_s0.200_d0.750_v0.400_trot_p0.48.npz,5,0.4,0.75,0.2,0.48,trot,1,1,1,0.002513931573320233,1,0.27400953145401064,0.5599985405646617,31.543040496335788,64.4727909784194,0.7816009521484375,0.75,0.0,0.19138220030193528,0.008617799698064726,0.006607228274353679,0.006345859010859084,0.40757308683047694,0.007573086830476916,0.02229955676218758,0.02606201171875,0.003395720791291118,0.006645544432103634,0.006711204461580437,0.030450828209496003,1.0,1.0,0,1,0.75,72,0.09454710657397906,1.0,1.0,0.75,72,-0.10459665685064262,1.0,1.0,0.75,72,0.09563254937529564,1.0,1.0,0.75,72,-0.08798808780395323,1.0,1.0
energy_s0.200_d0.750_v0.400_trot_p0.48.npz,6,0.4,0.75,0.2,0.48,trot,1,1,1,0.001201276252758611,1,0.27459226654189683,0.56030254991392,31.581662846412378,64.43673234683476,0.780609130859375,0.75,0.0,0.19137408956885338,0.008625910431146633,0.006613347037798831,0.006349215885469071,0.40730279839287203,0.007302798392872012,0.020858316395181747,0.02465057373046875,0.003618522127603294,0.007084553595632315,0.006789411510585464,0.0303999922457302,1.0,1.0,0,1,0.75,72,0.09457655592511098,1.0,1.0,0.75,72,-0.10460078364445104,1.0,1.0,0.75,72,0.09565479680895805,1.0,1.0,0.75,72,-0.08791604275918669,1.0,1.0
energy_s0.200_d0.750_v0.400_trot_p0.48.npz,7,0.4,0.75,0.2,0.48,trot,1,1,1,0.002690549827992439,1,0.2745032732973147,0.5607230747876355,31.5927191164671,64.4914167210571,0.7809906005859375,0.75,0.0,0.19138518529426718,0.008614814705732832,0.006612196000706821,0.006348167429678145,0.40725836964945,0.0072583696494499805,0.02279591310049973,0.026645660400390625,0.0035786182615877454,0.007063769269734621,0.006804981147133918,0.030388474681579097,1.0,1.0,0,1,0.75,72,0.09457396726227468,1.0,1.0,0.75,72,-0.10460957729568084,1.0,1.0,0.75,72,0.09566797905912001,1.0,1.0,0.75,72,-0.08791884697145885,1.0,1.0
energy_s0.300_d0.500_v0.400_trot_p0.48.npz,0,0.4,0.5,0.3,0.48,trot,1,1,1,0.010587275748485383,1,0.20041632316333646,0.4017334019493547,22.735232151547336,45.951467282092096,0.77471923828125,0.5,0.0,0.2911079004406929,0.008892099559307087,0.00783009665707747,0.007054318906739354,0.40348594076931477,0.0034859407693147437,0.0007620933927792307,0.0015869140625,0.007986922388119993,0.008930781856179237,0.005771866253086071,0.016644947249295806,1.0,1.0,0,1,0.5,48,0.13825698445240656,1.0,1.0,0.5,48,-0.15645425456265608,1.0,1.0,0.5,48,0.1494567987198631,1.0,1.0,0.5,48,-0.13804776314646006,1.0,1.0
energy_s0.300_d0.500_v0.400_trot_p0.48.npz,1,0.4,0.5,0.3,0.48,trot,1,1,1,0.014911287766536078,1,0.1973142186562944,0.3995558865260078,22.494475282263338,45.519974809928854,0.773284912109375,0.5,0.0,0.2910384756202499,0.008961524379750063,0.007783771989246208,0.006986632950914402,0.40380212167898816,0.003802121678988135,0.0014258006200171393,0.0026092529296875,0.008525573569419263,0.009265013039112091,0.006060389190851834,0.016152570637836604,1.0,1.0,0,1,0.5,48,0.1381580817202727,1.0,1.0,0.5,48,-0.1564007056877017,1.0,1.0,0.5,48,0.14927264240880808,1.0,1.0,0.5,48,-0.13824552142371735,1.0,1.0
energy_s0.300_d0.500_v0.400_trot_p0.48.npz,2,0.4,0.5,0.3,0.48,trot,1,1,0,0.02923695593692746,0,0.20228004925943335,0.4149988808239584,23.030020642102635,47.28163030205201,0.7736358642578125,0.5,0.0,0.29071311807880795,0.009286881921192036,0.007845010266949731,0.006974710593931376,0.40381323856612045,0.003813238566120425,0.001908100615719964,0.003265380859375,0.007116042818400909,0.007924024015665054,0.00650148254914802,0.016536191228921596,1.0,1.0,0,1,0.5,48,0.13817598360280195,1.0,1.0,0.5,48,-0.15620822242150703,1.0,1.0,0.5,48,0.14907449670135975,1.0,1.0,0.5,48,-0.13796753343194723,1.0,1.0
energy_s0.300_d0.500_v0.400_trot_p0.48.npz,3,0.4,0.5,0.3,0.48,trot,1,1,0,0.026600913852145396,0,0.19831783499582306,0.4097061658703462,22.58495378116071,46.49435054398849,0.7745590209960938,0.5,0.0,0.2908064229413867,0.00919357705861329,0.007896162134905654,0.007041368749924003,0.4041221293931206,0.004122129393120566,0.0017197425021725915,0.0035552978515625,0.007917530578859798,0.00883570872247219,0.006509721055490151,0.01620571807002581,1.0,1.0,0,1,0.5,48,0.13811364521582922,1.0,1.0,0.5,48,-0.15639841773857674,1.0,1.0,0.5,48,0.14916651012996832,1.0,1.0,0.5,48,-0.13793427279839912,1.0,1.0
energy_s0.300_d0.500_v0.400_trot_p0.48.npz,4,0.4,0.5,0.3,0.48,trot,1,1,1,0.0010169628360401054,1,0.2001909526102958,0.39993803015526375,22.871699566145498,45.696398120923206,0.775234043598175,0.5,0.0,0.29095750472818815,0.009042495271811835,0.007934165140613911,0.007132782375750442,0.4043042513852318,0.004304251385231772,0.0017337040172903894,0.003448486328125,0.00895182874481644,0.009700322523713112,0.0059051415479951415,0.01602251065749006,1.0,1.0,0,1,0.5,48,0.13782671932131052,1.0,1.0,0.5,48,-0.1565814365943273,1.0,1.0,0.5,48,0.14951488468796015,1.0,1.0,0.5,48,-0.13799196885277829,1.0,1.0
energy_s0.300_d0.500_v0.400_trot_p0.48.npz,5,0.4,0.5,0.3,0.48,trot,1,1,1,0.005439547809814001,1,0.1992669319827136,0.39957745449418103,22.70170731291645,45.52508169389804,0.7758636474609375,0.5,0.0,0.2910195360891521,0.008980463910847891,0.007880264939740297,0.0070808453174928815,0.4045354472473264,0.004535447247326352,0.00229242781970336,0.00431060791015625,0.0086483159355775,0.009415791369974613,0.005875366495977788,0.016259479380578146,1.0,1.0,0,1,0.5,48,0.13789461211611828,1.0,1.0,0.5,48,-0.15654147136956453,1.0,1.0,0.5,48,0.14946971026559672,1.0,1.0,0.5,48,-0.1381332784270247,1.0,1.0
energy_s0.300_d0.500_v0.400_trot_p0.48.npz,6,0.4,0.5,0.3,0.48,trot,1,1,1,0.013970705457092957,1,0.20293582285685777,0.40666457394571665,23.06269413771895,46.47553487885451,0.77362060546875,0.5,0.0,0.29090301676963765,0.009096983230362343,0.007794677854205169,0.006998276733793316,0.4035505612070362,0.0035505612070361736,0.0012515225666606623,0.0024261474609375,0.007569538518288027,0.0088998107239604,0.006095963630284569,0.016204921406393825,1.0,1.0,0,1,0.5,48,0.13812225001553693,1.0,1.0,0.5,48,-0.15629302679250637,1.0,1.0,0.5,48,0.14929297690590224,1.0,1.0,0.5,48,-0.13809777982532978,1.0,1.0
energy_s0.300_d0.500_v0.400_trot_p0.48.npz,7,0.4,0.5,0.3,0.48,trot,1,1,1,0.0029939149781957343,1,0.19990251725331482,0.3984847328136423,22.824584555259445,45.50391472178812,0.7748260498046875,0.5,0.0,0.2909293958606819,0.009070604139318095,0.007940428036575515,0.007137804253337284,0.40432111111780006,0.004321111117800036,0.001079627335807776,0.002429962158203125,0.008680977143626612,0.009475387632846832,0.005771179022136217,0.016334616545459438,1.0,1.0,0,1,0.5,48,0.13779963925480843,1.0,1.0,0.5,48,-0.15654382047553858,1.0,1.0,0.5,48,0.1495830506707231,1.0,1.0,0.5,48,-0.13793228132029375,1.0,1.0
energy_s0.300_d0.625_v0.400_trot_p0.48.npz,0,0.4,0.625,0.3,0.48,trot,1,1,1,0.004553639550680482,1,0.20554789262088224,0.409492948489132,23.619673389114915,47.07526126460265,0.78033447265625,0.625,0.0,0.2888674491395553,0.011132550860444679,0.007107095234096049,0.006496577927221851,0.4068978065624833,0.0068978065624832885,0.005092242223258886,0.00775146484375,0.001205207721671555,0.002294304082170129,0.005784884426231624,0.013878428468313251,1.0,1.0,0,1,0.625,60,0.1422313116490841,1.0,1.0,0.625,60,-0.1530816396077474,1.0,1.0,0.625,60,0.14469558199246724,1.0,1.0,0.625,60,-0.13772636502981186,1.0,1.0
energy_s0.300_d0.625_v0.400_trot_p0.48.npz,1,0.4,0.625,0.3,0.48,trot,1,1,1,0.0023667543816904323,1,0.20660823525897737,0.4119814867762385,23.755913208895606,47.37175601859058,0.78070068359375,0.625,0.0,0.2888201898584763,0.011179810141523694,0.007139141174654164,0.006506112497299907,0.40738516363004845,0.00738516363004843,0.003161970632272755,0.0047149658203125,0.001343850761814408,0.0023356303572654724,0.005717883268983017,0.013453872855489903,1.0,1.0,0,1,0.625,60,0.14220730140805243,1.0,1.0,0.625,60,-0.15309847220778466,1.0,1.0,0.625,60,0.14466271301110586,1.0,1.0,0.625,60,-0.13767189309000968,1.0,1.0
energy_s0.300_d0.625_v0.400_trot_p0.48.npz,2,0.4,0.625,0.3,0.48,trot,1,1,1,0.0036631357003693438,1,0.20773771791998707,0.4128794461272282,23.806218526900444,47.39855976499988,0.780609130859375,0.625,0.0,0.28881517611443996,0.011184823885560025,0.0071308746313055345,0.006505252925368643,0.4071291337410609,0.007129133741060889,0.005256369305823132,0.006927490234375,0.0013327323214662172,0.0024913016241043806,0.005809279109745817,0.013715831113859352,1.0,1.0,0,1,0.625,60,0.14219736978411673,1.0,1.0,0.625,60,-0.15307692537705103,1.0,1.0,0.625,60,0.14467085003852845,1.0,1.0,0.625,60,-0.13768520702918371,1.0,1.0
energy_s0.300_d0.625_v0.400_trot_p0.48.npz,3,0.4,0.625,0.3,0.48,trot,1,1,1,0.0024299663004340773,1,0.20769438356041903,0.41574552639624623,23.89171497620096,47.78767881516728,0.7809982299804688,0.625,0.0,0.2888620518147945,0.01113794818520547,0.007123911008238792,0.006490743656953173,0.4071631394326687,0.007163139432668664,0.005130053994062642,0.0069580078125,0.0015386894943628245,0.0027389342430979013,0.005941612938734032,0.013485842395977898,1.0,1.0,0,1,0.625,60,0.14225636993845303,1.0,1.0,0.625,60,-0.15310987383127211,1.0,1.0,0.625,60,0.14463135128219923,1.0,1.0,0.625,60,-0.1377265085776647,1.0,1.0
energy_s0.300_d0.625_v0.400_trot_p0.48.npz,4,0.4,0.625,0.3,0.48,trot,1,1,1,0.0008411953125446212,1,0.20697153910989918,0.4145725091103196,23.796224957658723,47.71194187067058,0.7807441353797913,0.625,0.0,0.2888592105358839,0.011140789464116063,0.007111424642304578,0.006482579372823235,0.407188362441957,0.007188362441956975,0.0066277703796679315,0.0088653564453125,0.0015179359914513223,0.002640427090227604,0.005880440615806956,0.013381295531488072,1.0,1.0,0,1,0.625,60,0.142267457395792,1.0,1.0,0.625,60,-0.15308205982049305,1.0,1.0,0.625,60,0.14461856757601102,1.0,1.0,0.625,60,-0.13775033627947172,1.0,1.0
energy_s0.300_d0.625_v0.400_trot_p0.48.npz,5,0.4,0.625,0.3,0.48,trot,1,1,1,0.002802561224291319,1,0.20734889437877135,0.41488862416425754,23.837297473824325,47.66003752912897,0.7806854248046875,0.625,0.0,0.2888697050511837,0.011130294948816288,0.0071276541799306856,0.006493784502769506,0.4071784770737092,0.007178477073709166,0.008113883763795572,0.01044464111328125,0.0014780725220716914,0.002639272715896368,0.005922381038274044,0.013515223035754816,1.0,1.0,0,1,0.625,60,0.14225338126222292,1.0,1.0,0.625,60,-0.15312501341104506,1.0,1.0,0.625,60,0.1446577655772368,1.0,1.0,0.625,60,-0.13770324985186258,1.0,1.0
energy_s0.300_d0.625_v0.400_trot_p0.48.npz,6,0.4,0.625,0.3,0.48,trot,1,1,1,0.0012887570683413115,1,0.2070774212117184,0.4127510401073717,23.829533547732854,47.50704870084685,0.7808990478515625,0.625,0.0,0.2888171548644701,0.011182845135529862,0.007142474502325058,0.006506311955551303,0.4072874902437131,0.007287490243713057,0.004580649867732706,0.0067901611328125,0.0014398257085502279,0.002562296576797962,0.005823167511454232,0.013566375411540993,1.0,1.0,0,1,0.625,60,0.14222423086563746,1.0,1.0,0.625,60,-0.1531021038691203,1.0,1.0,0.625,60,0.144657006363074,1.0,1.0,0.625,60,-0.1376509686311086,1.0,1.0
energy_s0.300_d0.625_v0.400_trot_p0.48.npz,7,0.4,0.625,0.3,0.48,trot,1,1,1,0.0030322664681295556,1,0.20643588577176672,0.41056372891967474,23.689195377793734,47.20621825284733,0.780548095703125,0.625,0.0,0.28881317141155405,0.01118682858844594,0.007155391015112398,0.006519919432078795,0.4074577350790302,0.007457735079030192,0.007361035816740436,0.009563446044921875,0.0015379882552220942,0.002632775343954563,0.005659966267014902,0.013517712759615812,1.0,1.0,0,1,0.625,60,0.14218499958515168,1.0,1.0,0.625,60,-0.15312395344177882,1.0,1.0,0.625,60,0.14469471474488577,1.0,1.0,0.625,60,-0.13762267505129178,1.0,1.0
energy_s0.300_d0.750_v0.400_trot_p0.48.npz,0,0.4,0.75,0.3,0.48,trot,1,1,1,0.0026649175648335026,1,0.2788952508596648,0.5633443112326216,32.186065602018175,65.05486271401506,0.783447265625,0.75,0.0,0.29041366765482557,0.00958633234517442,0.006836938537243337,0.00658197587666412,0.4085404258221388,0.008540425822138764,0.023600180327071296,0.027679443359375,0.010529752936706074,0.013513217680156231,0.005652754460477629,0.02446288582208277,1.0,1.0,0,1,0.75,72,0.144669933244586,1.0,1.0,0.75,72,-0.15408754472931227,1.0,1.0,0.75,72,0.1459745325975948,1.0,1.0,0.75,72,-0.1360953247381581,1.0,1.0
energy_s0.300_d0.750_v0.400_trot_p0.48.npz,1,0.4,0.75,0.3,0.48,trot,1,1,1,0.0011855505932883443,1,0.27892550818640016,0.5647631037689458,32.17961803090143,65.136036823749,0.7828826904296875,0.75,0.0,0.2904321770701143,0.009567822929885672,0.006843949792285758,0.006588579846235611,0.40858683673044044,0.008586836730440417,0.021417735538243398,0.024658203125,0.010027737639073693,0.013086450286209583,0.005561025843342651,0.02466873518248812,1.0,1.0,0,1,0.75,72,0.1447185737391313,1.0,1.0,0.75,72,-0.15412007665468586,1.0,1.0,0.75,72,0.14595520765417153,1.0,1.0,0.75,72,-0.13607049609224,1.0,1.0
energy_s0.300_d0.750_v0.400_trot_p0.48.npz,2,0.4,0.75,0.3,0.48,trot,1,1,1,0.0011437174686449488,1,0.2786312477081733,0.5641172704491201,32.175959166642905,65.14190008725964,0.7837677001953125,0.75,0.0,0.2904152057857977,0.009584794214202275,0.006841069573743473,0.006584818350772061,0.4086443968117237,0.008644396811723687,0.019716986693673354,0.0225677490234375,0.009879847635447248,0.012862551026046276,0.005549148756169315,0.02476223032055958,1.0,1.0,0,1,0.75,72,0.1447120722797182,1.0,1.0,0.75,72,-0.15409734493328464,1.0,1.0,0.75,72,0.14594301353726122,1.0,1.0,0.75,72,-0.13607798082133135,1.0,1.0
energy_s0.300_d0.750_v0.400_trot_p0.48.npz,3,0.4,0.75,0.3,0.48,trot,1,1,1,0.001784137393753639,1,0.27745400240427653,0.5641955804269407,32.026170260676864,65.11321826353077,0.7833709716796875,0.75,0.0,0.29051274878697264,0.009487251213027348,0.006849412878768309,0.006576050647223987,0.40854198175172013,0.008541981751720107,0.023709253737146427,0.0276947021484375,0.011086713250315528,0.014056488871574402,0.005839878227797605,0.02466203022032746,1.0,1.0,0,1,0.75,72,0.14456635920537841,1.0,1.0,0.75,72,-0.15421157454450926,1.0,1.0,0.75,72,0.1460690481795205,1.0,1.0,0.75,72,-0.1361785156445371,1.0,1.0
energy_s0.300_d0.750_v0.400_trot_p0.48.npz,4,0.4,0.75,0.3,0.48,trot,1,1,1,0.0008158818754458045,1,0.2764225241713614,0.5646288351021476,31.8960881017086,65.14480687029696,0.7831363677978516,0.75,0.0,0.290576973826521,0.00942302617347901,0.006848873953438464,0.006574964065415162,0.40836458435902995,0.008364584359029925,0.02272927299799128,0.0267333984375,0.011060143604616596,0.013890674337744713,0.00589076795675079,0.02472263462776356,1.0,1.0,0,1,0.75,72,0.1446025853769647,1.0,1.0,0.75,72,-0.1542747217333979,1.0,1.0,0.75,72,0.14607825233704513,1.0,1.0,0.75,72,-0.13619838820563424,1.0,1.0
energy_s0.300_d0.750_v0.400_trot_p0.48.npz,5,0.4,0.75,0.3,0.48,trot,1,1,1,0.000756654770210754,1,0.2773869345653509,0.563395875174043,32.03619588446894,65.07559677678611,0.7838058471679688,0.75,0.0,0.2905107062930862,0.009489293706913815,0.006844764751278688,0.006573881674557923,0.4085375986372431,0.008537598637243071,0.02536037176817274,0.02935791015625,0.0109840622138874,0.013900729827582836,0.005824440432715024,0.024708031991114692,1.0,1.0,0,1,0.75,72,0.14457218369676006,1.0,1.0,0.75,72,-0.1542002357956436,1.0,1.0,0.75,72,0.1460599292897516,1.0,1.0,0.75,72,-0.13618906380401719,1.0,1.0
energy_s0.300_d0.750_v0.400_trot_p0.48.npz,6,0.4,0.75,0.3,0.48,trot,1,1,1,0.0012381203235287113,1,0.2788135271799541,0.5637123197344747,32.18211048540173,65.09320671178286,0.783660888671875,0.75,0.0,0.29042553198006416,0.009574468019935833,0.006848486057586138,0.00658943320934971,0.4086853734528025,0.008685373452802458,0.024277915234993397,0.0280914306640625,0.010311969012279446,0.013575262390077114,0.005625035531900958,0.02474227464443971,1.0,1.0,0,1,0.75,72,0.14468123267094293,1.0,1.0,0.75,72,-0.15412250409523645,1.0,1.0,0.75,72,0.14597056930263838,1.0,1.0,0.75,72,-0.13607675789131057,1.0,1.0
energy_s0.300_d0.750_v0.400_trot_p0.48.npz,7,0.4,0.75,0.3,0.48,trot,1,1,1,0.0022170602600784834,1,0.2791504754797936,0.564529553532819,32.21614348559628,65.1358800254123,0.7832183837890625,0.75,0.0,0.29041340367661583,0.009586596323384156,0.0068469838342732825,0.006589353037998079,0.4085939048479001,0.008593904847900069,0.026525936378719556,0.030200958251953125,0.010206046708690067,0.013384563848376274,0.0056079295185105,0.024744058659649442,1.0,1.0,0,1,0.75,72,0.14468742451734012,1.0,1.0,0.75,72,-0.1541073713451624,1.0,1.0,0.75,72,0.14595802542236117,1.0,1.0,0.75,72,-0.13607398606836796,1.0,1.0
energy_s0.400_d0.500_v0.400_trot_p0.48.npz,0,0.4,0.5,0.4,0.48,trot,1,1,0,0.02013633953154701,0,0.23098071692580635,0.450532141127278,26.116986273874208,51.00614352344155,0.766632080078125,0.5,0.0,0.4017881080508232,0.0017881080508231895,0.006559753169616063,0.006735530022221307,0.3994805347174406,0.000519465282559417,0.00682008557226147,0.00885009765625,0.01692387075012417,0.018319370225071907,0.005025485303932464,0.020947513772077216,1.0,1.0,0,1,0.5,48,0.19494319489846626,1.0,1.0,0.5,48,-0.21131580136716366,1.0,1.0,0.5,48,0.20359181302289167,1.0,1.0,0.5,48,-0.1937254068131248,1.0,1.0
energy_s0.400_d0.500_v0.400_trot_p0.48.npz,1,0.4,0.5,0.4,0.48,trot,1,1,1,0.01800693686394334,1,0.23016930591757917,0.4433709373612995,25.91045178645903,50.52953728138416,0.764923095703125,0.5,0.0,0.40196459197128814,0.001964591971288121,0.006571535874779026,0.006754487364863356,0.3990211710333824,0.0009788289666176064,0.005759497467910377,0.00738525390625,0.01732328279830893,0.018884558230638504,0.005199839771398678,0.024300440452871885,1.0,1.0,0,1,0.5,48,0.19509444696207842,1.0,1.0,0.5,48,-0.211464476150771,1.0,1.0,0.5,48,0.20364318757007518,1.0,1.0,0.5,48,-0.19372707325965166,1.0,1.0
energy_s0.400_d0.500_v0.400_trot_p0.48.npz,2,0.4,0.5,0.4,0.48,trot,1,1,1,0.007887064338495578,1,0.2352763828645721,0.4534113945121985,26.457826594186486,51.05860411476486,0.763885498046875,0.5,0.0,0.4016368064718942,0.001636806471894181,0.006612288532778621,0.006713870718764762,0.3983279022698601,0.001672097730139932,0.004159881455116917,0.006256103515625,0.017242063562201263,0.018721045926213264,0.004845944564500608,0.019715758032355077,1.0,1.0,0,1,0.5,48,0.19479936206092438,1.0,1.0,0.5,48,-0.21141189181556305,1.0,1.0,0.5,48,0.2034494917218884,1.0,1.0,0.5,48,-0.19361286734541258,1.0,1.0
energy_s0.400_d0.500_v0.400_trot_p0.48.npz,3,0.4,0.5,0.4,0.48,trot,1,1,1,0.01580942418098127,1,0.23337241796061955,0.45298640512314237,26.156112732272014,50.9318420170457,0.7648239135742188,0.5,0.0,0.40171306425084674,0.0017130642508467187,0.006773429301877816,0.006849979593728979,0.3989170327161749,0.0010829672838251203,0.0034634471686741555,0.0050811767578125,0.016819959361269274,0.018233545124530792,0.0050707230047865115,0.022055166582582594,1.0,1.0,0,1,0.5,48,0.1948046296214064,1.0,1.0,0.5,48,-0.2115842361624042,1.0,1.0,0.5,48,0.20367568669219813,1.0,1.0,0.5,48,-0.19336157602568468,1.0,1.0
energy_s0.400_d0.500_v0.400_trot_p0.48.npz,4,0.4,0.5,0.4,0.48,trot,1,1,0,0.02051944263089204,0,0.23274663668990309,0.44891429726650955,26.337530830913174,50.99408624154811,0.7663527131080627,0.5,0.0,0.40183799418931204,0.00183799418931202,0.0066844326599190635,0.006807768678603073,0.399644922465086,0.00035507753491403893,0.004606651435820658,0.0061798095703125,0.016362302904300845,0.017942987382411957,0.0049722050662320124,0.023064786971425486,1.0,1.0,0,1,0.5,48,0.19504024491955838,1.0,1.0,0.5,48,-0.21149142645299435,1.0,1.0,0.5,48,0.20371543305615583,1.0,1.0,0.5,48,-0.19342888394991556,1.0,1.0
energy_s0.400_d0.500_v0.400_trot_p0.48.npz,5,0.4,0.5,0.4,0.48,trot,1,1,1,0.01890363022610711,1,0.2346152969518288,0.44965409186320504,26.270336714898395,51.0705159192171,0.763946533203125,0.5,0.0,0.40156945741424954,0.00156945741424952,0.006714211000750462,0.006802198283063869,0.3983326405286789,0.0016673594713211282,0.002836427722143752,0.0048370361328125,0.01704242896371869,0.018441779538989067,0.0052791455813906655,0.022798449405632495,1.0,1.0,0,1,0.5,48,0.1947502406934897,1.0,1.0,0.5,48,-0.21146891980121532,1.0,1.0,0.5,48,0.20352895961453518,1.0,1.0,0.5,48,-0.19339079471925893,1.0,1.0
energy_s0.400_d0.500_v0.400_trot_p0.48.npz,6,0.4,0.5,0.4,0.48,trot,1,1,1,0.018187078676892888,1,0.235280784282139,0.4565808905213273,26.40411865412759,51.41954053524254,0.7634429931640625,0.5,0.0,0.4016182686512669,0.001618268651266852,0.006627436106403668,0.0067486258534093695,0.3981513849770029,0.0018486150229971021,0.006767649426859888,0.00885772705078125,0.016630822293242007,0.01800137758255005,0.005331275820089069,0.023847082897969926,1.0,1.0,0,1,0.5,48,0.19495005967716375,1.0,1.0,0.5,48,-0.21140583201001087,1.0,1.0,0.5,48,0.20346730885406336,1.0,1.0,0.5,48,-0.1934133367612958,1.0,1.0
energy_s0.400_d0.500_v0.400_trot_p0.48.npz,7,0.4,0.5,0.4,0.48,trot,1,1,1,0.017569971332385866,1,0.23536084722361164,0.4590494921512268,26.365584595883693,51.36649578078382,0.763214111328125,0.5,0.0,0.4017542600631714,0.0017542600631713645,0.006626100745052099,0.006772844858157138,0.3978535070394476,0.0021464929605524152,0.0033899114144300257,0.0056171417236328125,0.01752014199422249,0.018944082781672478,0.005204672157187156,0.021548237468178393,1.0,1.0,0,1,0.5,48,0.19489758927375078,1.0,1.0,0.5,48,-0.21150828059762716,1.0,1.0,0.5,48,0.20349818095564842,1.0,1.0,0.5,48,-0.1936044692993164,1.0,1.0
energy_s0.400_d0.625_v0.400_trot_p0.48.npz,0,0.4,0.625,0.4,0.48,trot,1,1,1,0.006380250199751827,1,0.22161716011030405,0.4340107183449369,25.2353278337736,49.44462438069572,0.77349853515625,0.625,0.0,0.39827673199276126,0.0017232680072387652,0.005201843368510407,0.005487341674355172,0.4037237533678611,0.0037237533678610713,0.007439785081550031,0.008636474609375,0.008583541352230151,0.00953835528343916,0.006887604734717275,0.019327815563564464,1.0,1.0,0,1,0.625,60,0.19787326057751972,1.0,1.0,0.625,60,-0.20815980409582455,1.0,1.0,0.625,60,0.19983278289437295,1.0,1.0,0.625,60,-0.19068761641780535,1.0,1.0
energy_s0.400_d0.625_v0.400_trot_p0.48.npz,1,0.4,0.625,0.4,0.48,trot,1,1,1,0.009314949226049501,1,0.22029560817761557,0.4326465953245909,25.163536743973964,49.39958274958576,0.77496337890625,0.625,0.0,0.3982591903458039,0.001740809654196096,0.005193291765948139,0.0054713323091467245,0.40408262331038713,0.004082623310387112,0.007899981233139753,0.008941650390625,0.008814567767430366,0.009959631599485874,0.0068879027781855815,0.019435317421668222,1.0,1.0,0,1,0.625,60,0.19780297229687374,1.0,1.0,0.625,60,-0.2081045540670554,1.0,1.0,0.625,60,0.19990779360135397,1.0,1.0,0.625,60,-0.19070306072632473,1.0,1.0
energy_s0.400_d0.625_v0.400_trot_p0.48.npz,2,0.4,0.625,0.4,0.48,trot,1,1,1,0.006923920492267249,1,0.22055392162347137,0.43309237704776504,25.16646667584723,49.399616379231944,0.7742767333984375,0.625,0.0,0.3982495152701934,0.0017504847298066006,0.005190335623919967,0.0054674487328156855,0.4040296509241064,0.004029650924106398,0.007487655573244496,0.0087738037109375,0.008702528077310439,0.0098468828946352,0.006909794735805164,0.019481153960876192,1.0,1.0,0,1,0.625,60,0.19780447433392206,1.0,1.0,0.625,60,-0.20809175098935764,1.0,1.0,0.625,60,0.1998916690548261,1.0,1.0,0.625,60,-0.19071113616228103,1.0,1.0
energy_s0.400_d0.625_v0.400_trot_p0.48.npz,3,0.4,0.625,0.4,0.48,trot,1,1,1,0.008707208939270194,1,0.219839179607416,0.4311389186676613,25.095750018939878,49.23680891903052,0.774749755859375,0.625,0.0,0.39822024231155717,0.0017797576884428512,0.005161033794283869,0.005434728537996612,0.40404530925055343,0.004045309250553408,0.008020831522535634,0.0095977783203125,0.00909609252585657,0.010253326036036015,0.006591948504948986,0.0189763447417957,1.0,1.0,0,1,0.625,60,0.19778300275405247,1.0,1.0,0.625,60,-0.20799889688690504,1.0,1.0,0.625,60,0.19992545917630195,1.0,1.0,0.625,60,-0.1907331258058548,1.0,1.0
energy_s0.400_d0.625_v0.400_trot_p0.48.npz,4,0.4,0.625,0.4,0.48,trot,1,1,1,0.007326085460927733,1,0.21978081127307342,0.43303660739852046,25.084106408345093,49.42079036470288,0.7746182084083557,0.625,0.0,0.39829199835658075,0.0017080016434192768,0.0051483238240083076,0.005426608670192463,0.4039513577396671,0.003951357739667094,0.0061413824124132025,0.00738525390625,0.009270556104209867,0.010376065038144588,0.006672542248808741,0.01889858454879559,1.0,1.0,0,1,0.625,60,0.19783563837409018,1.0,1.0,0.625,60,-0.20805100972453752,1.0,1.0,0.625,60,0.19990882128477097,1.0,1.0,0.625,60,-0.19078852732976279,1.0,1.0
energy_s0.400_d0.625_v0.400_trot_p0.48.npz,5,0.4,0.625,0.4,0.48,trot,1,1,1,0.0026226131550705464,1,0.2214800509912198,0.4340853586190204,25.253012690220967,49.52131235435875,0.7741851806640625,0.625,0.0,0.3982766453176737,0.0017233546823263168,0.005236578645805521,0.005523175816051665,0.4036845446874698,0.0036845446874697596,0.006404076581729886,0.00751495361328125,0.008657979911990785,0.009742631576955318,0.007034936802981956,0.019499035731591667,1.0,1.0,0,1,0.625,60,0.19779866188764572,1.0,1.0,0.625,60,-0.2082192321618398,1.0,1.0,0.625,60,0.19986635347207388,1.0,1.0,0.625,60,-0.19066904311378796,1.0,1.0
energy_s0.400_d0.625_v0.400_trot_p0.48.npz,6,0.4,0.625,0.4,0.48,trot,1,1,1,0.0013492343960511603,1,0.22169803915960512,0.43421085995977216,25.291996191547327,49.54796805957847,0.7741851806640625,0.625,0.0,0.398279233649373,0.0017207663506270121,0.005238963079949222,0.005525217352745436,0.4036889085546136,0.003688908554613568,0.008262103083634589,0.0094146728515625,0.008638676495798027,0.009696729481220245,0.007024346410655663,0.019362518665474525,1.0,1.0,0,1,0.625,60,0.1978035067518552,1.0,1.0,0.625,60,-0.20822209740678468,1.0,1.0,0.625,60,0.19987936168909073,1.0,1.0,0.625,60,-0.19065350145101548,1.0,1.0
energy_s0.400_d0.625_v0.400_trot_p0.48.npz,7,0.4,0.625,0.4,0.48,trot,1,1,1,0.002646093483052009,1,0.22192740105003594,0.4346097596045366,25.30012338596655,49.54693947566207,0.7740478515625,0.625,0.0,0.39829065365095934,0.0017093463490406857,0.005242400405307613,0.005532351516497634,0.4037191402167082,0.003719140216708161,0.004981323232728346,0.00608062744140625,0.008858852492507955,0.009948601014912128,0.007078327188763329,0.01940775225087141,1.0,1.0,0,1,0.625,60,0.197805189092954,1.0,1.0,0.625,60,-0.2082493821779887,1.0,1.0,0.625,60,0.19985452964901923,1.0,1.0,0.625,60,-0.19067220638195673,1.0,1.0
energy_s0.400_d0.750_v0.400_trot_p0.48.npz,0,0.4,0.75,0.4,0.48,trot,1,1,1,0.003831895011952981,1,0.28242510520479036,0.557464470131994,32.42823343256705,64.10157530293024,0.780242919921875,0.75,0.0,0.3947735448471374,0.00522645515286263,0.006185012507355879,0.006203904344389838,0.4073677755271395,0.007367775527139464,0.015907900193918665,0.018280029296875,0.022922636078345264,0.025249071419239044,0.003808658263142604,0.023794905770981124,1.0,1.0,0,1,0.75,72,0.19637959678139952,1.0,1.0,0.75,72,-0.2067237612273958,1.0,1.0,0.75,72,0.1996863258795606,1.0,1.0,0.75,72,-0.1867574058059189,1.0,1.0
energy_s0.400_d0.750_v0.400_trot_p0.48.npz,1,0.4,0.75,0.4,0.48,trot,1,1,1,0.0015155085131608554,1,0.2805262897961178,0.5574401576706096,32.30080571231748,64.17596069110469,0.78155517578125,0.75,0.0,0.39484507155915105,0.0051549284408489715,0.00621079512768322,0.006217199315627419,0.40727818850427866,0.007278188504278638,0.014946432238363169,0.01739501953125,0.022979751065033326,0.02534998208284378,0.0040127812257378095,0.024291870598732637,1.0,1.0,0,1,0.75,72,0.19642620906233788,1.0,1.0,0.75,72,-0.20689837137858072,1.0,1.0,0.75,72,0.19952804864280754,1.0,1.0,0.75,72,-0.18683751403457588,1.0,1.0
energy_s0.400_d0.750_v0.400_trot_p0.48.npz,2,0.4,0.75,0.4,0.48,trot,1,1,1,0.0013480036600097458,1,0.28034733838440884,0.5572704978626077,32.26958636371936,64.11948905568384,0.7812957763671875,0.75,0.0,0.394832267322474,0.005167732677526016,0.00621727827108569,0.006221302839306496,0.40731264402469,0.0073126440246899516,0.017179308395138034,0.019500732421875,0.022963226852076944,0.02533283829689026,0.004005322657646681,0.024184266797930936,1.0,1.0,0,1,0.75,72,0.1964215888745255,1.0,1.0,0.75,72,-0.20689677861001757,1.0,1.0,0.75,72,0.19953401593698394,1.0,1.0,0.75,72,-0.1868121512234211,1.0,1.0
energy_s0.400_d0.750_v0.400_trot_p0.48.npz,3,0.4,0.75,0.4,0.48,trot,1,1,1,0.0011977636740917131,1,0.279865026843395,0.5562659987933194,32.22092994673681,64.03246203825428,0.781280517578125,0.75,0.0,0.3950190733497342,0.004980926650265838,0.006208688507063524,0.0062211094191297915,0.40734930088122684,0.007349300881226817,0.019566934925192625,0.02227783203125,0.023945174462279242,0.02635733224451542,0.004097894909895817,0.024402660419696767,1.0,1.0,0,1,0.75,72,0.19641554376317394,1.0,1.0,0.75,72,-0.20697096838719314,1.0,1.0,0.75,72,0.19978601195745999,1.0,1.0,0.75,72,-0.18686562259164122,1.0,1.0
energy_s0.400_d0.750_v0.400_trot_p0.48.npz,4,0.4,0.75,0.4,0.48,trot,1,1,1,0.0009688590741375472,1,0.2789485639723297,0.5569647521596037,32.09660783988369,64.09264131801315,0.7810529470443726,0.75,0.0,0.39489711903863484,0.005102880961365186,0.006240722764697344,0.00623935606175413,0.4072783536588152,0.007278353658815184,0.01882216427634225,0.021484375,0.023539987312278975,0.02597995288670063,0.004187906869038823,0.024655765418671583,1.0,1.0,0,1,0.75,72,0.19638083047337002,1.0,1.0,0.75,72,-0.20699303307467037,1.0,1.0,0.75,72,0.1995725789003902,1.0,1.0,0.75,72,-0.18684779562883908,1.0,1.0
energy_s0.400_d0.750_v0.400_trot_p0.48.npz,5,0.4,0.75,0.4,0.48,trot,1,1,1,0.001719248083916821,1,0.2802972655867433,0.556532697270657,32.247688334385195,64.08092759651626,0.781219482421875,0.75,0.0,0.39493222565700614,0.00506777434299388,0.00627420113111536,0.006280442800683282,0.40735510519395274,0.007355105193952716,0.017502224967495775,0.0199432373046875,0.023428619182771115,0.026020856574177742,0.0041020634150554436,0.024391231897056536,1.0,1.0,0,1,0.75,72,0.19637280495630371,1.0,1.0,0.75,72,-0.2070495304134157,1.0,1.0,0.75,72,0.1997053064405918,1.0,1.0,0.75,72,-0.186736809503701,1.0,1.0
energy_s0.400_d0.750_v0.400_trot_p0.48.npz,6,0.4,0.75,0.4,0.48,trot,1,1,1,0.0014762222265479197,1,0.2800750852158078,0.5566624856514824,32.250243580162824,64.08456235832912,0.781494140625,0.75,0.0,0.39483231181899703,0.005167688181002994,0.006213945481512285,0.006217234434249503,0.4073193905254205,0.007319390525420466,0.015123119517398108,0.0174560546875,0.02299049942647481,0.025340823456645012,0.004028815459667029,0.024356784925705463,1.0,1.0,0,1,0.75,72,0.19639145086208978,1.0,1.0,0.75,72,-0.2068847254332569,1.0,1.0,0.75,72,0.1995506692263815,1.0,1.0,0.75,72,-0.18683777811626592,1.0,1.0
energy_s0.400_d0.750_v0.400_trot_p0.48.npz,7,0.4,0.75,0.4,0.48,trot,1,1,1,0.0020899626113421326,1,0.2811811618152775,0.557855237942688,32.328116171320104,64.15837024008566,0.7809600830078125,0.75,0.0,0.3948186152718134,0.005181384728186633,0.006197556739466061,0.006205971445888283,0.4073173909758528,0.007317390975852767,0.016424427426803702,0.018644332885742188,0.022840489665749673,0.025211652740836143,0.003951257790480892,0.024198047299365602,1.0,1.0,0,1,0.75,72,0.19643796587155926,1.0,1.0,0.75,72,-0.2068472517033418,1.0,1.0,0.75,72,0.19952845676905578,1.0,1.0,0.75,72,-0.18682355619966984,1.0,1.0
energy_s0.500_d0.500_v0.400_trot_p0.48.npz,0,0.4,0.5,0.5,0.48,trot,1,1,1,0.01663572203466966,1,0.2676009929436217,0.49110852666744487,29.795933382683195,54.89563125134365,0.756744384765625,0.5,0.0,0.4943998114516338,0.005600188548366192,0.005281633076568444,0.005598544337165852,0.39482173913468915,0.005178260865310869,0.007658981808811324,0.009613037109375,0.012629748913923093,0.016227934509515762,0.0088137028775732,0.04228926860621347,1.0,1.0,0,1,0.5,48,0.2431772711376349,1.0,1.0,0.5,48,-0.25496307760477066,1.0,1.0,0.5,48,0.2469384033853809,1.0,1.0,0.5,48,-0.24372087077548107,1.0,1.0
energy_s0.500_d0.500_v0.400_trot_p0.48.npz,1,0.4,0.5,0.5,0.48,trot,1,1,0,0.028786872995601124,0,0.26669387782763315,0.49339012041971614,29.645763571327166,54.926403419721304,0.75787353515625,0.5,0.0,0.49414767480144894,0.005852325198551056,0.0050832233391702175,0.005472697201184928,0.3950394115721186,0.0049605884278814405,0.011415826754554947,0.01287841796875,0.010513257019913408,0.014392339624464512,0.009328003475117945,0.04318608064320064,1.0,1.0,0,1,0.5,48,0.24385396918902794,1.0,1.0,0.5,48,-0.25431412147978943,1.0,1.0,0.5,48,0.24674473671863476,1.0,1.0,0.5,48,-0.24338252221544585,1.0,1.0
energy_s0.500_d0.500_v0.400_trot_p0.48.npz,2,0.4,0.5,0.5,0.48,trot,1,1,0,0.027101862286591148,0,0.263386906890571,0.4879824286041812,29.36444459727892,54.514499543969166,0.7569427490234375,0.5,0.0,0.4943056027404964,0.005694397259503603,0.00514484716889759,0.0055178522209947305,0.39437697051713866,0.005623029482861364,0.008481679058541653,0.0102996826171875,0.010958557657743836,0.01499360240995884,0.009121601106332667,0.042955413507924776,1.0,1.0,0,1,0.5,48,0.2437270162627101,1.0,1.0,0.5,48,-0.2545952970782916,1.0,1.0,0.5,48,0.24671087258805832,1.0,1.0,0.5,48,-0.2435780195519328,1.0,1.0
energy_s0.500_d0.500_v0.400_trot_p0.48.npz,3,0.4,0.5,0.5,0.48,trot,1,1,0,0.02539648407940963,0,0.2659897391212958,0.48522527616569844,29.682895367732574,54.41420311500055,0.7581863403320312,0.5,0.0,0.49427017585063976,0.005729824149360241,0.005046885383004944,0.005474365393941601,0.3953867501889666,0.0046132498110334486,0.0077784831151649445,0.008941650390625,0.011044423053238769,0.014688250608742237,0.008846416969594392,0.04162916821667551,1.0,1.0,0,1,0.5,48,0.24377696309238672,1.0,1.0,0.5,48,-0.2543639466166496,1.0,1.0,0.5,48,0.24687163066118956,1.0,1.0,0.5,48,-0.24352781133105358,1.0,1.0
energy_s0.500_d0.500_v0.400_trot_p0.48.npz,4,0.4,0.5,0.5,0.48,trot,1,1,1,0.00696013636058999,1,0.26638766333434105,0.48896234014132967,29.775017929793936,54.57072243479569,0.7585342526435852,0.5,0.0,0.49454325111582875,0.0054567488841712475,0.005119348022465905,0.005518248110699157,0.39555505973597366,0.004444940264026365,0.006978516442371531,0.0088958740234375,0.01236985032117348,0.015867065638303757,0.007942518525512556,0.040859629258169584,1.0,1.0,0,1,0.5,48,0.24347051543494067,1.0,1.0,0.5,48,-0.2547819471607606,1.0,1.0,0.5,48,0.2469003793473045,1.0,1.0,0.5,48,-0.2439336602886518,1.0,1.0
energy_s0.500_d0.500_v0.400_trot_p0.48.npz,5,0.4,0.5,0.5,0.48,trot,1,1,1,0.009958926109026506,1,0.26391071901560614,0.4882484609210499,29.538218237589604,54.44811289255233,0.7558441162109375,0.5,0.0,0.4943497146790226,0.0056502853209773884,0.005252195366968712,0.005584910589580734,0.3940498335286975,0.0059501664713025315,0.00882644314792931,0.0111541748046875,0.012468783074335833,0.01561693474650383,0.008464178559092003,0.040312267863651656,1.0,1.0,0,1,0.5,48,0.24333674367517233,1.0,1.0,0.5,48,-0.25485410541296005,1.0,1.0,0.5,48,0.24670443745950857,1.0,1.0,0.5,48,-0.2438041428104043,1.0,1.0
energy_s0.500_d0.500_v0.400_trot_p0.48.npz,6,0.4,0.5,0.5,0.48,trot,1,1,0,0.026455076611220076,0,0.26659401560328044,0.4854182352345375,29.891500324579372,54.9929350928016,0.7578582763671875,0.5,0.0,0.4943450288847089,0.005654971115291119,0.005090426187962294,0.005524031623887519,0.39520923731227714,0.004790762687722883,0.008405966884216378,0.0098724365234375,0.01246055836635362,0.016176482662558556,0.00859227325178846,0.043450737315444916,1.0,1.0,0,1,0.5,48,0.24331310546646515,1.0,1.0,0.5,48,-0.25452588126063347,1.0,1.0,0.5,48,0.24699190507332483,1.0,1.0,0.5,48,-0.2438591659689943,1.0,1.0
energy_s0.500_d0.500_v0.400_trot_p0.48.npz,7,0.4,0.5,0.5,0.48,trot,1,1,0,0.030725707523720613,0,0.2641713597746601,0.4884196213071144,29.648736450025464,55.17868391456101,0.7587738037109375,0.5,0.0,0.49444598968451225,0.005554010315487745,0.004761473508551717,0.005331104970537126,0.39579680499931175,0.004203195000688276,0.006698533023821646,0.008214950561523438,0.010770605753149275,0.01570236310362816,0.008856955863737156,0.045117771256044686,1.0,1.0,0,1,0.5,48,0.24439163350810608,1.0,1.0,0.5,48,-0.25396893670161563,1.0,1.0,0.5,48,0.24686351977288723,1.0,1.0,0.5,48,-0.24366788938641548,1.0,1.0
energy_s0.500_d0.625_v0.400_trot_p0.48.npz,0,0.4,0.625,0.5,0.48,trot,1,1,1,0.0023001966544290322,1,0.2472106948928514,0.4632162479087827,28.101918698585212,52.696417984938556,0.771697998046875,0.625,0.0,0.49241967499256134,0.00758032500743866,0.006109504401683808,0.00652273833596458,0.40294936889161664,0.0029493688916166216,0.011612729627515127,0.01361083984375,0.015276482683385202,0.017083853483200073,0.00682119058136921,0.02366485644847304,1.0,1.0,0,1,0.625,60,0.2438425327340762,1.0,1.0,0.625,60,-0.25463868379592897,1.0,1.0,0.625,60,0.24700061331192652,1.0,1.0,0.625,60,-0.23935752014319103,1.0,1.0
energy_s0.500_d0.625_v0.400_trot_p0.48.npz,1,0.4,0.625,0.5,0.48,trot,1,1,1,0.0027716743380164365,1,0.2452930016246171,0.46063267022541476,27.92630854776339,52.47814876012065,0.773406982421875,0.625,0.0,0.4926113234212001,0.00738867657879988,0.006119341589510441,0.006559556699357927,0.4030706034973264,0.003070603497326352,0.00962054587582767,0.0108795166015625,0.014900324879552068,0.016363276168704033,0.007240043488173903,0.023888858468546617,1.0,1.0,0,1,0.625,60,0.24386264458298684,1.0,1.0,0.625,60,-0.254850006600221,1.0,1.0,0.625,60,0.24709250008066494,1.0,1.0,0.625,60,-0.23941749557852746,1.0,1.0
energy_s0.500_d0.625_v0.400_trot_p0.48.npz,2,0.4,0.625,0.5,0.48,trot,1,1,1,0.0008550140627754388,1,0.2454524976282954,0.46086294731595556,27.95799415428511,52.4913221766369,0.7730712890625,0.625,0.0,0.49261891320347784,0.007381086796522163,0.006126949066917102,0.006565266405232251,0.40309415695567924,0.003094156955679217,0.00551605224609375,0.0066375732421875,0.015144313086897697,0.016681987792253494,0.00722142468024492,0.02422331455827842,1.0,1.0,0,1,0.625,60,0.24384295692046484,1.0,1.0,0.625,60,-0.25487281133731204,1.0,1.0,0.625,60,0.24713230257232985,1.0,1.0,0.625,60,-0.239389755576849,1.0,1.0
energy_s0.500_d0.625_v0.400_trot_p0.48.npz,3,0.4,0.625,0.5,0.48,trot,1,1,1,0.004343361787946507,1,0.24582936578720269,0.4608081932988427,28.057764896228242,52.55904920179351,0.7734375,0.625,0.0,0.49263647720217707,0.00736352279782293,0.006061540419856707,0.006501690135337412,0.4032263684396942,0.003226368439694205,0.0025460515741990105,0.003692626953125,0.015803090345587297,0.017419777810573578,0.00677478774872947,0.023897768880041397,1.0,1.0,0,1,0.625,60,0.2439299794534842,1.0,1.0,0.625,60,-0.2547595580418905,1.0,1.0,0.625,60,0.24704867030183475,1.0,1.0,0.625,60,-0.23953474660714466,1.0,1.0
energy_s0.500_d0.625_v0.400_trot_p0.48.npz,4,0.4,0.625,0.5,0.48,trot,1,1,1,0.0002484815183816212,1,0.24481659212368542,0.4601324982940677,27.878133101032997,52.396696679385315,0.7728767991065979,0.625,0.0,0.49269048447410263,0.00730951552589737,0.006078274423877398,0.006528596781815092,0.40298549582560855,0.0029854958256085307,0.0036716492557925073,0.00469970703125,0.015833056732494556,0.017383737489581108,0.006910658361464182,0.023846289385754747,1.0,1.0,0,1,0.625,60,0.2439515953262647,1.0,1.0,0.625,60,-0.25484703332185743,1.0,1.0,0.625,60,0.24706220229466755,1.0,1.0,0.625,60,-0.2395201380054156,1.0,1.0
energy_s0.500_d0.625_v0.400_trot_p0.48.npz,5,0.4,0.625,0.5,0.48,trot,1,1,1,0.01469000503148219,1,0.24684329021597462,0.462427004850097,28.16444790866376,52.71937638126697,0.77313232421875,0.625,0.0,0.49258039308091006,0.007419606919089938,0.006080022888878981,0.006521531225492557,0.4031554240112503,0.0031554240112502963,0.005594898715155839,0.0067596435546875,0.015500013576976026,0.01721632294356823,0.006992730010601356,0.023751835010103868,1.0,1.0,0,1,0.625,60,0.2439732012649377,1.0,1.0,0.625,60,-0.254740438858668,1.0,1.0,0.625,60,0.24699326381087303,1.0,1.0,0.625,60,-0.23945388222734135,1.0,1.0
energy_s0.500_d0.625_v0.400_trot_p0.48.npz,6,0.4,0.625,0.5,0.48,trot,1,1,1,0.00993447594305784,1,0.24541674826531695,0.4600234421720335,28.025831848641523,52.51818557846812,0.773773193359375,0.625,0.0,0.4925956670194864,0.007404332980513573,0.006121925326685111,0.006562324473634362,0.40315415896475315,0.0031541589647531287,0.007456993186644179,0.00860595703125,0.01522594304735545,0.016867170110344887,0.00704553764844549,0.024628884750066908,1.0,1.0,0,1,0.625,60,0.24383445133765538,1.0,1.0,0.625,60,-0.2548395176728567,1.0,1.0,0.625,60,0.247113182892402,1.0,1.0,0.625,60,-0.2394041821360588,1.0,1.0
energy_s0.500_d0.625_v0.400_trot_p0.48.npz,7,0.4,0.625,0.5,0.48,trot,1,1,1,0.001717083509210689,1,0.24551848060568293,0.4607431714398372,27.966339749668915,52.493099556774816,0.773284912109375,0.625,0.0,0.49261719832817713,0.0073828016718228695,0.006123786171277364,0.006559411141400536,0.4030749900266528,0.0030749900266527908,0.003829458035593466,0.005035400390625,0.015263677835104234,0.016921889036893845,0.007244801879119882,0.023848438749388502,1.0,1.0,0,1,0.625,60,0.24386809170246124,1.0,1.0,0.625,60,-0.2548647706707319,1.0,1.0,0.625,60,0.24708951711654664,1.0,1.0,0.625,60,-0.23941201716661453,1.0,1.0
energy_s0.500_d0.750_v0.400_trot_p0.48.npz,0,0.4,0.75,0.5,0.48,trot,1,1,1,0.0024658074876695722,1,0.29497063733294715,0.571376504048861,33.69028109695556,65.2348443813697,0.77496337890625,0.75,0.0,0.48716040462669397,0.012839595373306034,0.008458737439165512,0.008477011191037795,0.4038041053960721,0.003804105396072066,0.011642176906827218,0.015350341796875,0.04369551820411442,0.04556158557534218,0.007598680981016918,0.03273571051408212,1.0,1.0,0,1,0.75,72,0.24017392409344515,1.0,1.0,0.75,72,-0.25407787950502503,1.0,1.0,0.75,72,0.2471384952465693,1.0,1.0,0.75,72,-0.2329305104083485,1.0,1.0
energy_s0.500_d0.750_v0.400_trot_p0.48.npz,1,0.4,0.75,0.5,0.48,trot,1,1,1,0.0014313752110645512,1,0.2981874663891034,0.5755471757384614,33.985225534241046,65.56474088279649,0.7722625732421875,0.75,0.0,0.48720350778765154,0.012796492212348465,0.008541166989339724,0.00855216356770446,0.40297696460038424,0.002976964600384213,0.009547823000950332,0.0135650634765625,0.04535275254564369,0.047527916729450226,0.0077924375145981065,0.0326005935088286,1.0,1.0,0,1,0.75,72,0.2399979511068927,1.0,1.0,0.75,72,-0.25428584176633096,1.0,1.0,0.75,72,0.24739699914223617,1.0,1.0,0.75,72,-0.23272622355984318,1.0,1.0
energy_s0.500_d0.750_v0.400_trot_p0.48.npz,2,0.4,0.75,0.5,0.48,trot,1,1,1,0.0026648559066855004,1,0.29824751692645857,0.5750690318875271,33.99876906266165,65.51488173312879,0.7732391357421875,0.75,0.0,0.48718248545709586,0.01281751454290414,0.008565215859562159,0.008577653905376792,0.40316843210409087,0.003168432104090846,0.011666970693680426,0.0157928466796875,0.04555132967838847,0.04732343554496765,0.00787140958140103,0.03236017480965884,1.0,1.0,0,1,0.75,72,0.23999343543416923,1.0,1.0,0.75,72,-0.2543129171762202,1.0,1.0,0.75,72,0.24736917350027296,1.0,1.0,0.75,72,-0.23268944480352932,1.0,1.0
energy_s0.500_d0.750_v0.400_trot_p0.48.npz,3,0.4,0.75,0.5,0.48,trot,1,1,1,0.0010954715175155436,1,0.29813683247091627,0.5752830922994848,33.959658754001126,65.52813910154872,0.7728958129882812,0.75,0.0,0.48715564981102943,0.012844350188970566,0.008558522702919113,0.008566771439897517,0.4030683748424053,0.003068374842405297,0.012525542255187996,0.0167236328125,0.045740772996217316,0.04757266864180565,0.007859106135785325,0.032419080628934845,1.0,1.0,0,1,0.75,72,0.23997164020935693,1.0,1.0,0.75,72,-0.2542726952168677,1.0,1.0,0.75,72,0.24735894571575853,1.0,1.0,0.75,72,-0.23270801848007572,1.0,1.0
energy_s0.500_d0.750_v0.400_trot_p0.48.npz,4,0.4,0.75,0.5,0.48,trot,1,1,1,0.006902347043099257,1,0.2990562475245021,0.5762889430724516,34.05353408620894,65.63645727915397,0.7729517221450806,0.75,0.0,0.48713908892952734,0.012860911070472658,0.008594047226425674,0.008603237918578088,0.4030230212956667,0.0030230212956666724,0.012089393847086039,0.0158843994140625,0.04552800487292204,0.047363921999931335,0.007827387428145784,0.03243641029633248,1.0,1.0,0,1,0.75,72,0.23994465772476462,1.0,1.0,0.75,72,-0.2543271833823787,1.0,1.0,0.75,72,0.24737516707844204,1.0,1.0,0.75,72,-0.23263116967346933,1.0,1.0
energy_s0.500_d0.750_v0.400_trot_p0.48.npz,5,0.4,0.75,0.5,0.48,trot,1,1,1,0.008329728650256697,1,0.2977143617237321,0.5740392388732184,33.93530359649697,65.32926721602071,0.7733001708984375,0.75,0.0,0.48726034267909,0.01273965732090998,0.008442764377428425,0.008461495240529379,0.4031968874235948,0.003196887423594752,0.012082088384738971,0.01586151123046875,0.04387933520788206,0.04577593505382538,0.007464894359742205,0.03243810265211952,1.0,1.0,0,1,0.75,72,0.24018968641757965,1.0,1.0,0.75,72,-0.25414587143394685,1.0,1.0,0.75,72,0.2473357893112633,1.0,1.0,0.75,72,-0.23284933819539017,1.0,1.0
energy_s0.500_d0.750_v0.400_trot_p0.48.npz,6,0.4,0.75,0.5,0.48,trot,1,1,1,0.0009705933353147584,1,0.2984487980022164,0.5754715578262568,33.975336813687186,65.51351190469477,0.772705078125,0.75,0.0,0.4871806682397922,0.012819331760207775,0.008548149321642187,0.008557877697361013,0.4030236126855016,0.0030236126855015533,0.009452001840557039,0.013427734375,0.045395823212106494,0.04738546162843704,0.007788726573625487,0.032460737539103876,1.0,1.0,0,1,0.75,72,0.23999368668430382,1.0,1.0,0.75,72,-0.25427696688307655,1.0,1.0,0.75,72,0.24737587177919018,1.0,1.0,0.75,72,-0.23271481113301384,1.0,1.0
energy_s0.500_d0.750_v0.400_trot_p0.48.npz,7,0.4,0.75,0.5,0.48,trot,1,1,1,0.004545398699509106,1,0.29799003149967757,0.5730521157109436,33.93456786002342,65.30688055910275,0.773651123046875,0.75,0.0,0.4872439940356546,0.012756005964345396,0.008542216382920742,0.008555180315549174,0.40329763821015757,0.0032976382101575497,0.011474718271521977,0.015588760375976562,0.045453289681246824,0.0470789410173893,0.007844972120583979,0.03271931554844615,1.0,1.0,0,1,0.75,72,0.24002541684442097,1.0,1.0,0.75,72,-0.2543284268014961,1.0,1.0,0.75,72,0.24741739365789625,1.0,1.0,0.75,72,-0.2327167507674959,1.0,1.0
energy_s0.100_d0.750_v0.250_walk_p0.48.npz,0,0.25,0.75,0.1,0.48,walk,1,1,1,0.007028957940314829,1,0.34817799811804867,0.7000520695714891,25.514755773310576,51.30931453829842,0.497406005859375,0.75,0.0,0.09562372426605886,0.004376275733941143,0.005082627137502035,0.005445780255831779,0.25999229587614536,0.009992295876145363,0.020790704840867733,0.0247802734375,0.03802448300504896,0.0394950732588768,0.011443569014108538,0.02927914148459554,1.0,1.0,0,1,0.75,72,0.04806017492794328,1.0,1.0,0.75,72,-0.053350184526708394,1.0,1.0,0.75,72,0.04472238078920378,1.0,1.0,0.75,72,-0.045114708288262285,1.0,1.0
energy_s0.100_d0.750_v0.250_walk_p0.48.npz,1,0.25,0.75,0.1,0.48,walk,1,1,1,0.007748115883490532,1,0.34635022386724856,0.6966525536023294,25.4139004408254,51.129356732511816,0.4991607666015625,0.75,0.0,0.09557151362403399,0.004428486375966018,0.005058805507400799,0.00542908416246064,0.2608213933805625,0.010821393380562483,0.021097733732110633,0.0248565673828125,0.03786031313844791,0.03958934172987938,0.011361998079643913,0.02930392482663466,1.0,1.0,0,1,0.75,72,0.04800260035941998,1.0,1.0,0.75,72,-0.05328731409584483,1.0,1.0,0.75,72,0.04465688899573353,1.0,1.0,0.75,72,-0.045196223797069654,1.0,1.0
energy_s0.100_d0.750_v0.250_walk_p0.48.npz,2,0.25,0.75,0.1,0.48,walk,1,1,1,0.0055048635105443885,1,0.34526560709765,0.6936862229119242,25.426262189180136,51.06608711849462,0.4997406005859375,0.75,0.0,0.09554024177810383,0.004459758221896176,0.005055170493303902,0.005423820668753858,0.26091364740083617,0.010913647400836168,0.020653267321185012,0.0244293212890625,0.03791917782775695,0.03934773802757263,0.011344789812091732,0.02932803292677741,1.0,1.0,0,1,0.75,72,0.04792667723571261,1.0,1.0,0.75,72,-0.05322532278175155,1.0,1.0,0.75,72,0.04460033567415343,1.0,1.0,0.75,72,-0.045328147864590086,1.0,1.0
energy_s0.100_d0.750_v0.250_walk_p0.48.npz,3,0.25,0.75,0.1,0.48,walk,1,1,1,0.005740591013801421,1,0.3451133751815696,0.6945937191453071,25.407659320679326,51.10854809835162,0.49999237060546875,0.75,0.0,0.09560763023586738,0.004392369764132625,0.005035707602898281,0.005406347353709862,0.2606164204577605,0.010616420457760511,0.02033284599996853,0.0242767333984375,0.037931085988994306,0.03955640271306038,0.011367083068527652,0.029449523643765917,1.0,1.0,0,1,0.75,72,0.048024734068248004,1.0,1.0,0.75,72,-0.053185711356086865,1.0,1.0,0.75,72,0.04465373962496718,1.0,1.0,0.75,72,-0.04535107542243269,1.0,1.0
energy_s0.100_d0.750_v0.250_walk_p0.48.npz,4,0.25,0.75,0.1,0.48,walk,1,1,1,0.0012638158105955492,1,0.34864179748216984,0.6995549587732819,25.613002210097463,51.379115753999855,0.49846407771110535,0.75,0.0,0.09566689944929546,0.004333100550704544,0.005060528922412131,0.0054201939337266,0.25992095066855353,0.00992095066855353,0.02191828688979659,0.0260162353515625,0.03860183570531403,0.04004782438278198,0.011502401197123788,0.02988101169884574,1.0,1.0,0,1,0.75,72,0.04806942001192106,1.0,1.0,0.75,72,-0.05328579961011807,1.0,1.0,0.75,72,0.04481888903925816,1.0,1.0,0.75,72,-0.04515969023729364,1.0,1.0
energy_s0.100_d0.750_v0.250_walk_p0.48.npz,5,0.25,0.75,0.1,0.48,walk,1,1,1,0.005179496240242428,1,0.3458756695297751,0.6938465069940407,25.47512776592317,51.12735143620826,0.499755859375,0.75,0.0,0.0956097005918208,0.004390299408179199,0.005055740209192866,0.0054317282124732936,0.2605949624752005,0.010594962475200476,0.021077882144555166,0.024932861328125,0.03779771495110557,0.039208631962537766,0.01137944550200627,0.029415441669898592,1.0,1.0,0,1,0.75,72,0.04801993092728986,1.0,1.0,0.75,72,-0.053294716868549585,1.0,1.0,0.75,72,0.0446913928931786,1.0,1.0,0.75,72,-0.04521336049462358,1.0,1.0
energy_s0.100_d0.750_v0.250_walk_p0.48.npz,6,0.25,0.75,0.1,0.48,walk,1,1,1,0.006789394126433311,1,0.34497823140881845,0.6950474250368144,25.4362622110766,51.1922872586852,0.5001068115234375,0.75,0.0,0.09553502769105963,0.004464972308940371,0.005062281702541644,0.005433793488191441,0.26065712949881953,0.010657129498819529,0.02008897765603977,0.02353668212890625,0.037965896937280634,0.03944091126322746,0.011317349623382473,0.029695622781358746,1.0,1.0,0,1,0.75,72,0.047981539792898625,1.0,1.0,0.75,72,-0.05323214549571276,1.0,1.0,0.75,72,0.044635564709703125,1.0,1.0,0.75,72,-0.04522080538380477,1.0,1.0
energy_s0.100_d0.750_v0.250_walk_p0.48.npz,7,0.25,0.75,0.1,0.48,walk,1,1,1,0.006298392377527867,1,0.34457758309255393,0.693197567599706,25.426552122056417,51.10499324662621,0.500091552734375,0.75,0.0,0.0955264932838165,0.0044735067161835035,0.005061055132601825,0.005427894331902887,0.26081271562725306,0.010812715627253056,0.01974931658212831,0.023670196533203125,0.03800793305281033,0.03965669125318527,0.011368912022370642,0.029578546722805465,1.0,1.0,0,1,0.75,72,0.048000629577371806,1.0,1.0,0.75,72,-0.0532480609189305,1.0,1.0,0.75,72,0.04460154251298971,1.0,1.0,0.75,72,-0.045202753558341,1.0,1.0
energy_s0.200_d0.750_v0.250_walk_p0.48.npz,0,0.25,0.75,0.2,0.48,walk,1,1,1,0.004820618248840465,1,0.34486501178244156,0.6723477521432117,25.085440394587014,48.958553966224635,0.493682861328125,0.75,0.0,0.18450823803949687,0.015491761960503142,0.008029745513987215,0.007899651191352561,0.2574593846996625,0.007459384699662508,0.0009752751846069662,0.002197265625,0.015397228474294675,0.017580877989530563,0.014094374265698947,0.022985888271415792,1.0,1.0,0,1,0.75,72,0.09345938772377041,1.0,1.0,0.75,72,-0.09709027699298328,1.0,1.0,0.75,72,0.09115162729803059,1.0,1.0,0.75,72,-0.08731518406420946,1.0,1.0
energy_s0.200_d0.750_v0.250_walk_p0.48.npz,1,0.25,0.75,0.2,0.48,walk,1,1,1,0.0026016675654877528,1,0.34646058818822845,0.6790396887516694,25.257066197999958,49.51844382347488,0.4948272705078125,0.75,0.0,0.18455179216754106,0.015448207832458954,0.008026778475484919,0.00789512203385433,0.25806220807135105,0.008062208071351051,0.0022996482007902283,0.004180908203125,0.015798277428835467,0.01783723384141922,0.01405887789290926,0.022688158401027256,1.0,1.0,0,1,0.75,72,0.09356598369777203,1.0,1.0,0.75,72,-0.0971884321835306,1.0,1.0,0.75,72,0.09103197697550058,1.0,1.0,0.75,72,-0.0873171914782789,1.0,1.0
energy_s0.200_d0.750_v0.250_walk_p0.48.npz,2,0.25,0.75,0.2,0.48,walk,1,1,1,0.0017548783021333083,1,0.34814654502924247,0.681635136160035,25.378199038181815,49.663506777182015,0.49468994140625,0.75,0.0,0.18448037198848197,0.015519628011518044,0.00805011273672184,0.0079188644924822,0.25807914851854247,0.008079148518542467,0.002901701909054155,0.0047149658203125,0.016170179806011258,0.018177464604377747,0.014044287999810732,0.02271765198219254,1.0,1.0,0,1,0.75,72,0.09351447214268976,1.0,1.0,0.75,72,-0.09709374606609344,1.0,1.0,0.75,72,0.09099281175682943,1.0,1.0,0.75,72,-0.08735971401135127,1.0,1.0
energy_s0.200_d0.750_v0.250_walk_p0.48.npz,3,0.25,0.75,0.2,0.48,walk,1,1,1,0.005174208543893905,1,0.34785568958615803,0.6785509616630392,25.259488918331556,49.27582502247866,0.49291229248046875,0.75,0.0,0.18485595648073488,0.015144043519265127,0.007887762867742119,0.0077752456845094796,0.2570823652980228,0.007082365298022808,0.0038558844100844503,0.0059356689453125,0.015283537226245134,0.017315100878477097,0.014033864322923908,0.023122366938392976,1.0,1.0,0,1,0.75,72,0.09366941172629595,1.0,1.0,0.75,72,-0.09729205030534002,1.0,1.0,0.75,72,0.09134534663624233,1.0,1.0,0.75,72,-0.08740510429359144,1.0,1.0
energy_s0.200_d0.750_v0.250_walk_p0.48.npz,4,0.25,0.75,0.2,0.48,walk,1,1,1,0.00435602504762299,1,0.34716840546226396,0.6769840042106148,25.190839039507058,49.13846576687647,0.4923720955848694,0.75,0.0,0.1847278899513185,0.015272110048681509,0.007950115198683412,0.007830103281109287,0.25679963966831565,0.006799639668315649,0.004032733756090805,0.0062713623046875,0.015119439808076644,0.017048796638846397,0.014061358065739797,0.02304786760654873,1.0,1.0,0,1,0.75,72,0.093570443491141,1.0,1.0,0.75,72,-0.09729404002428055,1.0,1.0,0.75,72,0.09145309589803219,1.0,1.0,0.75,72,-0.08713820048918326,1.0,1.0
energy_s0.200_d0.750_v0.250_walk_p0.48.npz,5,0.25,0.75,0.2,0.48,walk,1,1,1,0.004064531087348546,1,0.34646971030723084,0.6750668424478312,25.160287243436667,48.98132849732296,0.4933624267578125,0.75,0.0,0.18491292755222982,0.015087072447770189,0.007839466527932226,0.007734099732867136,0.2573202783241868,0.007320278324186802,0.004452690847011861,0.00665283203125,0.015534310793852566,0.017762862145900726,0.014027384422773449,0.023411054088685712,1.0,1.0,0,1,0.75,72,0.09371176341341601,1.0,1.0,0.75,72,-0.0971626973607474,1.0,1.0,0.75,72,0.09122379569129811,1.0,1.0,0.75,72,-0.08772759863899814,1.0,1.0
energy_s0.200_d0.750_v0.250_walk_p0.48.npz,6,0.25,0.75,0.2,0.48,walk,1,1,1,0.0009568171088194076,1,0.3480043688831397,0.6799516610106567,25.321034370798937,49.4898216610571,0.4938812255859375,0.75,0.0,0.18446839833632112,0.015531601663678896,0.008052055398002272,0.007919810192349061,0.2579585698743661,0.007958569874366106,0.001080439066454734,0.00264739990234375,0.016253004406067806,0.018273111432790756,0.014043765256456644,0.022935025776481575,1.0,1.0,0,1,0.75,72,0.09349584672600031,1.0,1.0,0.75,72,-0.09707040319012271,1.0,1.0,0.75,72,0.09099029635803567,1.0,1.0,0.75,72,-0.08738025039848354,1.0,1.0
energy_s0.200_d0.750_v0.250_walk_p0.48.npz,7,0.25,0.75,0.2,0.48,walk,1,1,1,0.002624603254629856,1,0.34664231459652023,0.6791457860849055,25.206123310979176,49.387991141219274,0.4940643310546875,0.75,0.0,0.18447178602218628,0.015528213977813732,0.00805464170666205,0.00792527404846624,0.257964049000293,0.007964049000293016,0.0020267525373771503,0.0037136077880859375,0.016012844511589925,0.018081020563840866,0.014052104682499343,0.023124939673932254,1.0,1.0,0,1,0.75,72,0.09349022878126965,1.0,1.0,0.75,72,-0.09710209195812543,1.0,1.0,0.75,72,0.09102756157517433,1.0,1.0,0.75,72,-0.08732368972980314,1.0,1.0
energy_s0.300_d0.750_v0.250_walk_p0.48.npz,0,0.25,0.75,0.3,0.48,walk,1,1,1,0.0037424481258508716,1,0.39335347490960115,0.7616389467942244,28.812232218501883,55.67082637903981,0.496337890625,0.75,0.0,0.28897022000617445,0.01102977999382554,0.0063129960041907055,0.006468994659371671,0.25831961709385115,0.00831961709385115,0.004050142731121134,0.00616455078125,0.005175123687088856,0.0070513407699763775,0.012754658348468851,0.01815617337218903,1.0,1.0,0,1,0.75,72,0.14618522135747802,1.0,1.0,0.75,72,-0.14979209957851303,1.0,1.0,0.75,72,0.14505435774723688,1.0,1.0,0.75,72,-0.13690876132912105,1.0,1.0
energy_s0.300_d0.750_v0.250_walk_p0.48.npz,1,0.25,0.75,0.3,0.48,walk,1,1,1,0.0048263929642125706,1,0.3920906939716863,0.7602154789190053,28.672381327733586,55.54896148753364,0.4958343505859375,0.75,0.0,0.28899275035493904,0.011007249645060946,0.006333611160516735,0.006472788432923452,0.2583418005766968,0.008341800576696812,0.004886183717343961,0.0077362060546875,0.004000332553503369,0.005874197464436293,0.012816591420628373,0.017933612306793398,1.0,1.0,0,1,0.75,72,0.14598325246738064,1.0,1.0,0.75,72,-0.14983363635838032,1.0,1.0,0.75,72,0.14523810541464222,1.0,1.0,0.75,72,-0.1369305064694749,1.0,1.0
energy_s0.300_d0.750_v0.250_walk_p0.48.npz,2,0.25,0.75,0.3,0.48,walk,1,1,1,0.004401387427518911,1,0.39467362197746403,0.7645842292202382,28.818374570654523,55.804590907629,0.495391845703125,0.75,0.0,0.2889356169228752,0.011064383077124762,0.0063385179162853255,0.006482827935057378,0.2582055322515468,0.008205532251546799,0.0054445508663593,0.0082855224609375,0.004723987957688732,0.006442870944738388,0.012801709048977265,0.01774781668305666,1.0,1.0,0,1,0.75,72,0.14607403944763872,1.0,1.0,0.75,72,-0.14977830855382812,1.0,1.0,0.75,72,0.14515123205880323,1.0,1.0,0.75,72,-0.13686765378548038,1.0,1.0
energy_s0.300_d0.750_v0.250_walk_p0.48.npz,3,0.25,0.75,0.3,0.48,walk,1,1,1,0.0043437892817282785,1,0.39557728658804436,0.7667626689550482,28.82331598690094,55.821361649869004,0.4945831298828125,0.75,0.0,0.28889543128510314,0.011104568714896845,0.006335593263308204,0.006480476236902174,0.2578399082024892,0.007839908202489199,0.00666479233545926,0.0091705322265625,0.0051687072028670416,0.0069938949309289455,0.012717964921673111,0.017427967212664007,1.0,1.0,0,1,0.75,72,0.14617474832468563,1.0,1.0,0.75,72,-0.14969377923342916,1.0,1.0,0.75,72,0.14509770977828237,1.0,1.0,0.75,72,-0.13682462523380914,1.0,1.0
energy_s0.300_d0.750_v0.250_walk_p0.48.npz,4,0.25,0.75,0.3,0.48,walk,1,1,1,0.0003690881433173457,1,0.39813107334578246,0.7700738313921356,28.997341148284676,56.10375906958811,0.49437984824180603,0.75,0.0,0.28862347133043736,0.011376528669562624,0.006485504563897845,0.006619263269628084,0.2577985371463001,0.0077985371463000774,0.0058623238600345835,0.00799560546875,0.00480382161474612,0.006480442360043526,0.012755439460995034,0.01650549619667993,1.0,1.0,0,1,0.75,72,0.14592387858364317,1.0,1.0,0.75,72,-0.14970335529910195,1.0,1.0,0.75,72,0.14528390682405895,1.0,1.0,0.75,72,-0.13633580195407072,1.0,1.0
energy_s0.300_d0.750_v0.250_walk_p0.48.npz,5,0.25,0.75,0.3,0.48,walk,1,1,1,0.0022844344644663357,1,0.3969130385633335,0.7679315809607352,28.92367369511038,55.96804305281455,0.49465179443359375,0.75,0.0,0.2888412493177586,0.01115875068224137,0.0063729929944707255,0.00651333283167332,0.25770756307368475,0.007707563073684753,0.006535289730667691,0.00908660888671875,0.005070307293527711,0.006739174947142601,0.012741228768605442,0.01710151995202761,1.0,1.0,0,1,0.75,72,0.14607508418460688,1.0,1.0,0.75,72,-0.1497171746773852,1.0,1.0,0.75,72,0.14519032877352503,1.0,1.0,0.75,72,-0.13669991100000012,1.0,1.0
energy_s0.300_d0.750_v0.250_walk_p0.48.npz,6,0.25,0.75,0.3,0.48,walk,1,1,1,0.0036186211979867063,1,0.39386036239087324,0.762996127592191,28.767645051447854,55.695413196268724,0.4951171875,0.75,0.0,0.2889437943490015,0.011056205650998463,0.0063536549297471805,0.00649155615828931,0.2582625197246671,0.008262519724667072,0.004180023248786314,0.00670623779296875,0.0046427721390200575,0.006297040730714798,0.012777836976584394,0.01800376717347907,1.0,1.0,0,1,0.75,72,0.14602189738717344,1.0,1.0,0.75,72,-0.14982020399636692,1.0,1.0,0.75,72,0.14517951239314345,1.0,1.0,0.75,72,-0.13686597492131922,1.0,1.0
energy_s0.300_d0.750_v0.250_walk_p0.48.npz,7,0.25,0.75,0.3,0.48,walk,1,1,1,0.003031551647715092,1,0.39323857881075513,0.7615011534650209,28.728736295441976,55.64594301658176,0.4958648681640625,0.75,0.0,0.28897208047823775,0.011027919521762242,0.006347318066077096,0.006487723160535093,0.2581828484932582,0.008182848493258177,0.006333322593890034,0.009037017822265625,0.004252917176843613,0.005854700691998005,0.012845420043758906,0.017934439905907804,1.0,1.0,0,1,0.75,72,0.14594361227419642,1.0,1.0,0.75,72,-0.14985335990786552,1.0,1.0,0.75,72,0.1452739228390985,1.0,1.0,0.75,72,-0.136873265935315,1.0,1.0
energy_s0.400_d0.750_v0.250_walk_p0.48.npz,0,0.25,0.75,0.4,0.48,walk,1,1,1,0.00986908701571469,1,0.4671191660273919,0.8867399511106824,33.789123770590344,64.34317968678542,0.49273681640625,0.75,0.0,0.39908274811589056,0.0009172518841094601,0.0059125320468511825,0.0057847758367036775,0.25657710526138544,0.006577105261385441,0.008479527741842048,0.012054443359375,0.003655773398810063,0.006858169101178646,0.011576441573387183,0.018210926159350414,1.0,1.0,0,1,0.75,72,0.20127709230615032,1.0,1.0,0.75,72,-0.20582440102265942,1.0,1.0,0.75,72,0.2019033469259739,1.0,1.0,0.75,72,-0.1891606559769975,1.0,1.0
energy_s0.400_d0.750_v0.250_walk_p0.48.npz,1,0.25,0.75,0.4,0.48,walk,1,1,1,0.004135399173679706,1,0.4685002351959792,0.8936467224818375,33.86452500019081,64.65745929602627,0.4913787841796875,0.75,0.0,0.3992707442699207,0.0007292557300793145,0.005801344983693624,0.005719939735718071,0.256453026086092,0.006453026086091995,0.006936095791175376,0.0101470947265625,0.00414762379639077,0.007141439709812403,0.011420135660428703,0.018204757254247066,1.0,1.0,0,1,0.75,72,0.2014541392111116,1.0,1.0,0.75,72,-0.20577503326866362,1.0,1.0,0.75,72,0.2017977096968227,1.0,1.0,0.75,72,-0.18951460636324352,1.0,1.0
energy_s0.400_d0.750_v0.250_walk_p0.48.npz,2,0.25,0.75,0.4,0.48,walk,1,1,1,0.00172127739499752,1,0.4681406391121502,0.8918629791671076,33.92052627227282,64.60869601498554,0.491790771484375,0.75,0.0,0.3993975024463402,0.0006024975536598198,0.005891426725106105,0.005784396477974951,0.2564547181439896,0.006454718143989624,0.006900837787185911,0.009918212890625,0.0038449946243608473,0.006386845838278532,0.01122615487962021,0.017714910488499998,1.0,1.0,0,1,0.75,72,0.2013065262387196,1.0,1.0,0.75,72,-0.20609382705556023,1.0,1.0,0.75,72,0.20194041832453674,1.0,1.0,0.75,72,-0.1894542332738638,1.0,1.0
energy_s0.400_d0.750_v0.250_walk_p0.48.npz,3,0.25,0.75,0.4,0.48,walk,1,1,1,0.008155763748604201,1,0.46760339249374594,0.8905724065738108,33.882041451679,64.5816503798462,0.49272918701171875,0.75,0.0,0.398690368152327,0.0013096318476730207,0.0057729782743586415,0.005723045983662208,0.2567682256922126,0.006768225692212582,0.008868222886669897,0.0131378173828125,0.004898308108916225,0.00799513515084982,0.011826024567111518,0.017261740567199972,1.0,1.0,0,1,0.75,72,0.2013615272525284,1.0,1.0,0.75,72,-0.2053209433539046,1.0,1.0,0.75,72,0.20164823863241407,1.0,1.0,0.75,72,-0.18905002706580692,1.0,1.0
energy_s0.400_d0.750_v0.250_walk_p0.48.npz,4,0.25,0.75,0.4,0.48,walk,1,1,1,0.0011534945099554283,1,0.4663929842398942,0.8931101173197686,33.78918242901616,64.70004546945657,0.4917447865009308,0.75,0.0,0.39877784966180724,0.0012221503381927845,0.005679299175325366,0.005625243539301057,0.25631134724244475,0.006311347242444754,0.008811707238691898,0.012786865234375,0.0058304828652669255,0.009104298427700996,0.011763818079095318,0.017090610718923264,1.0,1.0,0,1,0.75,72,0.2014648328638739,1.0,1.0,0.75,72,-0.20510606902341047,1.0,1.0,0.75,72,0.20171763789322641,1.0,1.0,0.75,72,-0.18926715954310364,1.0,1.0
energy_s0.400_d0.750_v0.250_walk_p0.48.npz,5,0.25,0.75,0.4,0.48,walk,1,1,1,0.0065540557590593965,1,0.4676788489951075,0.8934819835993892,33.884248421947284,64.78238215672674,0.4919586181640625,0.75,0.0,0.39897030167695546,0.0010296983230445589,0.005722477007657288,0.005664528339790801,0.2565600839443505,0.006560083944350481,0.007809898926323207,0.01154327392578125,0.0050862570864061455,0.00846883375197649,0.011541524845314137,0.017374345133057186,1.0,1.0,0,1,0.75,72,0.20145482611325052,1.0,1.0,0.75,72,-0.20535023738112715,1.0,1.0,0.75,72,0.20175443237854374,1.0,1.0,0.75,72,-0.18938110748098957,1.0,1.0
energy_s0.400_d0.750_v0.250_walk_p0.48.npz,6,0.25,0.75,0.4,0.48,walk,1,1,1,0.002131123590835488,1,0.4676259578662597,0.8918919447922549,33.891581869500605,64.60575339759868,0.491790771484375,0.75,0.0,0.39930904491080177,0.000690955089198253,0.0058545506041910896,0.0057449983588109405,0.2564665270037949,0.0064665270037949085,0.007639054699431267,0.01055145263671875,0.003237969369911617,0.006112182978540659,0.01135756027896487,0.018168728711003584,1.0,1.0,0,1,0.75,72,0.2012664292835527,1.0,1.0,0.75,72,-0.2059488780796528,1.0,1.0,0.75,72,0.20195242327948412,1.0,1.0,0.75,72,-0.18945035917891395,1.0,1.0
energy_s0.400_d0.750_v0.250_walk_p0.48.npz,7,0.25,0.75,0.4,0.48,walk,1,1,1,0.0031155139966908903,1,0.4669046035761416,0.8903301831997114,33.861106839491086,64.57794276422976,0.4922943115234375,0.75,0.0,0.39945605966366005,0.0005439403363399764,0.005882479923052919,0.005772021024798353,0.2565726269967854,0.006572626996785402,0.00526465694863528,0.007974624633789062,0.003509486835671727,0.006543649826198816,0.011190950498162823,0.018056812454727532,1.0,1.0,0,1,0.75,72,0.20135923102498055,1.0,1.0,0.75,72,-0.2061329082482391,1.0,1.0,0.75,72,0.20187704720430905,1.0,1.0,0.75,72,-0.18954293284979132,1.0,1.0
energy_s0.500_d0.750_v0.250_walk_p0.48.npz,0,0.25,0.75,0.5,0.48,walk,1,1,1,0.004026040361692392,1,0.5110005544674073,0.9414304364250978,36.96275047237138,68.0844664413259,0.491912841796875,0.75,0.0,0.4934708324985372,0.006529167501462818,0.007401429841087924,0.007713432773016393,0.25602308521047235,0.006023085210472345,0.006111194230991548,0.007080078125,0.009608336218002776,0.013258927501738071,0.008841026391314925,0.028792701192987186,1.0,1.0,0,1,0.75,72,0.24530913742880026,1.0,1.0,0.75,72,-0.2568828740881549,1.0,1.0,0.75,72,0.24890399558676612,1.0,1.0,0.75,72,-0.23584565789335304,1.0,1.0
energy_s0.500_d0.750_v0.250_walk_p0.48.npz,1,0.25,0.75,0.5,0.48,walk,1,1,1,0.00831252488201558,1,0.5108577360520281,0.9411940085073585,37.01262934748987,68.20180515167067,0.491607666015625,0.75,0.0,0.49336014170613557,0.006639858293864431,0.007403564432428943,0.007713079258489112,0.2564058865730961,0.006405886573096098,0.007605789543616781,0.0091552734375,0.00871689792859708,0.013066078536212444,0.009041128471170265,0.028795620079740968,1.0,1.0,0,1,0.75,72,0.24534917126099268,1.0,1.0,0.75,72,-0.2567748199734423,1.0,1.0,0.75,72,0.24882180533475345,1.0,1.0,0.75,72,-0.23577448684308264,1.0,1.0
energy_s0.500_d0.750_v0.250_walk_p0.48.npz,2,0.25,0.75,0.5,0.48,walk,1,1,1,0.006043940056629048,1,0.5125574495453652,0.9425417349532612,37.089660877288,68.22390197376816,0.4910888671875,0.75,0.0,0.4931922661554482,0.0068077338445518,0.007371799658156104,0.007698836154304445,0.2558602717084189,0.005860271708418907,0.005657067214894805,0.007080078125,0.009223828528538107,0.012757561169564724,0.008966031329089007,0.028782388939987,1.0,1.0,0,1,0.75,72,0.2453720991810163,1.0,1.0,0.75,72,-0.25660587122870815,1.0,1.0,0.75,72,0.24871358565158314,1.0,1.0,0.75,72,-0.23569297624958885,1.0,1.0
energy_s0.500_d0.750_v0.250_walk_p0.48.npz,3,0.25,0.75,0.5,0.48,walk,1,1,1,0.0035772229440693987,1,0.5069277058786903,0.9356036889720669,36.85013517488302,67.99551867819142,0.49329376220703125,0.75,0.0,0.493589917715225,0.0064100822847750205,0.007568989621682299,0.00782348692882806,0.25716027384623885,0.0071602738462388515,0.003062735522448001,0.0040130615234375,0.011392730665048284,0.015039399266242981,0.009018295960567425,0.029422877643699868,1.0,1.0,0,1,0.75,72,0.24516408000555304,1.0,1.0,0.75,72,-0.2572724630849229,1.0,1.0,0.75,72,0.2490334537708097,1.0,1.0,0.75,72,-0.23570983856916428,1.0,1.0
energy_s0.500_d0.750_v0.250_walk_p0.48.npz,4,0.25,0.75,0.5,0.48,walk,1,1,1,0.0069110843241559855,1,0.5112799744037184,0.9390091444524089,37.08418071246872,68.02425627165006,0.4919743835926056,0.75,0.0,0.4935023464883367,0.006497653511663315,0.007332146633416414,0.0076655013641963405,0.2563970070332289,0.006397007033228874,0.006580539276871182,0.008026123046875,0.008758264299811344,0.012556464411318302,0.008945806351783858,0.028239200029242167,1.0,1.0,0,1,0.75,72,0.24551870135797393,1.0,1.0,0.75,72,-0.2567496777822574,1.0,1.0,0.75,72,0.2488679699599743,1.0,1.0,0.75,72,-0.23586834387646782,1.0,1.0
energy_s0.500_d0.750_v0.250_walk_p0.48.npz,5,0.25,0.75,0.5,0.48,walk,1,1,1,0.003935611972853296,1,0.5074875309275978,0.9346042661460556,36.86646909515905,67.948551471964,0.493377685546875,0.75,0.0,0.493580864638918,0.006419135361082018,0.00752450686155094,0.007784706889651716,0.25707906391471624,0.007079063914716244,0.0043480661331998715,0.0056304931640625,0.011131542742475437,0.014670518226921558,0.009060339780409491,0.029142279509761355,1.0,1.0,0,1,0.75,72,0.2452272524436315,1.0,1.0,0.75,72,-0.2571638481070598,1.0,1.0,0.75,72,0.2490150344868501,1.0,1.0,0.75,72,-0.23575559424029457,1.0,1.0
energy_s0.500_d0.750_v0.250_walk_p0.48.npz,6,0.25,0.75,0.5,0.48,walk,1,1,1,0.006340682056883023,1,0.5102719882304478,0.9402493848669511,37.0013250006523,68.16789047195469,0.492156982421875,0.75,0.0,0.4933357008008493,0.006664299199150681,0.007451683231112029,0.007744951561714212,0.256494647047172,0.006494647047172009,0.008055627884453886,0.00939178466796875,0.01016420052374871,0.01376818586140871,0.009027632248963129,0.029071614960496785,1.0,1.0,0,1,0.75,72,0.24526568026178414,1.0,1.0,0.75,72,-0.25685512150327366,1.0,1.0,0.75,72,0.2488471559352345,1.0,1.0,0.75,72,-0.2357034439014064,1.0,1.0
energy_s0.500_d0.750_v0.250_walk_p0.48.npz,7,0.25,0.75,0.5,0.48,walk,1,1,1,0.0072408644316368405,1,0.5106796960102541,0.9417548809365661,37.00951403565472,68.21655611398124,0.4920806884765625,0.75,0.0,0.49338049865845174,0.006619501341548262,0.007476006272352404,0.0077608044957742095,0.2565536575081448,0.0065536575081447945,0.004495017041409207,0.0057048797607421875,0.01044096431041203,0.013993841595947742,0.008994997466572792,0.029098155579453944,1.0,1.0,0,1,0.75,72,0.2452424145821068,1.0,1.0,0.75,72,-0.2569338646199968,1.0,1.0,0.75,72,0.2488848968512482,1.0,1.0,0.75,72,-0.2356998212635517,1.0,1.0
energy_s0.100_d0.750_v0.300_walk_p0.48.npz,0,0.3,0.75,0.1,0.48,walk,1,1,1,0.003404335510062269,1,0.3209946590476317,0.6472304900250149,28.035368167328294,56.53284420217332,0.592681884765625,0.75,0.0,0.09616706269379291,0.003832937306207096,0.004948226566840378,0.005262015682334702,0.3091902307545145,0.009190230754514528,0.01593336594696904,0.01910400390625,0.03657281271049069,0.038449469953775406,0.011239139395928941,0.025868917097086067,1.0,1.0,0,1,0.75,72,0.046869764984067946,1.0,1.0,0.75,72,-0.053631897239635386,1.0,1.0,0.75,72,0.04618515120819211,1.0,1.0,0.75,72,-0.045647311955690384,1.0,1.0
energy_s0.100_d0.750_v0.300_walk_p0.48.npz,1,0.3,0.75,0.1,0.48,walk,1,1,1,0.004681796294670994,1,0.3256175656004062,0.6561228521808751,28.30559796951657,57.00167480463794,0.5891265869140625,0.75,0.0,0.09667441269589795,0.003325587304102054,0.00490487060095701,0.005223606957588345,0.3075002857173483,0.007500285717348287,0.015934969998494215,0.0194854736328125,0.03568435237415057,0.03774318844079971,0.011360891764792224,0.0253982987904891,1.0,1.0,0,1,0.75,72,0.04717475258641773,1.0,1.0,0.75,72,-0.05380866624828842,1.0,1.0,0.75,72,0.046668143994692296,1.0,1.0,0.75,72,-0.04569726256239745,1.0,1.0
energy_s0.100_d0.750_v0.300_walk_p0.48.npz,2,0.3,0.75,0.1,0.48,walk,1,1,1,0.002428978072219038,1,0.32726231826944785,0.6570518525073065,28.420816603341002,57.073031738595944,0.58953857421875,0.75,0.0,0.09681301491541995,0.0031869850845800546,0.004899280057806108,0.005222256310905019,0.30767774271468323,0.007677742714683244,0.015114152385938353,0.01837158203125,0.03579118969203497,0.03780357912182808,0.011405825610960952,0.02533401125447417,1.0,1.0,0,1,0.75,72,0.047294606558150716,1.0,1.0,0.75,72,-0.05392876365739438,1.0,1.0,0.75,72,0.04668841873192125,1.0,1.0,0.75,72,-0.04571424088337355,1.0,1.0
energy_s0.100_d0.750_v0.300_walk_p0.48.npz,3,0.3,0.75,0.1,0.48,walk,1,1,1,0.008709247106524095,1,0.32061917913301763,0.6469266007172925,28.07505372027622,56.56376975578001,0.5920562744140625,0.75,0.0,0.09646698542767101,0.0035330145723289907,0.004854136405305731,0.005192876504346108,0.3087646573161085,0.008764657316108537,0.014088358132239045,0.0172271728515625,0.035977032094971675,0.03803323954343796,0.011296029845838718,0.025180656329370988,1.0,1.0,0,1,0.75,72,0.04707729769870639,1.0,1.0,0.75,72,-0.053639347199350595,1.0,1.0,0.75,72,0.046244898810982704,1.0,1.0,0.75,72,-0.04597242714630233,1.0,1.0
energy_s0.100_d0.750_v0.300_walk_p0.48.npz,4,0.3,0.75,0.1,0.48,walk,1,1,1,0.0007229758590352779,1,0.32355609297893906,0.6491611394845438,28.265962476501095,56.710814236871784,0.5930869281291962,0.75,0.0,0.09640194377344516,0.0035980562265548466,0.004885757067758177,0.005221768167878812,0.3092989781871438,0.009298978187143814,0.01585942438589473,0.01934814453125,0.03679385223961656,0.03879241272807121,0.011289773590725251,0.025470335731547288,1.0,1.0,0,1,0.75,72,0.04713651708637675,1.0,1.0,0.75,72,-0.05370351097856959,1.0,1.0,0.75,72,0.04602636210620403,1.0,1.0,0.75,72,-0.04593749737573995,1.0,1.0
energy_s0.100_d0.750_v0.300_walk_p0.48.npz,5,0.3,0.75,0.1,0.48,walk,1,1,1,0.0048145154368559005,1,0.32391138198746466,0.6521408628820631,28.252566802658624,56.855158570037844,0.5917205810546875,0.75,0.0,0.0963228268083185,0.00367717319168151,0.004909185798735255,0.005229170139258107,0.3085897086809079,0.008589708680907915,0.014553735854458577,0.01763153076171875,0.036204606601850084,0.03811156004667282,0.011246100178666738,0.02543616867433215,1.0,1.0,0,1,0.75,72,0.04684438044205308,1.0,1.0,0.75,72,-0.05356280722965797,1.0,1.0,0.75,72,0.04642544898928867,1.0,1.0,0.75,72,-0.04581301695563727,1.0,1.0
energy_s0.100_d0.750_v0.300_walk_p0.48.npz,6,0.3,0.75,0.1,0.48,walk,1,1,1,0.001537179091047977,1,0.32723679256864746,0.6566888528384667,28.417086792896697,57.04381657264477,0.5897064208984375,0.75,0.0,0.09681878086282975,0.0031812191371702603,0.004887662856425677,0.005213183783538019,0.3075851819788416,0.007585181978841615,0.016809666614090956,0.02056121826171875,0.036063325016665815,0.038085319101810455,0.011401637558067605,0.025438354364206616,1.0,1.0,0,1,0.75,72,0.04734704984972874,1.0,1.0,0.75,72,-0.05389818942381276,1.0,1.0,0.75,72,0.04663707776409057,1.0,1.0,0.75,72,-0.045755244688027434,1.0,1.0
energy_s0.100_d0.750_v0.300_walk_p0.48.npz,7,0.3,0.75,0.1,0.48,walk,1,1,1,0.0015778994994898531,1,0.32706849184143955,0.6568294946217249,28.400524378140446,57.02030512930116,0.5892181396484375,0.75,0.0,0.09679906585046813,0.0032009341495318755,0.004897073607167436,0.0052210879434521,0.3076009793827931,0.007600979382793138,0.017631949336880573,0.021284103393554688,0.03606184170958722,0.03800463676452637,0.011419644258043636,0.025292417041056708,1.0,1.0,0,1,0.75,72,0.047329646793918476,1.0,1.0,0.75,72,-0.05390263121161196,1.0,1.0,0.75,72,0.04662794531840417,1.0,1.0,0.75,72,-0.04573790837700168,1.0,1.0
energy_s0.200_d0.750_v0.300_walk_p0.48.npz,0,0.3,0.75,0.2,0.48,walk,1,1,1,0.006668737433689351,1,0.3313920901303,0.6460864423839399,28.692408835580657,56.023229938126434,0.58856201171875,0.75,0.0,0.1855805312904219,0.01441946870957811,0.007617915354462138,0.007471574086230253,0.3068701957042019,0.006870195704201887,0.002266777727774899,0.00433349609375,0.013223797175599501,0.01555630937218666,0.013927446741175565,0.019672992972967998,1.0,1.0,0,1,0.75,72,0.09222013896538152,1.0,1.0,0.75,72,-0.09767910744994879,1.0,1.0,0.75,72,0.09314920980897215,1.0,1.0,0.75,72,-0.08811260635654132,1.0,1.0
energy_s0.200_d0.750_v0.300_walk_p0.48.npz,1,0.3,0.75,0.2,0.48,walk,1,1,1,0.0023945267874840616,1,0.3300095345288927,0.6475128697009638,28.685122147127778,56.2812862920926,0.59002685546875,0.75,0.0,0.1857303469441831,0.0142696530558169,0.007553177487312096,0.007417699981791283,0.3077438020457824,0.0077438020457824,0.0035164267566182975,0.00567626953125,0.013825319121674522,0.016375618055462837,0.013915975056211118,0.020372234484754188,1.0,1.0,0,1,0.75,72,0.09270346764889029,1.0,1.0,0.75,72,-0.0977110889636808,1.0,1.0,0.75,72,0.09267950130419599,1.0,1.0,0.75,72,-0.08836663597159916,1.0,1.0
energy_s0.200_d0.750_v0.300_walk_p0.48.npz,2,0.3,0.75,0.2,0.48,walk,1,1,1,0.002051661306110185,1,0.33120806829018956,0.649563298584215,28.75595783012466,56.4079290612956,0.5894927978515625,0.75,0.0,0.18565516696415013,0.01434483303584988,0.007584747035677239,0.0074434045158947556,0.3075221808006366,0.007522180800636602,0.003458308688370616,0.0055084228515625,0.014442053964274715,0.01707109622657299,0.013931506284871675,0.020264579848982178,1.0,1.0,0,1,0.75,72,0.09275729943894678,1.0,1.0,0.75,72,-0.09765988050235642,1.0,1.0,0.75,72,0.09259839687082502,1.0,1.0,0.75,72,-0.08829475711617205,1.0,1.0
energy_s0.200_d0.750_v0.300_walk_p0.48.npz,3,0.3,0.75,0.2,0.48,walk,1,1,1,0.0004399736677974473,1,0.3320611837286697,0.6506103992402836,28.76688084585686,56.36262827211801,0.5879058837890625,0.75,0.0,0.18542564396436015,0.014574356035639863,0.007719079203282798,0.007558909497068579,0.3066659091661374,0.006665909166137407,0.004453457154537956,0.006683349609375,0.01424341584781539,0.016808170825242996,0.013977620530135227,0.02034419581733847,1.0,1.0,0,1,0.75,72,0.09250039255453481,1.0,1.0,0.75,72,-0.09772511923478709,1.0,1.0,0.75,72,0.09290184908443028,1.0,1.0,0.75,72,-0.08772392705496815,1.0,1.0
energy_s0.200_d0.750_v0.300_walk_p0.48.npz,4,0.3,0.75,0.2,0.48,walk,1,1,1,0.00037823284207865176,1,0.3326353688898487,0.6528236824880701,28.835090295412265,56.590116792412225,0.5883773267269135,0.75,0.0,0.18557236845501596,0.014427631544984054,0.007646896943656939,0.007496126946837957,0.3068838510662317,0.006883851066231739,0.005009916873279095,0.007354736328125,0.014692874365689423,0.017341285943984985,0.013937507379888733,0.020559755467367883,1.0,1.0,0,1,0.75,72,0.09277374338772562,1.0,1.0,0.75,72,-0.09773516499747832,1.0,1.0,0.75,72,0.09271997885985507,1.0,1.0,0.75,72,-0.08791584966497289,1.0,1.0
energy_s0.200_d0.750_v0.300_walk_p0.48.npz,5,0.3,0.75,0.2,0.48,walk,1,1,1,0.008036969177272816,1,0.33233677777950743,0.6511046133685531,28.78006787496815,56.38164784706313,0.58770751953125,0.75,0.0,0.18552796294291812,0.014472037057081888,0.007668870180431345,0.007519466492036983,0.30660068212697905,0.006600682126979063,0.00591410063296887,0.00826263427734375,0.014272506870102498,0.01684531569480896,0.013970663449534555,0.020351768524819003,1.0,1.0,0,1,0.75,72,0.09264764086239868,1.0,1.0,0.75,72,-0.09774628426465723,1.0,1.0,0.75,72,0.09286474829746617,1.0,1.0,0.75,72,-0.0877972524613142,1.0,1.0
energy_s0.200_d0.750_v0.300_walk_p0.48.npz,6,0.3,0.75,0.2,0.48,walk,1,1,1,0.00319348550778071,1,0.33246077297100995,0.6512577227667327,28.81230623961815,56.460256694523935,0.58837890625,0.75,0.0,0.18568717569319737,0.01431282430680264,0.007574579176596473,0.007434656533102199,0.3072121599689126,0.007212159968912613,0.002124878118327672,0.00411224365234375,0.014443330265468552,0.017145056277513504,0.013919166837301093,0.020402267674276154,1.0,1.0,0,1,0.75,72,0.09278739771495263,1.0,1.0,0.75,72,-0.09768650287555324,1.0,1.0,0.75,72,0.0926643850074874,1.0,1.0,0.75,72,-0.0882360657884015,1.0,1.0
energy_s0.200_d0.750_v0.300_walk_p0.48.npz,7,0.3,0.75,0.2,0.48,walk,1,1,1,0.002111137638704313,1,0.33033353603445365,0.6472128125619734,28.719684245997527,56.31540474082918,0.590423583984375,0.75,0.0,0.18570550174141923,0.014294498258580784,0.007560513929153486,0.0074234240843604055,0.3077683765441179,0.007768376544117939,0.004043772676133518,0.0061702728271484375,0.01392409707700788,0.01646287366747856,0.013930463016129295,0.02029754302369169,1.0,1.0,0,1,0.75,72,0.09270207397639751,1.0,1.0,0.75,72,-0.09768525614506668,1.0,1.0,0.75,72,0.0926655475050211,1.0,1.0,0.75,72,-0.08835812585635318,1.0,1.0
energy_s0.300_d0.750_v0.300_walk_p0.48.npz,0,0.3,0.75,0.3,0.48,walk,1,1,1,0.008088418293561678,1,0.3652288051258358,0.7168566609570896,31.652525426314096,62.13566969535542,0.588043212890625,0.75,0.0,0.29016292809198296,0.009837071908017025,0.006535446012599598,0.006520867634875076,0.3066806625574827,0.0066806625574827305,0.0024998678759838053,0.004364013671875,0.0017094620911426654,0.002812700578942895,0.012517062519923634,0.013652132110627617,1.0,1.0,0,1,0.75,72,0.1447460889402363,1.0,1.0,0.75,72,-0.15108243707153532,1.0,1.0,0.75,72,0.1476219246784846,1.0,1.0,0.75,72,-0.13687540549370977,1.0,1.0
energy_s0.300_d0.750_v0.300_walk_p0.48.npz,1,0.3,0.75,0.3,0.48,walk,1,1,1,0.006510514464593366,1,0.36608962494283037,0.718086768545948,31.714618078729035,62.21080310769926,0.5883636474609375,0.75,0.0,0.2899672366264794,0.010032763373520603,0.006635729182097644,0.006612760286467768,0.3066495743890603,0.006649574389060331,0.004247388615159646,0.00653076171875,0.0017796635057943024,0.0030790662858635187,0.012486660237692558,0.013633202180197332,1.0,1.0,0,1,0.75,72,0.14467710732585853,1.0,1.0,0.75,72,-0.15108562923139995,1.0,1.0,0.75,72,0.14762459219329888,1.0,1.0,0.75,72,-0.13654714450240135,1.0,1.0
energy_s0.300_d0.750_v0.300_walk_p0.48.npz,2,0.3,0.75,0.3,0.48,walk,1,1,1,0.0011746282356235,1,0.36720159433058375,0.7191019019755673,31.829524121115142,62.346238522919144,0.5883941650390625,0.75,0.0,0.2899755909004145,0.010024409099585463,0.0066010834752685465,0.006586153533620136,0.3068328918889165,0.0068328918889165036,0.003995650017608985,0.0059661865234375,0.001932264235190142,0.003213644027709961,0.012416084884329654,0.01396773831846238,1.0,1.0,0,1,0.75,72,0.14481430066128573,1.0,1.0,0.75,72,-0.1510304171178076,1.0,1.0,0.75,72,0.1475591313921743,1.0,1.0,0.75,72,-0.13654733262956142,1.0,1.0
energy_s0.300_d0.750_v0.300_walk_p0.48.npz,3,0.3,0.75,0.3,0.48,walk,1,1,1,0.0033713927105776544,1,0.3663408487530114,0.7187359540946265,31.75599933173126,62.30782668016837,0.58843994140625,0.75,0.0,0.2901724389650755,0.009827561034924492,0.006465574902378848,0.006470084469765422,0.3068856429308653,0.006885642930865299,0.0071866745116800764,0.009735107421875,0.0019245273210495828,0.0032556236255913973,0.01240418096901951,0.013981342057119553,1.0,1.0,0,1,0.75,72,0.14493774457110298,1.0,1.0,0.75,72,-0.15096952186690438,1.0,1.0,0.75,72,0.14751180737382835,1.0,1.0,0.75,72,-0.13692580411831537,1.0,1.0
energy_s0.300_d0.750_v0.300_walk_p0.48.npz,4,0.3,0.75,0.3,0.48,walk,1,1,1,0.003674061149749126,1,0.3671328976571723,0.7201699321663146,31.823822259547978,62.427066018949546,0.5882667899131775,0.75,0.0,0.2898240707193812,0.010175929280618778,0.006665177405294442,0.006641277934735017,0.30681245028972626,0.006812450289726268,0.006753946555822943,0.0094451904296875,0.0017948748884299966,0.0028136251494288445,0.012468430514846977,0.013589452587659543,1.0,1.0,0,1,0.75,72,0.14465265389945772,1.0,1.0,0.75,72,-0.15099347651832634,1.0,1.0,0.75,72,0.14754884648654196,1.0,1.0,0.75,72,-0.13645316453443634,1.0,1.0
energy_s0.300_d0.750_v0.300_walk_p0.48.npz,5,0.3,0.75,0.3,0.48,walk,1,1,1,0.0007954830168484672,1,0.36654726627066125,0.7184494652022422,31.77285073739069,62.271181513081615,0.5882949829101562,0.75,0.0,0.29015383900453645,0.009846160995463538,0.006470222305506465,0.0064714910384888425,0.30685523183395463,0.006855231833954645,0.006892562700475088,0.00933074951171875,0.0019364405421995216,0.003228923073038459,0.01240973689183237,0.013935228505610344,1.0,1.0,0,1,0.75,72,0.14493654668331146,1.0,1.0,0.75,72,-0.15097158857517773,1.0,1.0,0.75,72,0.14748230245378283,1.0,1.0,0.75,72,-0.13691724029680094,1.0,1.0
energy_s0.300_d0.750_v0.300_walk_p0.48.npz,6,0.3,0.75,0.3,0.48,walk,1,1,1,0.0015264027427819471,1,0.3668443491339724,0.7189836895891313,31.810005213584308,62.31894113087131,0.588287353515625,0.75,0.0,0.29003606705615914,0.009963932943840847,0.006554414280172848,0.006545631727203724,0.3068753903110822,0.006875390311082197,0.004102398464561994,0.006378173828125,0.0019002656085964581,0.003141030203551054,0.012433557709610405,0.013877762531119565,1.0,1.0,0,1,0.75,72,0.14487378858029842,1.0,1.0,0.75,72,-0.15101732520593536,1.0,1.0,0.75,72,0.14750485722389486,1.0,1.0,0.75,72,-0.1366761631021897,1.0,1.0
energy_s0.300_d0.750_v0.300_walk_p0.48.npz,7,0.3,0.75,0.3,0.48,walk,1,1,1,0.0020173732083501542,1,0.3658792782603236,0.7172202985588418,31.7772138757624,62.29157799612134,0.5895843505859375,0.75,0.0,0.29002131356133354,0.009978686438666451,0.006574291446142724,0.0065618809778243276,0.3068944414456685,0.006894441445668531,0.007017642208909036,0.009405136108398438,0.0018449904306338753,0.0029988582246005535,0.01244638701206788,0.01388230558834852,1.0,1.0,0,1,0.75,72,0.144839225957791,1.0,1.0,0.75,72,-0.15103943045768473,1.0,1.0,0.75,72,0.14753322841392624,1.0,1.0,0.75,72,-0.13663074229326513,1.0,1.0
energy_s0.400_d0.750_v0.300_walk_p0.48.npz,0,0.3,0.75,0.4,0.48,walk,1,1,1,0.008786291471907742,1,0.43751829065299014,0.8344419622011447,37.74775513398246,71.95439345941102,0.585174560546875,0.75,0.0,0.401125598181453,0.0011255981814529692,0.006520082356615197,0.006294999162976939,0.3050160678103566,0.005016067810356628,0.005951474645539462,0.008697509765625,0.0024994188928513486,0.005428048316389322,0.01101237418594899,0.01975034744144644,1.0,1.0,0,1,0.75,72,0.2002298484245936,1.0,1.0,0.75,72,-0.20778513865338433,1.0,1.0,0.75,72,0.20422383066680697,1.0,1.0,0.75,72,-0.19001237861812115,1.0,1.0
energy_s0.400_d0.750_v0.300_walk_p0.48.npz,1,0.3,0.75,0.4,0.48,walk,1,1,1,0.011877950904246691,1,0.43562373294588785,0.8304314672597534,37.64929533328963,71.81445934719952,0.5864410400390625,0.75,0.0,0.40105481569965684,0.0010548156996568192,0.006254642891387142,0.006075657904148101,0.3054536745573084,0.005453674557308386,0.008889263733163738,0.012847900390625,0.0024121717713405035,0.004579047206789255,0.011536070774255934,0.019001352123381755,1.0,1.0,0,1,0.75,72,0.20059779555433327,1.0,1.0,0.75,72,-0.20720433381696543,1.0,1.0,0.75,72,0.20394550843371284,1.0,1.0,0.75,72,-0.19036199359430206,1.0,1.0
energy_s0.400_d0.750_v0.300_walk_p0.48.npz,2,0.3,0.75,0.4,0.48,walk,1,1,1,0.010643037681288282,1,0.4385310248479378,0.8321514969779862,37.841819288800906,71.81903053801962,0.5856781005859375,0.75,0.0,0.40126325986865496,0.0012632598686549423,0.006481403102063469,0.0062617915527274194,0.3053110210845868,0.005311021084586809,0.004330218277636631,0.007080078125,0.0023196407098028736,0.004831389058381319,0.010995941445281631,0.019119265071257666,1.0,1.0,0,1,0.75,72,0.2004233861549033,1.0,1.0,0.75,72,-0.2078709705836243,1.0,1.0,0.75,72,0.20407788993583786,1.0,1.0,0.75,72,-0.1901542730629444,1.0,1.0
energy_s0.400_d0.750_v0.300_walk_p0.48.npz,3,0.3,0.75,0.4,0.48,walk,1,1,1,0.00919955034681596,1,0.43954998463294814,0.8330310030286305,37.90807834207249,71.8078420958302,0.5851058959960938,0.75,0.0,0.40117348958220744,0.001173489582207421,0.006499338025848069,0.006276753645700711,0.3050594041123986,0.0050594041123986355,0.0018267494822825118,0.003662109375,0.002744533987146757,0.006195169407874346,0.010866455077484117,0.018670344565042983,1.0,1.0,0,1,0.75,72,0.20027495092815822,1.0,1.0,0.75,72,-0.20789274159404966,1.0,1.0,0.75,72,0.20411107978887028,1.0,1.0,0.75,72,-0.19006820685333675,1.0,1.0
energy_s0.400_d0.750_v0.300_walk_p0.48.npz,4,0.3,0.75,0.4,0.48,walk,1,1,1,0.0020005035778460655,1,0.4386885647646525,0.8345875385286384,37.73715023031599,71.8441440631435,0.5839255452156067,0.75,0.0,0.40093507586667937,0.0009350758666793468,0.006555989684744011,0.006314303244774539,0.30438451655209064,0.004384516552090656,0.006910018306953875,0.0098114013671875,0.0024040560177130037,0.004791962914168835,0.010951315831322542,0.019353039859572905,1.0,1.0,0,1,0.75,72,0.20000525998572508,1.0,1.0,0.75,72,-0.2077786707215839,1.0,1.0,0.75,72,0.20429262994892067,1.0,1.0,0.75,72,-0.18979359107712904,1.0,1.0
energy_s0.400_d0.750_v0.300_walk_p0.48.npz,5,0.3,0.75,0.4,0.48,walk,1,1,1,0.009482646929342252,1,0.43767590590536143,0.8375986180949115,37.70826513371877,72.12664612586312,0.5845870971679688,0.75,0.0,0.4012588115615977,0.0012588115615976836,0.006485706691940624,0.006259097081298628,0.3047778621936838,0.004777862193683813,0.007366822759804749,0.01018524169921875,0.002161284216823376,0.003501995000988245,0.01083488822668015,0.02020193669395663,1.0,1.0,0,1,0.75,72,0.20041357767250803,1.0,1.0,0.75,72,-0.20788723354538283,1.0,1.0,0.75,72,0.20407318944732347,1.0,1.0,0.75,72,-0.1901436224579811,1.0,1.0
energy_s0.400_d0.750_v0.300_walk_p0.48.npz,6,0.3,0.75,0.4,0.48,walk,1,1,1,0.009227895318862187,1,0.43706008713461975,0.8297461454171221,37.767092223649854,71.70972303290688,0.5856781005859375,0.75,0.0,0.4012028548038668,0.001202854803866782,0.006452934464646709,0.006233076984062789,0.3053222189967831,0.00532221899678309,0.0051922010282709945,0.0083160400390625,0.0025843447657923485,0.005660025402903557,0.011197629888674062,0.018612064301462485,1.0,1.0,0,1,0.75,72,0.20031764710115063,1.0,1.0,0.75,72,-0.2077214005920622,1.0,1.0,0.75,72,0.20421660732891825,1.0,1.0,0.75,72,-0.19015005458560255,1.0,1.0
energy_s0.400_d0.750_v0.300_walk_p0.48.npz,7,0.3,0.75,0.4,0.48,walk,1,1,1,0.00941453216192353,1,0.437480644241475,0.8315113512166048,37.743041356528224,71.87705313129626,0.586151123046875,0.75,0.0,0.4014621827130517,0.0014621827130516518,0.00654010363957948,0.006303903778704502,0.3056764422605435,0.005676442260543535,0.0043566643153558,0.0067424774169921875,0.0025066560411100922,0.005401046480983496,0.01090047890181154,0.019450374012843004,1.0,1.0,0,1,0.75,72,0.20028112145761648,1.0,1.0,0.75,72,-0.2081563694195615,1.0,1.0,0.75,72,0.2042252928432491,1.0,1.0,0.75,72,-0.1902615817056762,1.0,1.0
energy_s0.500_d0.750_v0.300_walk_p0.48.npz,0,0.3,0.75,0.5,0.48,walk,1,1,1,0.006291612335647175,1,0.48106804245558776,0.8705577653542551,41.588182746451785,75.27339151909908,0.586822509765625,0.75,0.0,0.4958736166978876,0.004126383302112402,0.0070452566465569865,0.007355098923047383,0.30599013064056635,0.00599013064056636,0.008504169789381956,0.011260986328125,0.00327949012211986,0.006489322986453772,0.007728718435334743,0.023921227067247305,1.0,1.0,0,1,0.75,72,0.2465749927279022,1.0,1.0,0.75,72,-0.257752666870753,1.0,1.0,0.75,72,0.249524538922641,1.0,1.0,0.75,72,-0.23789503487447897,1.0,1.0
energy_s0.500_d0.750_v0.300_walk_p0.48.npz,1,0.3,0.75,0.5,0.48,walk,1,1,1,0.008819264791331357,1,0.479424165784859,0.8708407222983905,41.557675854116745,75.43830044261674,0.5878143310546875,0.75,0.0,0.49593367531067795,0.004066324689322054,0.007038288956715001,0.0073536332153404755,0.30622180209805566,0.006221802098055673,0.0066095227164606005,0.0093536376953125,0.003148487275734423,0.005524689797312021,0.0081068210729388,0.02394273256500563,1.0,1.0,0,1,0.75,72,0.24655376271241242,1.0,1.0,0.75,72,-0.2576986340185006,1.0,1.0,0.75,72,0.24974843052526316,1.0,1.0,0.75,72,-0.2378665233651797,1.0,1.0
energy_s0.500_d0.750_v0.300_walk_p0.48.npz,2,0.3,0.75,0.5,0.48,walk,1,1,1,0.007117421188860673,1,0.48023679886470244,0.8719231030165362,41.60214021171601,75.45576956522807,0.58734130859375,0.75,0.0,0.49583980523877674,0.004160194761223257,0.006995618757274415,0.007324400823563337,0.3058603297298153,0.005860329729815317,0.004507917516427633,0.0070953369140625,0.0032431278215216204,0.0057869902811944485,0.008133151603214208,0.023980569675578572,1.0,1.0,0,1,0.75,72,0.24657410714361402,1.0,1.0,0.75,72,-0.25757461910446483,1.0,1.0,0.75,72,0.24966412016914952,1.0,1.0,0.75,72,-0.2378667640603251,1.0,1.0
energy_s0.500_d0.750_v0.300_walk_p0.48.npz,3,0.3,0.75,0.5,0.48,walk,1,1,1,0.006127699817837299,1,0.4769971098537592,0.8630067853607535,41.418161602698305,74.94901654145322,0.58941650390625,0.75,0.0,0.49590879813250566,0.004091201867494343,0.007383823963916964,0.0075767842354252934,0.30727815597007674,0.0072781559700767495,0.002059786991296375,0.0030059814453125,0.004635728145984352,0.007644927594810724,0.007831033793997065,0.024149790278813546,1.0,1.0,0,1,0.75,72,0.24590478071735966,1.0,1.0,0.75,72,-0.25828314820925397,1.0,1.0,0.75,72,0.2500394181244903,1.0,1.0,0.75,72,-0.23759024921390745,1.0,1.0
energy_s0.500_d0.750_v0.300_walk_p0.48.npz,4,0.3,0.75,0.5,0.48,walk,1,1,1,0.0006466818368283995,1,0.4769113465334737,0.8637495212207006,41.38374147570088,74.95742452136352,0.5887645483016968,0.75,0.0,0.495846900364591,0.004153099635408997,0.007298218862464031,0.007508379057981074,0.3068494629114866,0.006849462911486637,0.003273415188463911,0.005279541015625,0.004712619176290347,0.0075940643437206745,0.008007268087724707,0.02432917500356235,1.0,1.0,0,1,0.75,72,0.24596664619942507,1.0,1.0,0.75,72,-0.2580580508543385,1.0,1.0,0.75,72,0.24997796221739715,1.0,1.0,0.75,72,-0.23769114145802128,1.0,1.0
energy_s0.500_d0.750_v0.300_walk_p0.48.npz,5,0.3,0.75,0.5,0.48,walk,1,1,1,0.006807679534966938,1,0.4802002180931587,0.8690892001914416,41.52943497260484,75.19951436672106,0.588134765625,0.75,0.0,0.4957291937122742,0.0042708062877258035,0.007196245197620656,0.0074628690878550214,0.3064582996691267,0.006458299669126699,0.0025335344987862146,0.0041961669921875,0.0042285870884938535,0.0077531663700938225,0.0077453734587585674,0.02437961556300539,1.0,1.0,0,1,0.75,72,0.24618157578839195,1.0,1.0,0.75,72,-0.2578672654926777,1.0,1.0,0.75,72,0.24971734608213106,1.0,1.0,0.75,72,-0.23769220006134775,1.0,1.0
energy_s0.500_d0.750_v0.300_walk_p0.48.npz,6,0.3,0.75,0.5,0.48,walk,1,1,1,0.007781891538525966,1,0.48096797164077015,0.8705376997833749,41.60806842011754,75.44701474028176,0.58746337890625,0.75,0.0,0.4959126907504267,0.00408730924957329,0.007027634212540255,0.007343153314044078,0.3062650679300229,0.006265067930022905,0.007813895889029846,0.0105743408203125,0.0031819754995360645,0.005684251897037029,0.008102448849632895,0.023973558535794443,1.0,1.0,0,1,0.75,72,0.2466156648264991,1.0,1.0,0.75,72,-0.2576880243917306,1.0,1.0,0.75,72,0.2496667243540287,1.0,1.0,0.75,72,-0.237854967928595,1.0,1.0
energy_s0.500_d0.750_v0.300_walk_p0.48.npz,7,0.3,0.75,0.5,0.48,walk,1,1,1,0.009054470228740183,1,0.48105573376481264,0.8707502291139573,41.6695756787591,75.42592897706568,0.5877838134765625,0.75,0.0,0.4959064689982269,0.004093531001773121,0.007083349499023624,0.00738274756198128,0.3063430891682704,0.006343089168270422,0.005540368235978902,0.00788116455078125,0.0031323990621636194,0.0055757551454007626,0.008020259232332745,0.02387613208744857,1.0,1.0,0,1,0.75,72,0.24653778514928287,1.0,1.0,0.75,72,-0.2577866046792931,1.0,1.0,0.75,72,0.24968860401875442,1.0,1.0,0.75,72,-0.2377999441491233,1.0,1.0
energy_s0.100_d0.750_v0.350_walk_p0.48.npz,0,0.35,0.75,0.1,0.48,walk,1,1,1,0.0067530370754840426,1,0.3050948140689944,0.6188552095855926,30.666141053893543,62.23171100612068,0.682220458984375,0.75,0.0,0.09789777966216207,0.00210222033783794,0.004864938536451924,0.005143856631669527,0.35604334250092506,0.006043342500925086,0.008410490797729743,0.0107421875,0.035779562355802555,0.038154568523168564,0.011408833303817166,0.023200444369846238,1.0,1.0,0,1,0.75,72,0.046381719720860325,1.0,1.0,0.75,72,-0.05427000050743421,1.0,1.0,0.75,72,0.04829998159160217,1.0,1.0,0.75,72,-0.04684385750442743,1.0,1.0
energy_s0.100_d0.750_v0.350_walk_p0.48.npz,1,0.35,0.75,0.1,0.48,walk,1,1,1,0.003223033033796368,1,0.30770538615792653,0.6214804533847756,30.961884411070127,62.63036610601166,0.6829376220703125,0.75,0.0,0.09820595999351805,0.0017940400064819506,0.004831405258220104,0.005137612385442481,0.35609842867900926,0.006098428679009282,0.011738756047923357,0.0151519775390625,0.03385763844367332,0.0363958403468132,0.011469663028450162,0.02256818273452343,1.0,1.0,0,1,0.75,72,0.0464273258112371,1.0,1.0,0.75,72,-0.054415501136746675,1.0,1.0,0.75,72,0.04865867427239815,1.0,1.0,0.75,72,-0.0469104187666542,1.0,1.0
energy_s0.100_d0.750_v0.350_walk_p0.48.npz,2,0.35,0.75,0.1,0.48,walk,1,1,1,0.0082006725893819,1,0.30846395755852557,0.6223855024588978,31.015044251784822,62.63140750572014,0.68212890625,0.75,0.0,0.09826346220345133,0.0017365377965486706,0.004844208116022249,0.005142442179688563,0.3557351470614473,0.005735147061447343,0.011310907072823732,0.01446533203125,0.03429041130543889,0.03692546859383583,0.011504151303648524,0.022756668674390697,1.0,1.0,0,1,0.75,72,0.04651793371886015,1.0,1.0,0.75,72,-0.05448586090157429,1.0,1.0,0.75,72,0.0486313391269909,1.0,1.0,0.75,72,-0.046891790659477316,1.0,1.0
energy_s0.100_d0.750_v0.350_walk_p0.48.npz,3,0.35,0.75,0.1,0.48,walk,1,1,1,0.005683150227546315,1,0.3085534050004581,0.623115502863167,30.996625898273933,62.61720679031489,0.6826705932617188,0.75,0.0,0.09794366610650387,0.0020563338934961317,0.004901606405878233,0.005187552680339044,0.3561312782888611,0.0061312782888611195,0.010087007549210105,0.01312255859375,0.03331812216747234,0.03564068302512169,0.011445927380799704,0.02247748082135715,1.0,1.0,0,1,0.75,72,0.04608969700833162,1.0,1.0,0.75,72,-0.05433675543301635,1.0,1.0,0.75,72,0.04866826586011383,1.0,1.0,0.75,72,-0.04679261391154594,1.0,1.0
energy_s0.100_d0.750_v0.350_walk_p0.48.npz,4,0.35,0.75,0.1,0.48,walk,1,1,1,0.001380968437144098,1,0.3090350782593152,0.6226354294597777,31.088570217842545,62.66170965072448,0.6830222606658936,0.75,0.0,0.0981235729996115,0.0018764270003885086,0.004841717024747696,0.005139499735863259,0.35617357213050127,0.0061735721305012925,0.012068265523181349,0.0156097412109375,0.03368811977060134,0.03599901497364044,0.01143426167404065,0.02244976868311375,1.0,1.0,0,1,0.75,72,0.04625485516670677,1.0,1.0,0.75,72,-0.054393444365511336,1.0,1.0,0.75,72,0.0486451416897277,1.0,1.0,0.75,72,-0.04695370477727718,1.0,1.0
energy_s0.100_d0.750_v0.350_walk_p0.48.npz,5,0.35,0.75,0.1,0.48,walk,1,1,1,0.006485737361387258,1,0.30735990255864165,0.621918874144,30.906537135643234,62.61499219117091,0.6819610595703125,0.75,0.0,0.09805651805880997,0.0019434819411900395,0.004887624043557379,0.005172231675048048,0.35558771962920827,0.005587719629208288,0.010544847627489912,0.01329803466796875,0.03433499773410796,0.036940980702638626,0.011498990921777455,0.022614725041845866,1.0,1.0,0,1,0.75,72,0.04631609252343575,1.0,1.0,0.75,72,-0.054350335254437394,1.0,1.0,0.75,72,0.04867244977504015,1.0,1.0,0.75,72,-0.046774158564706646,1.0,1.0
energy_s0.100_d0.750_v0.350_walk_p0.48.npz,6,0.35,0.75,0.1,0.48,walk,1,1,1,0.007003440251748336,1,0.30738157060958127,0.6209926933381762,30.978672592852647,62.56749727699486,0.6825408935546875,0.75,0.0,0.0982833770621154,0.0017166229378846043,0.004830739569539826,0.005131380013578261,0.35595066534976166,0.005950665349761686,0.012453814821879981,0.01575469970703125,0.034301664348549546,0.036984942853450775,0.01151903255667105,0.022830964575807203,1.0,1.0,0,1,0.75,72,0.04654022782213158,1.0,1.0,0.75,72,-0.054472894304328494,1.0,1.0,0.75,72,0.04864029146523939,1.0,1.0,0.75,72,-0.04691334053253134,1.0,1.0
energy_s0.100_d0.750_v0.350_walk_p0.48.npz,7,0.35,0.75,0.1,0.48,walk,1,1,1,0.007230168342678359,1,0.30756852740434,0.6211393107747936,30.96887469033942,62.503129021033416,0.68316650390625,0.75,0.0,0.09828885949941145,0.0017111405005885566,0.004836207260895107,0.005137408357889703,0.3561434739579757,0.006143473957975709,0.011962225978001112,0.015232086181640625,0.033676208180477764,0.03657935932278633,0.011523305418781112,0.02272792929283592,1.0,1.0,0,1,0.75,72,0.04650585720729497,1.0,1.0,0.75,72,-0.05453204958596163,1.0,1.0,0.75,72,0.048602192817876734,1.0,1.0,0.75,72,-0.04693761938768956,1.0,1.0
energy_s0.200_d0.750_v0.350_walk_p0.48.npz,0,0.35,0.75,0.2,0.48,walk,1,1,1,0.0054126562578662996,1,0.31911417783269147,0.6313769944233523,32.0781150499576,63.50608918210367,0.6822509765625,0.75,0.0,0.18708028483928907,0.012919715160710943,0.007172605317706866,0.007004408115365857,0.3556986479088664,0.005698647908866428,0.0037003035394864367,0.006195068359375,0.012342372339115294,0.015646377578377724,0.014434878058762353,0.02012587150736672,1.0,1.0,0,1,0.75,72,0.09172378625306818,1.0,1.0,0.75,72,-0.09864369241727723,1.0,1.0,0.75,72,0.09504631451434559,1.0,1.0,0.75,72,-0.08874677649388711,1.0,1.0
energy_s0.200_d0.750_v0.350_walk_p0.48.npz,1,0.35,0.75,0.2,0.48,walk,1,1,1,0.004975932697211502,1,0.320023589829074,0.6325215622083646,32.03217807891794,63.32856059033715,0.67950439453125,0.75,0.0,0.18700521977411375,0.012994780225886265,0.0072648682941993115,0.007078241238680981,0.35406119128068286,0.004061191280682885,0.0071576728330012065,0.010833740234375,0.011160855259435323,0.01416677888482809,0.01447129499755246,0.01934806522705686,1.0,1.0,0,1,0.75,72,0.09134383923891518,1.0,1.0,0.75,72,-0.0986521230596635,1.0,1.0,0.75,72,0.0955876527975003,1.0,1.0,0.75,72,-0.08842682445214854,1.0,1.0
energy_s0.200_d0.750_v0.350_walk_p0.48.npz,2,0.35,0.75,0.2,0.48,walk,1,1,1,0.0038703051709646397,1,0.3209835166886884,0.634718045465658,32.09652080458466,63.47090932416628,0.6787872314453125,0.75,0.0,0.1870423922729161,0.012957607727083903,0.007235698650280639,0.007057019210575772,0.3541260582084457,0.004126058208445749,0.007567378238178653,0.0111541748046875,0.011800219336750127,0.014624393545091152,0.014425440232437388,0.019472446665658588,1.0,1.0,0,1,0.75,72,0.0914634731080797,1.0,1.0,0.75,72,-0.09863997426711851,1.0,1.0,0.75,72,0.095497312127716,1.0,1.0,0.75,72,-0.088484025042918,1.0,1.0
energy_s0.200_d0.750_v0.350_walk_p0.48.npz,3,0.35,0.75,0.2,0.48,walk,1,1,1,0.001875653155849295,1,0.32023813367128695,0.6333287552409854,32.04960505668125,63.41048883033336,0.6794662475585938,0.75,0.0,0.18698038062494662,0.013019619375053387,0.007259934700818529,0.007074590772390369,0.3542059340203802,0.00420593402038022,0.009369062935824025,0.012725830078125,0.011712302328341653,0.014581355266273022,0.014447159168296147,0.01933577153697483,1.0,1.0,0,1,0.75,72,0.09138807261155711,1.0,1.0,0.75,72,-0.09859232739028004,1.0,1.0,0.75,72,0.09551311936229467,1.0,1.0,0.75,72,-0.08846724188576142,1.0,1.0
energy_s0.200_d0.750_v0.350_walk_p0.48.npz,4,0.35,0.75,0.2,0.48,walk,1,1,1,0.0014205350655113387,1,0.32134291542025895,0.6361110132912353,32.17328929924506,63.690234195151056,0.67958003282547,0.75,0.0,0.18718075938522816,0.012819240614771854,0.007179621513932947,0.007021551843111718,0.35437758329013985,0.004377583290139875,0.009312813775423959,0.0128631591796875,0.012029565947252265,0.014937419444322586,0.01441811079532945,0.01971511135319969,1.0,1.0,0,1,0.75,72,0.09164050800932778,1.0,1.0,0.75,72,-0.09877260225928491,1.0,1.0,0.75,72,0.09544545639720228,1.0,1.0,0.75,72,-0.08850295210464133,1.0,1.0
energy_s0.200_d0.750_v0.350_walk_p0.48.npz,5,0.35,0.75,0.2,0.48,walk,1,1,1,0.001988781958092647,1,0.31980803178024514,0.633357111350191,32.02075582190397,63.39040822686083,0.67938232421875,0.75,0.0,0.18689452463554013,0.013105475364459884,0.007304022295607464,0.007110855794356518,0.35424142020444077,0.004241420204440793,0.009859132314588428,0.01338958740234375,0.01145795411519782,0.014373097568750381,0.01445970569210948,0.01934340945301769,1.0,1.0,0,1,0.75,72,0.0912711141217086,1.0,1.0,0.75,72,-0.09857936917493741,1.0,1.0,0.75,72,0.09554497214655082,1.0,1.0,0.75,72,-0.08839359382788341,1.0,1.0
energy_s0.200_d0.750_v0.350_walk_p0.48.npz,6,0.35,0.75,0.2,0.48,walk,1,1,1,0.004457809509626435,1,0.32036702531954564,0.6337027920914338,32.072760624177135,63.43290254944141,0.6793975830078125,0.75,0.0,0.1869119951604969,0.01308800483950312,0.00730634850656821,0.007111502384456499,0.35416011108706397,0.004160111087063989,0.007201269299520454,0.01074981689453125,0.011588507083580816,0.014462406747043133,0.014456677488031595,0.019408124850055112,1.0,1.0,0,1,0.75,72,0.09124840050935745,1.0,1.0,0.75,72,-0.09862650651484728,1.0,1.0,0.75,72,0.0955982551806503,1.0,1.0,0.75,72,-0.08835082811613877,1.0,1.0
energy_s0.200_d0.750_v0.350_walk_p0.48.npz,7,0.35,0.75,0.2,0.48,walk,1,1,1,0.003026272725217564,1,0.32033314151930636,0.6325025722122284,32.02980562518412,63.32943070356413,0.6793212890625,0.75,0.0,0.18694795124853653,0.013052048751463485,0.007273303991597563,0.007081579106549426,0.35401473225404817,0.004014732254048192,0.008580372203516403,0.012159347534179688,0.011592647573238668,0.01437884010374546,0.014439936661428317,0.019192132324881744,1.0,1.0,0,1,0.75,72,0.09132035873416397,1.0,1.0,0.75,72,-0.09857258407606019,1.0,1.0,0.75,72,0.09554624950720204,1.0,1.0,0.75,72,-0.0884567101796468,1.0,1.0
energy_s0.300_d0.750_v0.350_walk_p0.48.npz,0,0.35,0.75,0.3,0.48,walk,1,1,1,0.004538547607948713,1,0.3501364877396546,0.6846416663337989,35.100553460664294,68.73547307574407,0.681304931640625,0.75,0.0,0.29135824501928353,0.008641754980716454,0.007111015657169949,0.006931367982178925,0.3554350873455405,0.005435087345540546,0.009175130714144546,0.013336181640625,0.004077428876293683,0.007265332620590925,0.013349136491795059,0.017942983734542537,1.0,1.0,0,1,0.75,72,0.1430651829060581,1.0,1.0,0.75,72,-0.1525021671420998,1.0,1.0,0.75,72,0.1502586394134495,1.0,1.0,0.75,72,-0.13689050057695973,1.0,1.0
energy_s0.300_d0.750_v0.350_walk_p0.48.npz,1,0.35,0.75,0.3,0.48,walk,1,1,1,0.009488052520930578,1,0.34932735364642364,0.6860514704221372,35.04566256260111,68.76268193101772,0.6807403564453125,0.75,0.0,0.29120865681519115,0.008791343184808842,0.0071642919443547694,0.006959366169758139,0.35486367251724005,0.00486367251724007,0.010549307858270079,0.0143280029296875,0.004610692157597885,0.007596631534397602,0.013354822578234948,0.01838227123504788,1.0,1.0,0,1,0.75,72,0.1429317461119758,1.0,1.0,0.75,72,-0.15233968012034893,1.0,1.0,0.75,72,0.150349711585376,1.0,1.0,0.75,72,-0.13679617581268153,1.0,1.0
energy_s0.300_d0.750_v0.350_walk_p0.48.npz,2,0.35,0.75,0.3,0.48,walk,1,1,1,0.009507067692258222,1,0.3499724880018735,0.6875002892199735,35.08549818154658,68.93157064517337,0.6807098388671875,0.75,0.0,0.29124653918875587,0.008753460811244118,0.0071063795644375986,0.006912056845612823,0.35505875510474044,0.005058755104740464,0.008843794309922248,0.012451171875,0.004140529063708508,0.007013598456978798,0.013305139535465246,0.018492309923780082,1.0,1.0,0,1,0.75,72,0.14305708722935784,1.0,1.0,0.75,72,-0.15231770297719371,1.0,1.0,0.75,72,0.1502524587429232,1.0,1.0,0.75,72,-0.13686582942803702,1.0,1.0
energy_s0.300_d0.750_v0.350_walk_p0.48.npz,3,0.35,0.75,0.3,0.48,walk,1,1,1,0.0015071396684776031,1,0.3499843380749548,0.6862866101451898,35.1650990621503,68.93327779015705,0.68218994140625,0.75,0.0,0.29121060617682004,0.008789393823179947,0.007117007393389938,0.006922073910633721,0.3558409207810958,0.005840920781095826,0.012111145469006336,0.0155792236328125,0.003994779315732798,0.006804374512284994,0.013323650827545002,0.01891715263999056,1.0,1.0,0,1,0.75,72,0.14305071160197258,1.0,1.0,0.75,72,-0.15241510959135163,1.0,1.0,0.75,72,0.1501209419220686,1.0,1.0,0.75,72,-0.13683444923824734,1.0,1.0
energy_s0.300_d0.750_v0.350_walk_p0.48.npz,4,0.35,0.75,0.3,0.48,walk,1,1,1,0.0005114670714908397,1,0.35015561968073394,0.6856377070614175,35.13778134815292,68.80582475213131,0.6811126470565796,0.75,0.0,0.2910770960152149,0.008922903984785069,0.007341931387782095,0.00714088469588508,0.3551672234510382,0.005167223451038205,0.012380705416558557,0.01641845703125,0.005304087294313036,0.008305436931550503,0.013610351950164136,0.018740944566449074,1.0,1.0,0,1,0.75,72,0.14257343982656798,1.0,1.0,0.75,72,-0.15254144080811077,1.0,1.0,0.75,72,0.1505450645668639,1.0,1.0,0.75,72,-0.1364942468288872,1.0,1.0
energy_s0.300_d0.750_v0.350_walk_p0.48.npz,5,0.35,0.75,0.3,0.48,walk,1,1,1,0.0014483338217620805,1,0.3494410883179352,0.6855169987489675,35.1125553896281,68.9091505792011,0.6823196411132812,0.75,0.0,0.29127028056730825,0.00872971943269174,0.007076334839479789,0.006885339862977462,0.3557714183504383,0.005771418350438318,0.011818462363625187,0.01540374755859375,0.004172402467155548,0.006985091138631105,0.013330159104826904,0.018854153711259623,1.0,1.0,0,1,0.75,72,0.143112417931358,1.0,1.0,0.75,72,-0.15241295720140138,1.0,1.0,0.75,72,0.15009807298580805,1.0,1.0,0.75,72,-0.13691711301604906,1.0,1.0
energy_s0.300_d0.750_v0.350_walk_p0.48.npz,6,0.35,0.75,0.3,0.48,walk,1,1,1,0.009269166885892967,1,0.34937748342794206,0.6846010754092868,35.1054647538867,68.7923748732879,0.6815032958984375,0.75,0.0,0.2913088004829155,0.00869119951708447,0.0070445221020943565,0.00685959527424226,0.35534520260989666,0.005345202609896682,0.00705847427778418,0.0106201171875,0.00378083978513559,0.006610976066440344,0.01328248988090035,0.018563361695898256,1.0,1.0,0,1,0.75,72,0.14315798485444653,1.0,1.0,0.75,72,-0.1523034344944689,1.0,1.0,0.75,72,0.15017199702560902,1.0,1.0,0.75,72,-0.13698418459130657,1.0,1.0
energy_s0.300_d0.750_v0.350_walk_p0.48.npz,7,0.35,0.75,0.3,0.48,walk,1,1,1,0.009156734060120368,1,0.35027471220592354,0.6874825510479328,35.08673613004483,68.83000310555508,0.679534912109375,0.75,0.0,0.29130125935706824,0.008698740642931746,0.007014763189686668,0.006836064128826059,0.3544024486715595,0.0044024486715595335,0.009655061421667782,0.013116836547851562,0.0030446955866213353,0.005801312159746885,0.013120093094329707,0.018552945880252896,1.0,1.0,0,1,0.75,72,0.14336767668525377,1.0,1.0,0.75,72,-0.15220791929297978,1.0,1.0,0.75,72,0.15015033280683887,1.0,1.0,0.75,72,-0.13687658992906412,1.0,1.0
energy_s0.400_d0.750_v0.350_walk_p0.48.npz,0,0.35,0.75,0.4,0.48,walk,1,1,1,0.012478159317435691,1,0.4021416234446715,0.7738918994571196,40.19764880375119,77.13776368024854,0.67840576171875,0.75,0.0,0.40242335945367813,0.002423359453678109,0.00720718709958924,0.007002702968505518,0.354352946082751,0.004352946082750997,0.0038286183973486663,0.00628662109375,0.0037570452855124593,0.007763924542814493,0.010625366943093649,0.02491453998675559,1.0,1.0,0,1,0.75,72,0.19975333391792244,1.0,1.0,0.75,72,-0.20937265931732124,1.0,1.0,0.75,72,0.20545272570517328,1.0,1.0,0.75,72,-0.1902679999669393,1.0,1.0
energy_s0.400_d0.750_v0.350_walk_p0.48.npz,1,0.35,0.75,0.4,0.48,walk,1,1,1,0.014369490869038392,1,0.4025579028957535,0.7750120150374487,40.37290631270422,77.44253785833388,0.679290771484375,0.75,0.0,0.4022687514209085,0.002268751420908488,0.007013072942694026,0.006834900689621764,0.3541340023900072,0.004134002390007219,0.0032879577749018963,0.006500244140625,0.0032860205943020474,0.007214459124952555,0.010877073835586181,0.024987351917185357,1.0,1.0,0,1,0.75,72,0.1998691720267137,1.0,1.0,0.75,72,-0.20887455137239563,1.0,1.0,0.75,72,0.2053757802479797,1.0,1.0,0.75,72,-0.19041799919472802,1.0,1.0
energy_s0.400_d0.750_v0.350_walk_p0.48.npz,2,0.35,0.75,0.4,0.48,walk,1,1,1,0.013935554222139645,1,0.4025220003493293,0.7742875177815345,40.342556660676735,77.37040220594089,0.67962646484375,0.75,0.0,0.40221840722693336,0.002218407226933339,0.00712055924038092,0.006930061041687923,0.3542305566370487,0.0042305566370487435,0.0034901592781433786,0.0063934326171875,0.0035088122796774614,0.007488193456083536,0.010713354853727604,0.025044550136483153,1.0,1.0,0,1,0.75,72,0.19974717642698023,1.0,1.0,0.75,72,-0.20910155090192953,1.0,1.0,0.75,72,0.20537452234162223,1.0,1.0,0.75,72,-0.19021356478333473,1.0,1.0
energy_s0.400_d0.750_v0.350_walk_p0.48.npz,3,0.35,0.75,0.4,0.48,walk,1,1,1,0.013765264275221135,1,0.4077988025922941,0.7830677169620717,40.8350278180599,78.59226782769643,0.6810150146484375,0.75,0.0,0.4018973910974132,0.0018973910974131591,0.0070080597160591005,0.006833102212597923,0.35506744775921106,0.005067447759211086,0.005793729212200393,0.01007080078125,0.0027465044946448137,0.006015234161168337,0.011555637118082485,0.024002523179743992,1.0,1.0,0,1,0.75,72,0.20001942892041472,1.0,1.0,0.75,72,-0.20846360694203112,1.0,1.0,0.75,72,0.20530189014971256,1.0,1.0,0.75,72,-0.19000985618266794,1.0,1.0
energy_s0.400_d0.750_v0.350_walk_p0.48.npz,4,0.35,0.75,0.4,0.48,walk,1,1,1,0.01355949654565542,1,0.40271599518198,0.7711660383614128,40.38263170257345,77.46541042232991,0.6808698177337646,0.75,0.0,0.40219762083142996,0.002197620831429936,0.007161883006079327,0.006973804797356324,0.3549749543890357,0.004974954389035724,0.005087249342334846,0.008758544921875,0.003729523491764318,0.0073262532241642475,0.011107374861650709,0.024617529958593558,1.0,1.0,0,1,0.75,72,0.19980255224638516,1.0,1.0,0.75,72,-0.20908372725049654,1.0,1.0,0.75,72,0.20540764348374474,1.0,1.0,0.75,72,-0.19010131868223348,1.0,1.0
energy_s0.400_d0.750_v0.350_walk_p0.48.npz,5,0.35,0.75,0.4,0.48,walk,1,1,1,0.0075947542561366,1,0.4044087286860204,0.7699306733112479,40.5760968492698,77.51319225588873,0.6805801391601562,0.75,0.0,0.4019863780380951,0.0019863780380950935,0.007082688342779872,0.0069151504818970935,0.35498194210231304,0.004981942102313064,0.005308420869150309,0.00914764404296875,0.0034587046144484252,0.006970179732888937,0.010931322083610315,0.02397483189597931,1.0,1.0,0,1,0.75,72,0.1996209267526865,1.0,1.0,0.75,72,-0.20885897614061832,1.0,1.0,0.75,72,0.20543192078669867,1.0,1.0,0.75,72,-0.1900609323961867,1.0,1.0
energy_s0.400_d0.750_v0.350_walk_p0.48.npz,6,0.35,0.75,0.4,0.48,walk,1,1,1,0.013609540113996732,1,0.40357833568365425,0.7800020431027666,40.54147245077884,78.21985864814874,0.6809234619140625,0.75,0.0,0.4021015404206183,0.0021015404206182753,0.007033208892163301,0.006856780297433335,0.3553560481717189,0.005356048171718919,0.007568746234507417,0.0123748779296875,0.0027447772334280355,0.005668994039297104,0.011544388009708799,0.024668228183512234,1.0,1.0,0,1,0.75,72,0.20014709068669212,1.0,1.0,0.75,72,-0.2087282588084539,1.0,1.0,0.75,72,0.20515878539946344,1.0,1.0,0.75,72,-0.1901689459466272,1.0,1.0
energy_s0.400_d0.750_v0.350_walk_p0.48.npz,7,0.35,0.75,0.4,0.48,walk,1,1,1,0.007983780233493715,1,0.40305079476043815,0.7768116502764568,40.41519350550387,77.93934685943336,0.6806640625,0.75,0.0,0.4022506430952085,0.0022506430952085044,0.007003072245667376,0.006829516993214685,0.35498904064297676,0.004989040642976783,0.006422138814692496,0.010953903198242188,0.002651400861928146,0.0052421074360609055,0.01127352259055321,0.02547105613451497,1.0,1.0,0,1,0.75,72,0.20022845847739112,1.0,1.0,0.75,72,-0.20876673836674955,1.0,1.0,0.75,72,0.20511680634485352,1.0,1.0,0.75,72,-0.19038928300142288,1.0,1.0
energy_s0.500_d0.750_v0.350_walk_p0.48.npz,0,0.35,0.75,0.5,0.48,walk,1,1,1,0.010454516591261865,1,0.4383181989838243,0.807364594228928,44.12624577943416,81.23387419400008,0.6832275390625,0.75,0.0,0.49766516426785123,0.0023348357321487656,0.007818147798793184,0.007806308257083098,0.35637021778772277,0.006370217787722787,0.0016209964933673927,0.002471923828125,0.004002501770909505,0.00678359204903245,0.007700625444671834,0.027180720052444398,1.0,1.0,0,1,0.75,72,0.2458329304224915,1.0,1.0,0.75,72,-0.259862307459116,1.0,1.0,0.75,72,0.2509785830560658,1.0,1.0,0.75,72,-0.23865650759802925,1.0,1.0
energy_s0.500_d0.750_v0.350_walk_p0.48.npz,1,0.35,0.75,0.5,0.48,walk,1,1,1,0.0057072327806128535,1,0.4386916410904338,0.8115703513614325,44.13278469824451,81.63187694560824,0.6825714111328125,0.75,0.0,0.4976488433571325,0.0023511566428675024,0.007696242640829748,0.00773211595757554,0.3558304576824109,0.005830457682410917,0.0008476600102115619,0.00140380859375,0.004697373347818349,0.007951581850647926,0.007754621170188875,0.027372376206859943,1.0,1.0,0,1,0.75,72,0.24582536394397417,1.0,1.0,0.75,72,-0.25966358474559253,1.0,1.0,0.75,72,0.2510700248595741,1.0,1.0,0.75,72,-0.23873871316512427,1.0,1.0
energy_s0.500_d0.750_v0.350_walk_p0.48.npz,2,0.35,0.75,0.5,0.48,walk,1,1,1,0.002667936469443505,1,0.4387243708957582,0.809627545211397,44.18636290097176,81.56004046694449,0.6833953857421875,0.75,0.0,0.4976488213158316,0.002351178684168398,0.0077732301627596225,0.007792225029940407,0.35637514883031446,0.006375148830314481,0.002014400968701841,0.0027008056640625,0.004582904873583038,0.008106950670480728,0.007698873507802174,0.02713175061505125,1.0,1.0,0,1,0.75,72,0.24571492585043112,1.0,1.0,0.75,72,-0.2598102216919263,1.0,1.0,0.75,72,0.25108717733787167,1.0,1.0,0.75,72,-0.23868531775143412,1.0,1.0
energy_s0.500_d0.750_v0.350_walk_p0.48.npz,3,0.35,0.75,0.5,0.48,walk,1,1,1,0.008943013632953453,1,0.4388056426254964,0.8114137799839927,44.25647487384911,81.80789414653403,0.684417724609375,0.75,0.0,0.4973799876040883,0.002620012395911697,0.007919363263580535,0.007896723380933205,0.3567059279109041,0.00670592791090413,0.003785755037217443,0.00433349609375,0.005171913010129877,0.008580584079027176,0.007767790036860149,0.027317376487181123,1.0,1.0,0,1,0.75,72,0.24548347397810882,1.0,1.0,0.75,72,-0.25985068413946366,1.0,1.0,0.75,72,0.2511176576630937,1.0,1.0,0.75,72,-0.23830815942751038,1.0,1.0
energy_s0.500_d0.750_v0.350_walk_p0.48.npz,4,0.35,0.75,0.5,0.48,walk,1,1,1,0.001465882477310517,1,0.4388580243103667,0.8111281572915681,44.22647541702767,81.7485614352646,0.6839663982391357,0.75,0.0,0.4974795558179418,0.0025204441820582124,0.007832726722376213,0.007840520508276919,0.3565677283331752,0.0065677283331752045,0.002603698790262952,0.003204345703125,0.004780400477615807,0.008043443784117699,0.007792993092154696,0.027115664239513507,1.0,1.0,0,1,0.75,72,0.2456451559232341,1.0,1.0,0.75,72,-0.25981609730256927,1.0,1.0,0.75,72,0.2510593852235211,1.0,1.0,0.75,72,-0.23843847318655914,1.0,1.0
energy_s0.500_d0.750_v0.350_walk_p0.48.npz,5,0.35,0.75,0.5,0.48,walk,1,1,1,0.010401556270718362,1,0.4387804430501285,0.8108885779027546,44.20458119556188,81.70688323635238,0.683990478515625,0.75,0.0,0.49743914759407437,0.002560852405925629,0.007869058857775398,0.007863732365270456,0.356596431384484,0.006596431384484014,0.0035501983809931377,0.00409698486328125,0.005130341774006691,0.00863435585051775,0.0077716703139807265,0.027389899299304122,1.0,1.0,0,1,0.75,72,0.24559528339240286,1.0,1.0,0.75,72,-0.2598292657898532,1.0,1.0,0.75,72,0.25109821288949913,1.0,1.0,0.75,72,-0.23835553311639363,1.0,1.0
energy_s0.500_d0.750_v0.350_walk_p0.48.npz,6,0.35,0.75,0.5,0.48,walk,1,1,1,0.0051450332545691525,1,0.43886063340503756,0.8103070379271522,44.15146290990194,81.53117016846409,0.68280029296875,0.75,0.0,0.4976281654089689,0.0023718345910310745,0.007713490372730626,0.007745962784004708,0.35582319119324285,0.0058231911932428715,0.0007472401897976697,0.00147247314453125,0.004614196442308397,0.007657241076231003,0.007763489177726758,0.027287864473099006,1.0,1.0,0,1,0.75,72,0.2457580291148689,1.0,1.0,0.75,72,-0.25968284780780476,1.0,1.0,0.75,72,0.25108533683750367,1.0,1.0,0.75,72,-0.23873011705776057,1.0,1.0
energy_s0.500_d0.750_v0.350_walk_p0.48.npz,7,0.35,0.75,0.5,0.48,walk,1,1,1,0.005077712935627459,1,0.43884343680800353,0.8099745832009312,44.123305230372786,81.44114111337436,0.682586669921875,0.75,0.0,0.49767667044781977,0.002323329552180231,0.00771965402074986,0.007738651125691831,0.3556472721199195,0.0056472721199195,0.002434788203736147,0.00310516357421875,0.0051254406030782395,0.008778328076004982,0.007670304256421922,0.02755435057463398,1.0,1.0,0,1,0.75,72,0.24570254484812418,1.0,1.0,0.75,72,-0.2596889018184609,1.0,1.0,0.75,72,0.25116164113084477,1.0,1.0,0.75,72,-0.2388002530982097,1.0,1.0
energy_s0.100_d0.750_v0.400_walk_p0.48.npz,0,0.4,0.75,0.1,0.48,walk,1,1,1,0.003632710100024509,1,0.2952389635385657,0.6033487187371565,33.57576259065023,68.55059924252741,0.77166748046875,0.75,0.0,0.10009342033622994,9.342033622992962e-05,0.0050062603110240566,0.005298970577617486,0.4021224242945512,0.002122424294551173,0.007055877013551287,0.009429931640625,0.03461946136001318,0.03738528862595558,0.01188588151293505,0.02300145044494588,1.0,1.0,0,1,0.75,72,0.04594260495569971,1.0,1.0,0.75,72,-0.05519508673912949,1.0,1.0,0.75,72,0.050960385551055275,1.0,1.0,0.75,72,-0.04808876342657539,1.0,1.0
energy_s0.100_d0.750_v0.400_walk_p0.48.npz,1,0.4,0.75,0.1,0.48,walk,1,1,1,0.0034328160794795033,1,0.2950882256451001,0.6054598751973368,33.522616115110885,68.70100816553095,0.7704620361328125,0.75,0.0,0.0999537218724274,4.627812757260208e-05,0.005020312258663277,0.005292367226987456,0.40222312044352293,0.002223120443522908,0.005857455747247158,0.0084228515625,0.034470163437788484,0.03707257658243179,0.011894887086798185,0.023064710102597315,1.0,1.0,0,1,0.75,72,0.04583121298087968,1.0,1.0,0.75,72,-0.05513214273378253,1.0,1.0,0.75,72,0.05098463103382124,1.0,1.0,0.75,72,-0.04795945699637135,1.0,1.0
energy_s0.100_d0.750_v0.400_walk_p0.48.npz,2,0.4,0.75,0.1,0.48,walk,1,1,1,0.0025879672863883354,1,0.29581796252056103,0.6052523833774903,33.595842403289346,68.680978633693,0.770843505859375,0.75,0.0,0.09998941455139881,1.0585448601191372e-05,0.00501118759986841,0.005287152563687413,0.4022335484623909,0.0022335484623908775,0.005824875136993479,0.008056640625,0.03457812435466867,0.03720928728580475,0.01190348531061773,0.022979054562045454,1.0,1.0,0,1,0.75,72,0.0458456025355392,1.0,1.0,0.75,72,-0.05510850690512194,1.0,1.0,0.75,72,0.05100659074054824,1.0,1.0,0.75,72,-0.048018128921588264,1.0,1.0
energy_s0.100_d0.750_v0.400_walk_p0.48.npz,3,0.4,0.75,0.1,0.48,walk,1,1,1,0.00227994023018098,1,0.2956148765176949,0.60483238572554,33.585701269249306,68.69993056598716,0.7707977294921875,0.75,0.0,0.09995718349495696,4.2816505043050124e-05,0.005026277198663188,0.005297689848036195,0.4023363698894779,0.002336369889477885,0.0077318847846628725,0.01019287109375,0.034584495681628184,0.03716582804918289,0.011913023815932908,0.022998278937002826,1.0,1.0,0,1,0.75,72,0.04579252703115344,1.0,1.0,0.75,72,-0.055117400414827794,1.0,1.0,0.75,72,0.05102213166861071,1.0,1.0,0.75,72,-0.04798230787532197,1.0,1.0
energy_s0.100_d0.750_v0.400_walk_p0.48.npz,4,0.4,0.75,0.1,0.48,walk,1,1,1,0.0060010068125223096,1,0.29652632178925176,0.6050058859044544,33.702809231621075,68.77536030364035,0.7713601589202881,0.75,0.0,0.10025629297726685,0.0002562929772668421,0.005026355328866177,0.005325872619869186,0.4023063726102312,0.0023063726102312,0.009411103753476539,0.012451171875,0.03445783890118669,0.03712183237075806,0.011947961571052474,0.022843309176533502,1.0,1.0,0,1,0.75,72,0.04606896100772752,1.0,1.0,0.75,72,-0.05537392902705404,1.0,1.0,0.75,72,0.05098999534837074,1.0,1.0,0.75,72,-0.04807970057138138,1.0,1.0
energy_s0.100_d0.750_v0.400_walk_p0.48.npz,5,0.4,0.75,0.1,0.48,walk,1,1,1,0.0013090872946482717,1,0.29586907546772345,0.6066077375222565,33.61401395481416,68.90649063133225,0.7712173461914062,0.75,0.0,0.10008909646421671,8.909646421670359e-05,0.005020100297406316,0.005300386698218061,0.40231490042060614,0.002314900420606114,0.006286309319005692,0.0088043212890625,0.034418453590881665,0.036981064826250076,0.011949918574927896,0.022828337957211817,1.0,1.0,0,1,0.75,72,0.04594383481889963,1.0,1.0,0.75,72,-0.05524015281763342,1.0,1.0,0.75,72,0.05098888428053922,1.0,1.0,0.75,72,-0.04800532101136115,1.0,1.0
energy_s0.100_d0.750_v0.400_walk_p0.48.npz,6,0.4,0.75,0.1,0.48,walk,1,1,1,0.0036821142155593557,1,0.2960613836799875,0.6048774808022972,33.61630888312483,68.76374580618901,0.771148681640625,0.75,0.0,0.09997972861553232,2.0271384467682174e-05,0.005032573573084341,0.00530308797606267,0.4022747091948986,0.002274709194898583,0.007877044848863582,0.01038360595703125,0.034565272195796075,0.03716092184185982,0.011904267831048938,0.023080030297567604,1.0,1.0,0,1,0.75,72,0.045803815902521215,1.0,1.0,0.75,72,-0.05515003876967563,1.0,1.0,0.75,72,0.05102832434285018,1.0,1.0,0.75,72,-0.04797727821601762,1.0,1.0
energy_s0.100_d0.750_v0.400_walk_p0.48.npz,7,0.4,0.75,0.1,0.48,walk,1,1,1,0.002781628687091595,1,0.2957748223295824,0.6047075471572337,33.56380811682597,68.64797285449936,0.77044677734375,0.75,0.0,0.09991275221626791,8.724778373209174e-05,0.005001110260167884,0.005273346141135941,0.4021946741268039,0.0021946741268038528,0.0069411567145375875,0.0093841552734375,0.03478310886588149,0.03740594908595085,0.011889004029805495,0.023210542945568353,1.0,1.0,0,1,0.75,72,0.04578282358124852,1.0,1.0,0.75,72,-0.055050360711498394,1.0,1.0,0.75,72,0.05097556362549464,1.0,1.0,0.75,72,-0.04801675651429428,1.0,1.0
energy_s0.200_d0.750_v0.400_walk_p0.48.npz,0,0.4,0.75,0.2,0.48,walk,1,1,1,0.0023754824569986186,1,0.3098467128303769,0.6196930281546316,35.18591290211016,70.3730005870616,0.770965576171875,0.75,0.0,0.18856572178709838,0.011434278212901633,0.007114909542724493,0.006800017804683499,0.4021594962105155,0.002159496210515477,0.011059148396548563,0.015472412109375,0.010521085661988231,0.013782060705125332,0.015300086004104796,0.02202833916409994,1.0,1.0,0,1,0.75,72,0.0902889645141032,1.0,1.0,0.75,72,-0.09944034533368216,1.0,1.0,0.75,72,0.0978628485980961,1.0,1.0,0.75,72,-0.08953928512831529,1.0,1.0
energy_s0.200_d0.750_v0.400_walk_p0.48.npz,1,0.4,0.75,0.2,0.48,walk,1,1,1,0.00481331966514302,1,0.3101154329817547,0.620663083412991,35.34630522843027,70.66274717159874,0.77349853515625,0.75,0.0,0.18880065742673147,0.011199342573268545,0.006769328021133943,0.006548142433166507,0.40333576252063114,0.0033357625206311137,0.010176272497107595,0.0137481689453125,0.013322050184578134,0.016690019518136978,0.01493026433508244,0.023155837999126353,1.0,1.0,0,1,0.75,72,0.09114961698651314,1.0,1.0,0.75,72,-0.0993964151582784,1.0,1.0,0.75,72,0.09699488213906686,1.0,1.0,0.75,72,-0.0900604005696045,1.0,1.0
energy_s0.200_d0.750_v0.400_walk_p0.48.npz,2,0.4,0.75,0.2,0.48,walk,1,1,1,0.002186897208491529,1,0.3108010412275817,0.6223184786576262,35.395241132321345,70.80993080730546,0.772705078125,0.75,0.0,0.18886106456112528,0.01113893543887473,0.006764219861684576,0.006538299083088838,0.4032480443517367,0.003248044351736701,0.009680155542207384,0.01361083984375,0.01355397304887206,0.016972703859210014,0.01492172265025084,0.023259283619733766,1.0,1.0,0,1,0.75,72,0.09121864340785477,1.0,1.0,0.75,72,-0.09944542621572812,1.0,1.0,0.75,72,0.09703902589778106,1.0,1.0,0.75,72,-0.09001903360088666,1.0,1.0
energy_s0.200_d0.750_v0.400_walk_p0.48.npz,3,0.4,0.75,0.2,0.48,walk,1,1,1,0.005427087444163811,1,0.3107884896033438,0.6200867275747337,35.48065893356661,70.77244795235475,0.7743301391601562,0.75,0.0,0.18872120081343585,0.011278799186564159,0.006841014589493477,0.006604826842279486,0.4038472268730402,0.003847226873040177,0.011414007911330199,0.01519775390625,0.012902286633372588,0.016447093337774277,0.015051915678427454,0.023229929010116432,1.0,1.0,0,1,0.75,72,0.09095319350146586,1.0,1.0,0.75,72,-0.09942175013323624,1.0,1.0,0.75,72,0.09712959825992584,1.0,1.0,0.75,72,-0.08993785973224375,1.0,1.0
energy_s0.200_d0.750_v0.400_walk_p0.48.npz,4,0.4,0.75,0.2,0.48,walk,1,1,1,0.00018773962365700508,1,0.31076892322952354,0.6206741785416208,35.371395609550504,70.65161893467265,0.772555947303772,0.75,0.0,0.1883267577116688,0.01167324228833122,0.007079601163665457,0.006787402481616789,0.4029390023400386,0.0029390023400385767,0.012669605180400483,0.016571044921875,0.012259874922651359,0.015483496710658073,0.015195513165674628,0.022769934505119157,1.0,1.0,0,1,0.75,72,0.09045053490748008,1.0,1.0,0.75,72,-0.09929445582545465,1.0,1.0,0.75,72,0.09738738441632853,1.0,1.0,0.75,72,-0.08952114027407435,1.0,1.0
energy_s0.200_d0.750_v0.400_walk_p0.48.npz,5,0.4,0.75,0.2,0.48,walk,1,1,1,0.005301254067774033,1,0.3104029591965649,0.6206058069937822,35.384653516791616,70.678014963089,0.7728729248046875,0.75,0.0,0.18858680718888837,0.011413192811111639,0.006932753127896127,0.006665951719818018,0.40311321926613647,0.0031132192661364466,0.012095580097445623,0.01602935791015625,0.012730273579729489,0.016308769583702087,0.015069772468469314,0.022929187421848147,1.0,1.0,0,1,0.75,72,0.09079140341944164,1.0,1.0,0.75,72,-0.09937095880094501,1.0,1.0,0.75,72,0.09722092292375034,1.0,1.0,0.75,72,-0.08979032923363978,1.0,1.0
energy_s0.200_d0.750_v0.400_walk_p0.48.npz,6,0.4,0.75,0.2,0.48,walk,1,1,1,0.001989431193241974,1,0.3113106870926298,0.6218809741362671,35.4578209284161,70.85412296326466,0.773223876953125,0.75,0.0,0.18879902238647145,0.011200977613528562,0.006797749528454413,0.006566465603342904,0.4031995103384058,0.0031995103384057644,0.00911137164485798,0.012908935546875,0.01346641994247029,0.016968492418527603,0.014940163654163719,0.02341667556170246,1.0,1.0,0,1,0.75,72,0.0911594433709979,1.0,1.0,0.75,72,-0.09944190881732437,1.0,1.0,0.75,72,0.09707905052022801,1.0,1.0,0.75,72,-0.08991764206439257,1.0,1.0
energy_s0.200_d0.750_v0.400_walk_p0.48.npz,7,0.4,0.75,0.2,0.48,walk,1,1,1,0.0022771784070859096,1,0.31060900304626116,0.620743124172628,35.39550034641697,70.7314309193381,0.7731475830078125,0.75,0.0,0.18881512847211626,0.01118487152788375,0.006783767706818054,0.006555363303050401,0.4031668125341336,0.0031668125341335895,0.010432988940720459,0.014219284057617188,0.013569809872678192,0.016862057149410248,0.014934440556009827,0.02310945259168372,1.0,1.0,0,1,0.75,72,0.0911828816557924,1.0,1.0,0.75,72,-0.09943633071250385,1.0,1.0,0.75,72,0.09704042846957843,1.0,1.0,0.75,72,-0.08997061610635784,1.0,1.0
energy_s0.300_d0.750_v0.400_walk_p0.48.npz,0,0.4,0.75,0.3,0.48,walk,1,1,1,0.01226675510525503,1,0.3435542264129877,0.6717645976297848,39.125176508374366,76.4049761456088,0.77252197265625,0.75,0.0,0.29263010289933944,0.00736989710066055,0.007428307645022867,0.007119282397131124,0.40278217537949484,0.0027821753794948223,0.013886586171088284,0.01800537109375,0.004603572264816559,0.00820234790444374,0.014188043810988182,0.025110453054032526,1.0,1.0,0,1,0.75,72,0.14245715137157175,1.0,1.0,0.75,72,-0.15348412158588567,1.0,1.0,0.75,72,0.15205907076597214,1.0,1.0,0.75,72,-0.13725986207524934,1.0,1.0
energy_s0.300_d0.750_v0.400_walk_p0.48.npz,1,0.4,0.75,0.3,0.48,walk,1,1,1,0.010881102469281999,1,0.34523721899816817,0.6759418939748816,39.281609015356274,76.85753642162942,0.7725982666015625,0.75,0.0,0.2926302131058441,0.007369786894155905,0.00729872891679406,0.007010364617841938,0.4029050975417097,0.0029050975417097002,0.013098087244746967,0.0174102783203125,0.0033997045889902003,0.006732061970978975,0.01402665169513859,0.02570394232530706,1.0,1.0,0,1,0.75,72,0.14269599008063474,1.0,1.0,0.75,72,-0.15330404477814832,1.0,1.0,0.75,72,0.151842069087757,1.0,1.0,0.75,72,-0.13741832226514816,1.0,1.0
energy_s0.300_d0.750_v0.400_walk_p0.48.npz,2,0.4,0.75,0.3,0.48,walk,1,1,1,0.011504181698623495,1,0.34512560764945266,0.6733692082490594,39.235638203300425,76.60812196639984,0.7716827392578125,0.75,0.0,0.2924362354808383,0.0075637645191616865,0.007437734864652156,0.007135460719776649,0.40255977399647236,0.0025597739964723365,0.013579516351196292,0.0181427001953125,0.003403580524442741,0.006856357213109732,0.0141682215969197,0.0252365135552549,1.0,1.0,0,1,0.75,72,0.14241856377985743,1.0,1.0,0.75,72,-0.15330264220635095,1.0,1.0,0.75,72,0.1520072372837199,1.0,1.0,0.75,72,-0.1371440276917484,1.0,1.0
energy_s0.300_d0.750_v0.400_walk_p0.48.npz,3,0.4,0.75,0.3,0.48,walk,1,1,1,0.0016489702836961484,1,0.3442235908886492,0.6717683046693681,39.23752031022667,76.56599578610368,0.7737045288085938,0.75,0.0,0.2925082699706157,0.0074917300293843025,0.007387576686839261,0.007079772721044718,0.4036437983935078,0.003643798393507758,0.016220134640553205,0.0203704833984375,0.004073074747214483,0.007552192080765963,0.014091872191261684,0.025147536828595895,1.0,1.0,0,1,0.75,72,0.1424982026219368,1.0,1.0,0.75,72,-0.1534054275188181,1.0,1.0,0.75,72,0.15182732852796713,1.0,1.0,0.75,72,-0.13728558127250937,1.0,1.0
energy_s0.300_d0.750_v0.400_walk_p0.48.npz,4,0.4,0.75,0.3,0.48,walk,1,1,1,0.0012550815774817292,1,0.34385841392645056,0.6714679901158043,39.2042934717699,76.60650140585004,0.7737576365470886,0.75,0.0,0.29254363549666274,0.007456364503337254,0.007364341440714066,0.007063261000439522,0.4035245698566238,0.003524569856623805,0.015271497679324172,0.01934814453125,0.003936819990962015,0.007232014089822769,0.014129883204669005,0.025239563230818027,1.0,1.0,0,1,0.75,72,0.14251113600201076,1.0,1.0,0.75,72,-0.15339957322511408,1.0,1.0,0.75,72,0.15183716805444825,1.0,1.0,0.75,72,-0.13733939371175236,1.0,1.0
energy_s0.300_d0.750_v0.400_walk_p0.48.npz,5,0.4,0.75,0.3,0.48,walk,1,1,1,0.0008472196756824341,1,0.34371810955913423,0.6708656651801082,39.199459876014366,76.51460338641809,0.7739715576171875,0.75,0.0,0.2925097986848818,0.0074902013151181834,0.00737507545078794,0.007071859746550518,0.4035969677691658,0.003596967769165793,0.016011372201229095,0.0201568603515625,0.0038280202826634405,0.00720425508916378,0.014115955021995166,0.02519979776524256,1.0,1.0,0,1,0.75,72,0.14250815225144228,1.0,1.0,0.75,72,-0.15338610774940914,1.0,1.0,0.75,72,0.15182619997196728,1.0,1.0,0.75,72,-0.13729913739694488,1.0,1.0
energy_s0.300_d0.750_v0.400_walk_p0.48.npz,6,0.4,0.75,0.3,0.48,walk,1,1,1,0.011316305496281515,1,0.3451475170528563,0.6744568599897631,39.229463320134094,76.63117250918846,0.7717132568359375,0.75,0.0,0.2923844875767827,0.0076155124232172855,0.007426738335440554,0.007120885342980422,0.40246554122616846,0.002465541226168433,0.010460050818534562,0.0146942138671875,0.003268495089533064,0.0067503307946026325,0.014084738999825784,0.025388782914352998,1.0,1.0,0,1,0.75,72,0.14245343104832703,1.0,1.0,0.75,72,-0.1532385405153036,1.0,1.0,0.75,72,0.15194677830570275,1.0,1.0,0.75,72,-0.13713022528423202,1.0,1.0
energy_s0.300_d0.750_v0.400_walk_p0.48.npz,7,0.4,0.75,0.3,0.48,walk,1,1,1,0.012363598044291678,1,0.3444796045245948,0.6721391873151299,39.292512201783794,76.66769625334743,0.7734375,0.75,0.0,0.29259326960891485,0.007406730391085137,0.007321107791115838,0.007026544384037453,0.403046072460711,0.00304607246071098,0.012338848311430775,0.016345977783203125,0.003259704024034936,0.006325192749500275,0.013995019064025836,0.025565076690256445,1.0,1.0,0,1,0.75,72,0.14268015594118172,1.0,1.0,0.75,72,-0.15336306393146515,1.0,1.0,0.75,72,0.15181276512642702,1.0,1.0,0.75,72,-0.13733055421875584,1.0,1.0
energy_s0.400_d0.750_v0.400_walk_p0.48.npz,0,0.4,0.75,0.4,0.48,walk,1,1,1,0.007158283736491901,1,0.385195470956401,0.7355667418605938,43.775858341007435,83.59212967050333,0.772705078125,0.75,0.0,0.4032641298448046,0.003264129844804564,0.008160366293870739,0.007892839657142756,0.40328159648925066,0.0032815964892506377,0.002550358358600619,0.004119873046875,0.004665378411893712,0.008866549469530582,0.010876579656812097,0.028370528468558313,1.0,1.0,0,1,0.75,72,0.1987223414083322,1.0,1.0,0.75,72,-0.21087559560934702,1.0,1.0,0.75,72,0.20700191251105732,1.0,1.0,0.75,72,-0.18992841016087267,1.0,1.0
energy_s0.400_d0.750_v0.400_walk_p0.48.npz,1,0.4,0.75,0.4,0.48,walk,1,1,1,0.016414772886840588,1,0.38693295926912674,0.7381692135105034,43.93271852522081,83.74512047810671,0.7731781005859375,0.75,0.0,0.4036157592717144,0.0036157592717143694,0.007930217538442875,0.007674741279333828,0.40319977266093093,0.0031997726609309107,0.0015772085626162414,0.00286865234375,0.002977742184987987,0.006094981450587511,0.011017864770769693,0.028446835673203736,1.0,1.0,0,1,0.75,72,0.19941766063372293,1.0,1.0,0.75,72,-0.2106445367551512,1.0,1.0,0.75,72,0.20668845416771042,1.0,1.0,0.75,72,-0.19048086698684427,1.0,1.0
energy_s0.400_d0.750_v0.400_walk_p0.48.npz,2,0.4,0.75,0.4,0.48,walk,1,1,1,0.015581068342753633,1,0.38778880338410593,0.7375703726164615,44.148001311663386,83.97158994091666,0.774078369140625,0.75,0.0,0.4037053784769442,0.0037053784769441878,0.007983902562409637,0.007727120568354923,0.403746934607625,0.0037469346076249854,0.001721257885986005,0.0038604736328125,0.0028211049842231106,0.005136873107403517,0.011185734510484243,0.027710028512623153,1.0,1.0,0,1,0.75,72,0.19951061138676274,1.0,1.0,0.75,72,-0.21078885388043192,1.0,1.0,0.75,72,0.20667753078871304,1.0,1.0,0.75,72,-0.1904337608979808,1.0,1.0
energy_s0.400_d0.750_v0.400_walk_p0.48.npz,3,0.4,0.75,0.4,0.48,walk,1,1,1,0.013097497392792333,1,0.38375251974696345,0.7330283079479374,43.8274856453979,83.56880322215966,0.7730255126953125,0.75,0.0,0.40346197183761334,0.00346197183761332,0.008017112687230108,0.007762544462457297,0.4031021095191439,0.0031021095191438586,0.004736701315256388,0.006744384765625,0.003166249283764795,0.006889283191412687,0.011002218102961276,0.028928935101559757,1.0,1.0,0,1,0.75,72,0.19911969039175245,1.0,1.0,0.75,72,-0.21072365012433794,1.0,1.0,0.75,72,0.20682956216235956,1.0,1.0,0.75,72,-0.1902510409967767,1.0,1.0
energy_s0.400_d0.750_v0.400_walk_p0.48.npz,4,0.4,0.75,0.4,0.48,walk,1,1,1,0.014647615675173233,1,0.3819507865360079,0.729443917306954,43.5798509162847,83.24703737611469,0.77438884973526,0.75,0.0,0.40355109164698255,0.0035510916469825293,0.008055540660603176,0.007799099354694285,0.40377028348545235,0.0037702834854523304,0.003293885982377576,0.005279541015625,0.0033744941997027045,0.007078226655721664,0.011022330747812602,0.029136005118339373,1.0,1.0,0,1,0.75,72,0.19928273662096924,1.0,1.0,0.75,72,-0.2108987145539787,1.0,1.0,0.75,72,0.20666145098706087,1.0,1.0,0.75,72,-0.1902592811319563,1.0,1.0
energy_s0.400_d0.750_v0.400_walk_p0.48.npz,5,0.4,0.75,0.4,0.48,walk,1,1,1,0.014499621967994552,1,0.3826089713448282,0.7306778533000385,43.599250651707784,83.39001427102731,0.7747344970703125,0.75,0.0,0.4036116229577197,0.0036116229577196624,0.007993490414486989,0.00774473832764973,0.4038916376108925,0.003891637610892451,0.0029147171498578547,0.00481414794921875,0.0031842696951425624,0.006453454028815031,0.011063007700616558,0.029660605003140505,1.0,1.0,0,1,0.75,72,0.19946035308142504,1.0,1.0,0.75,72,-0.2108122075183524,1.0,1.0,0.75,72,0.20655565398434797,1.0,1.0,0.75,72,-0.19039503133131397,1.0,1.0
energy_s0.400_d0.750_v0.400_walk_p0.48.npz,6,0.4,0.75,0.4,0.48,walk,1,1,1,0.017295938140793627,1,0.38608670423256297,0.7352117306933328,43.91492716161832,83.81901183663807,0.7736663818359375,0.75,0.0,0.4036654748229517,0.003665474822951653,0.007901385685222015,0.007663542699689664,0.40327512255559367,0.003275122555593646,0.001673175135841269,0.0031890869140625,0.0032525650155001834,0.007416643667966127,0.011003774247847353,0.029338303485664168,1.0,1.0,0,1,0.75,72,0.19939283157388368,1.0,1.0,0.75,72,-0.21068562505145869,1.0,1.0,0.75,72,0.20671101287007332,1.0,1.0,0.75,72,-0.1905414801504877,1.0,1.0
energy_s0.400_d0.750_v0.400_walk_p0.48.npz,7,0.4,0.75,0.4,0.48,walk,1,1,1,0.018490792775190612,1,0.3849181066272021,0.735694177543422,43.80694670933485,83.62155682087099,0.7727813720703125,0.75,0.0,0.4036040509947472,0.003604050994747199,0.007900270084953968,0.007665885185512401,0.4030658233289917,0.0030658233289916903,0.0038110433354211445,0.005702972412109375,0.003227464043706962,0.007191664073616266,0.010838608711475932,0.02994240245772894,1.0,1.0,0,1,0.75,72,0.19939427822828293,1.0,1.0,0.75,72,-0.2106593410587973,1.0,1.0,0.75,72,0.20666295869482887,1.0,1.0,0.75,72,-0.19049152400758532,1.0,1.0
energy_s0.500_d0.750_v0.400_walk_p0.48.npz,0,0.4,0.75,0.5,0.48,walk,1,1,1,0.013620546962894643,1,0.4170351085992719,0.7768020354354552,47.54113571860522,88.2673087102815,0.773406982421875,0.75,0.0,0.49877353540311253,0.0012264645968874666,0.00838127861627274,0.00819067501773437,0.40365521019945544,0.0036552101994554165,0.003445125731554871,0.0050048828125,0.0066821441201433095,0.010527425445616245,0.007977657235182513,0.03179859848047909,1.0,1.0,0,1,0.75,72,0.24517319144474137,1.0,1.0,0.75,72,-0.2606844968265957,1.0,1.0,0.75,72,0.2523929596775108,1.0,1.0,0.75,72,-0.23929642285737726,1.0,1.0
energy_s0.500_d0.750_v0.400_walk_p0.48.npz,1,0.4,0.75,0.5,0.48,walk,1,1,1,0.0066341014732221835,1,0.4155950626242627,0.7707613926521968,47.45725297392112,87.91122149943307,0.774139404296875,0.75,0.0,0.4986666324031022,0.0013333675968977832,0.008433193847950961,0.00824021955486387,0.40326840461542207,0.003268404615422049,0.0029570732558585207,0.0041961669921875,0.006669025566067411,0.010466708801686764,0.00799373392685854,0.03166215572430328,1.0,1.0,0,1,0.75,72,0.24496877193450928,1.0,1.0,0.75,72,-0.26068749444352257,1.0,1.0,0.75,72,0.252489954026209,1.0,1.0,0.75,72,-0.23918704440196356,1.0,1.0
energy_s0.500_d0.750_v0.400_walk_p0.48.npz,2,0.4,0.75,0.5,0.48,walk,1,1,1,0.009069182762931989,1,0.4173994629551052,0.7765143125386086,47.579392138372434,88.16323237748767,0.7735595703125,0.75,0.0,0.4985688650566671,0.0014311349433329124,0.008353211037400696,0.008180509399001798,0.40303972239295643,0.003039722392956412,0.005044661299839304,0.00640869140625,0.006286872376788415,0.011075668036937714,0.008041240055009037,0.031868621517781644,1.0,1.0,0,1,0.75,72,0.24508477085166508,1.0,1.0,0.75,72,-0.2605668360160457,1.0,1.0,0.75,72,0.2522847323367993,1.0,1.0,0.75,72,-0.23920139090882409,1.0,1.0
energy_s0.500_d0.750_v0.400_walk_p0.48.npz,3,0.4,0.75,0.5,0.48,walk,1,1,1,0.008547165827752902,1,0.41808071365112087,0.7781243532316007,47.64885240326214,88.56700853231582,0.776031494140625,0.75,0.0,0.4986329205955068,0.00136707940449321,0.008418422451035844,0.008235168332854906,0.40447735600173473,0.004477356001734711,0.0067065422963985795,0.008514404296875,0.006248945352188587,0.010429294779896736,0.00819181784300823,0.03203430927869415,1.0,1.0,0,1,0.75,72,0.24519508559670714,1.0,1.0,0.75,72,-0.2608204471568267,1.0,1.0,0.75,72,0.2521819213612212,1.0,1.0,0.75,72,-0.23906838707625866,1.0,1.0
energy_s0.500_d0.750_v0.400_walk_p0.48.npz,4,0.4,0.75,0.5,0.48,walk,1,1,1,0.00792241263685394,1,0.4155640546967951,0.7688154632555797,47.48891405696126,87.8340031152425,0.7757365107536316,0.75,0.0,0.49852653137511677,0.001473468624883234,0.008519976296358638,0.008320514461956918,0.4044427704066038,0.004442770406603791,0.007501378037044522,0.0093231201171875,0.00546312115036502,0.009259192273020744,0.008296928950784205,0.03168220382492148,1.0,1.0,0,1,0.75,72,0.24508178875678116,1.0,1.0,0.75,72,-0.2609424636595779,1.0,1.0,0.75,72,0.2521763470851713,1.0,1.0,0.75,72,-0.2388524632487032,1.0,1.0
energy_s0.500_d0.750_v0.400_walk_p0.48.npz,5,0.4,0.75,0.5,0.48,walk,1,1,1,0.006968131908434757,1,0.41591857502904706,0.7699243675937253,47.46041622334657,87.86259743048554,0.7741928100585938,0.75,0.0,0.49857720060067046,0.001422799399329544,0.008519081036663718,0.008304310458091399,0.40350899286568165,0.003508992865681626,0.004363185449961076,0.006011962890625,0.00665516454336273,0.010554577223956585,0.008305210581729635,0.03166233802011089,1.0,1.0,0,1,0.75,72,0.24485009536147118,1.0,1.0,0.75,72,-0.2608288468586074,1.0,1.0,0.75,72,0.25243645782272023,1.0,1.0,0.75,72,-0.2390390011585421,1.0,1.0
energy_s0.500_d0.750_v0.400_walk_p0.48.npz,6,0.4,0.75,0.5,0.48,walk,1,1,1,0.010087379802330307,1,0.4154162683140778,0.7703395819943153,47.417820529300144,87.74250797504304,0.7733612060546875,0.75,0.0,0.4986226160286201,0.0013773839713798752,0.0083623508301874,0.008186352788470685,0.40303099776307744,0.0030309977630774143,0.002252362445737263,0.0037078857421875,0.006608327598609215,0.011017633602023125,0.00812760415952849,0.03183419652631104,1.0,1.0,0,1,0.75,72,0.24504335638549593,1.0,1.0,0.75,72,-0.260583789812194,1.0,1.0,0.75,72,0.2523808102640841,1.0,1.0,0.75,72,-0.2392372755954663,1.0,1.0
energy_s0.500_d0.750_v0.400_walk_p0.48.npz,7,0.4,0.75,0.5,0.48,walk,1,1,1,0.0071557712639807244,1,0.41718076394126247,0.7775366534766519,47.5271750962443,88.37350834363374,0.77447509765625,0.75,0.0,0.49865332897752523,0.0013466710224747658,0.008425545413047075,0.008239891574097177,0.40384209839006263,0.0038420983900626093,0.004795502317744297,0.00627899169921875,0.006900065106424453,0.010791672393679619,0.00812616561424015,0.03183235740120676,1.0,1.0,0,1,0.75,72,0.24503522449069554,1.0,1.0,0.75,72,-0.2607826598816448,1.0,1.0,0.75,72,0.2523296402974261,1.0,1.0,0.75,72,-0.23915913328528404,1.0,1.0
